line,line_dist_km,bathy_m
10,0,194.9
10,0.5,182.7
10,1,159.6
10,1.5,155.1
10,2,159.7
10,2.5,143.5
10,3,156.6
10,3.5,182.6
10,4,160.9
10,4.5,122.9
10,5,113
10,5.5,105.8
10,6,102
10,6.5,101.5
10,7,102.6
10,7.5,102.9
10,8,105
10,8.5,102.7
10,9.01,102.7
10,9.51,102.1
10,10.01,102.4
10,10.51,102.9
10,11.01,104.8
10,11.51,105.7
10,12.01,106
10,12.51,107.4
10,13.01,109.1
10,13.51,111
10,14.01,112.2
10,14.51,112.2
10,15.01,113.2
10,15.51,115.1
10,16.01,117.2
10,16.51,119.9
10,17.01,124.1
10,17.51,128.3
10,18.01,130.8
10,18.51,133.1
10,19.01,131.9
10,19.51,133.4
10,20.01,134.7
10,20.51,133.7
10,21.01,135.1
10,21.51,138
10,22.01,143.7
10,22.51,149.2
10,23.01,150.2
10,23.51,147.7
10,24.01,143.3
10,24.51,146.9
10,25.01,143.1
10,25.51,146.2
10,26.02,144.6
10,26.52,143.3
10,27.02,141.9
10,27.52,140.8
10,28.02,139.5
10,28.52,140.4
10,29.02,140.9
10,29.52,147.8
10,30.02,147.2
10,30.52,149.9
10,31.02,147.8
10,31.52,150.8
10,32.02,157
10,32.52,160.2
10,33.02,165.6
10,33.52,168.7
10,34.02,170.4
10,34.52,174.9
10,35.02,182.1
10,35.52,189.2
10,36.02,199.1
10,36.52,210.5
10,37.02,222.1
10,37.52,237.3
10,38.02,265.8
10,38.52,303.3
10,39.02,370.8
10,39.52,453.4
10,40.02,504.7
10,40.52,538
10,41.02,595.7
10,41.52,609.4
10,42.02,593.7
10,42.52,553.8
10,43.03,586.6
10,43.53,641.7
10,44.03,679.1
10,44.53,700.7
10,45.03,724.7
10,45.53,737.8
10,46.03,757.4
10,46.53,775.9
10,47.03,784
10,47.53,802.1
10,48.03,816
10,48.53,807.8
10,49.03,775.4
10,49.53,747.9
10,50.03,757.6
10,50.53,765.7
10,51.03,767.2
10,51.53,774.8
10,52.03,799.6
10,52.53,847.2
10,53.03,917.4
10,53.53,995.8
10,54.03,1052.4
10,54.53,1067.6
10,55.03,1048.6
10,55.53,1070.3
10,56.03,1150.2
10,56.53,1214.5
10,57.03,1274.7
10,57.53,1318
10,58.03,1350.3
10,58.53,1378.2
10,59.03,1409
10,59.53,1425.9
10,60.04,1410
10,60.54,1376.2
10,61.04,1368.9
10,61.54,1401.3
10,62.04,1422.1
10,62.54,1432.4
10,63.04,1434.2
10,63.54,1443.1
10,64.04,1450.5
10,64.54,1459.4
10,65.04,1464.4
10,65.54,1470.2
10,66.04,1501.8
10,66.54,1516.7
10,67.04,1524.4
10,67.54,1532
10,68.04,1536.9
10,68.54,1537.7
10,69.04,1537.3
10,69.54,1536.8
10,70.04,1536.1
10,70.54,1534.6
10,71.04,1530.8
10,71.54,1524.4
10,72.04,1541.5
10,72.54,1570.2
10,73.04,1597.2
10,73.54,1618.4
10,74.04,1633.1
10,74.54,1654.5
10,75.04,1675.3
10,75.54,1699.4
10,76.04,1733.8
10,76.54,1769.8
10,77.05,1803.5
10,77.55,1826.7
10,78.05,1846.9
10,78.55,1853.7
10,79.05,1855.5
10,79.55,1854.7
10,80.05,1846.9
10,80.55,1813.8
10,81.05,1770
10,81.55,1768.3
10,82.05,1782.1
10,82.55,1784.3
10,83.05,1792.2
10,83.55,1800.3
10,84.05,1809
10,84.55,1805.8
10,85.05,1741.2
10,85.55,1672.6
10,86.05,1745.4
10,86.55,1805.5
10,87.05,1823.4
10,87.55,1831.7
10,88.05,1834.6
10,88.55,1827.6
10,89.05,1800.7
10,89.55,1795
10,90.05,1812.7
10,90.55,1829.8
10,91.05,1847.5
10,91.55,1883
10,92.05,1898.1
10,92.55,1873.7
10,93.05,1810.3
10,93.55,1730.7
10,94.06,1641.4
10,94.56,1573.7
10,95.06,1575
10,95.56,1624.5
10,96.06,1747.4
10,96.56,1825.3
10,97.06,1911.4
10,97.56,2015.4
10,98.06,2075.5
10,98.56,2105.7
10,99.06,2133.9
10,99.56,2163
10,100.06,2187.8
10,100.56,2213.3
10,101.06,2229.3
10,101.56,2231.4
10,102.06,2231.2
10,102.56,2229.5
10,103.06,2226.3
10,103.56,2224.3
10,104.06,2231.6
10,104.56,2240.3
10,105.06,2244.7
10,105.56,2248.5
10,106.06,2250.1
10,106.56,2247
10,107.06,2244
10,107.56,2243.2
10,108.06,2244
10,108.56,2243.2
10,109.06,2257.9
10,109.56,2274
10,110.06,2281.1
10,110.56,2281.4
10,111.07,2274.7
10,111.57,2255.6
10,112.07,2238.9
10,112.57,2228.7
10,113.07,2214.5
10,113.57,2219
10,114.07,2232.2
10,114.57,2246.6
10,115.07,2264.4
10,115.57,2279.4
10,116.07,2274.3
10,116.57,2264.1
10,117.07,2261.2
10,117.57,2260.5
10,118.07,2261.2
10,118.57,2261.6
10,119.07,2264.8
10,119.57,2268.1
10,120.07,2270.2
10,120.57,2271.5
10,121.07,2270.7
10,121.57,2268.8
10,122.07,2267.5
10,122.57,2268.3
10,123.07,2279.9
10,123.57,2289.7
10,124.07,2292.7
10,124.57,2302
10,125.07,2315.4
10,125.57,2328.6
10,126.07,2334.1
10,126.57,2345.7
10,127.07,2352.7
10,127.57,2359.6
10,128.08,2374.3
10,128.58,2388.1
10,129.08,2396
10,129.58,2393.1
10,130.08,2390
10,130.58,2396.9
10,131.08,2405.1
10,131.58,2405.9
10,132.08,2405.5
10,132.58,2402.4
10,133.08,2404
10,133.58,2406.1
10,134.08,2407.5
10,134.58,2408.9
10,135.08,2413
10,135.58,2412.8
10,136.08,2415.3
10,136.58,2425.6
10,137.08,2429.3
10,137.58,2426.8
10,138.08,2425.5
10,138.58,2424.5
10,139.08,2420.7
10,139.58,2418.7
10,140.08,2420.7
10,140.58,2425
10,141.08,2428.5
10,141.58,2438.2
10,142.08,2449
10,142.58,2456
10,143.08,2457.2
10,143.58,2458.5
10,144.08,2459.9
10,144.58,2457.6
10,145.09,2461.1
10,145.59,2465.2
10,146.09,2471.3
10,146.59,2474
10,147.09,2473.4
10,147.59,2472.6
10,148.09,2471.1
10,148.59,2473.9
10,149.09,2481.3
10,149.59,2484.6
10,150.09,2481.9
10,150.59,2480.6
10,151.09,2482.6
10,151.59,2485.3
10,152.09,2488.3
10,152.59,2490.8
10,153.09,2494.5
10,153.59,2498.2
10,154.09,2500
10,154.59,2501.8
10,155.09,2502.3
10,155.59,2504.4
10,156.09,2506.9
10,156.59,2511.8
10,157.09,2514.1
10,157.59,2511.7
10,158.09,2508.1
10,158.59,2507.6
10,159.09,2511
10,159.59,2515
10,160.09,2516.4
10,160.59,2517.5
10,161.09,2517
10,161.59,2514.2
10,162.09,2514.7
10,162.59,2515.2
10,163.1,2517.1
10,163.6,2519.5
10,164.1,2521.6
10,164.6,2522.6
10,165.1,2523.5
10,165.6,2524.3
10,166.1,2524.3
10,166.6,2524
10,167.1,2524.4
10,167.6,2525.5
10,168.1,2526.8
10,168.6,2527.7
10,169.1,2529
10,169.6,2527.8
10,170.1,2526.5
10,170.6,2527.5
10,171.1,2531.9
10,171.6,2538.6
10,172.1,2544.3
10,172.6,2546.9
10,173.1,2551.7
10,173.6,2554.7
10,174.1,2558.3
10,174.6,2561.8
10,175.1,2563.5
10,175.6,2565.2
10,176.1,2565.8
10,176.6,2564.6
10,177.1,2561.5
10,177.6,2563.8
10,178.1,2565.5
10,178.6,2566.9
10,179.1,2567.6
10,179.6,2569.4
10,180.1,2569.2
10,180.6,2568
10,181.1,2565.4
10,181.6,2562.2
10,182.11,2564.1
10,182.61,2573.4
10,183.11,2580.8
10,183.61,2590
10,184.11,2593.2
10,184.61,2596.9
10,185.11,2600.6
10,185.61,2603.7
10,186.11,2606.9
10,186.61,2608.2
10,187.11,2608
10,187.61,2609.5
10,188.11,2611.6
10,188.61,2613.8
10,189.11,2615.2
10,189.61,2617
10,190.11,2618.8
10,190.61,2621.7
10,191.11,2624.5
10,191.61,2625.4
10,192.11,2626.7
10,192.61,2627.4
10,193.11,2629.3
10,193.61,2632.2
10,194.11,2639.1
10,194.61,2647.1
10,195.11,2652.1
10,195.61,2655
10,196.11,2656.6
10,196.61,2657.9
10,197.11,2659.5
10,197.61,2661.5
10,198.11,2662.3
10,198.61,2662.8
10,199.11,2664
10,199.61,2664.2
10,200.11,2664
10,200.62,2664.1
10,201.12,2664.7
10,201.62,2666
10,202.12,2668.7
10,202.62,2670.6
10,203.12,2672.6
10,203.62,2673.5
10,204.12,2673.1
10,204.62,2672.2
10,205.12,2673.4
10,205.62,2673.8
10,206.12,2672.5
10,206.62,2667
10,207.12,2663
10,207.62,2660.7
10,208.12,2661.8
10,208.62,2662.7
10,209.12,2664.4
10,209.62,2665
10,210.12,2666.4
10,210.62,2667.5
10,211.12,2669.2
10,211.62,2670.3
10,212.12,2672
10,212.62,2673.6
10,213.12,2674.2
10,213.62,2674.7
10,214.12,2675.7
10,214.62,2675.2
10,215.12,2682.9
10,215.62,2688.9
10,216.12,2686.4
10,216.62,2678
10,217.12,2678
10,217.62,2678
10,218.12,2677.9
10,218.62,2678.9
10,219.12,2679.7
10,219.63,2679.5
10,220.13,2679.2
10,220.63,2681.1
10,221.13,2681.2
10,221.63,2681.4
10,222.13,2681.1
10,222.63,2681.4
10,223.13,2680
10,223.63,2680.5
10,224.13,2680.9
10,224.63,2681.2
10,225.13,2682.7
10,225.63,2682.7
10,226.13,2682
10,226.63,2682.2
10,227.13,2682.3
10,227.63,2682.9
10,228.13,2683
10,228.63,2693.4
10,229.13,2689.8
10,229.63,2689.7
10,230.13,2684.3
10,230.63,2679.9
10,231.13,2688.6
10,231.63,2693
10,232.13,2689.9
10,232.63,2690.6
10,233.13,2690.1
10,233.63,2691.5
10,234.13,2703
10,234.63,2712.1
10,235.13,2715.4
10,235.63,2716.7
10,236.13,2711
10,236.63,2705.9
10,237.13,2697.7
10,237.63,2695.3
10,238.14,2696.9
10,238.64,2699.2
10,239.14,2702.9
10,239.64,2706.7
10,240.14,2708.3
10,240.64,2710.3
10,241.14,2711.7
10,241.64,2707.9
10,242.14,2702.3
10,242.64,2699.8
10,243.14,2698.5
10,243.64,2697.9
10,244.14,2697.8
10,244.64,2698.4
10,245.14,2699.6
10,245.64,2700.8
10,246.14,2700.8
10,246.64,2703.2
10,247.14,2705.8
10,247.64,2703.8
10,248.14,2702.5
10,248.64,2702
10,249.14,2701.2
10,249.64,2701
10,250.14,2701.5
10,250.64,2702.7
10,251.14,2703.1
10,251.64,2704
10,252.14,2704.8
10,252.64,2706.3
10,253.14,2707.4
10,253.64,2708.6
10,254.14,2708.6
10,254.64,2709.6
10,255.14,2710.7
10,255.64,2710.6
10,256.14,2709.9
10,256.64,2709.4
10,257.15,2710
10,257.65,2709.1
10,258.15,2708.2
10,258.65,2708.5
10,259.15,2707.9
10,259.65,2706.4
10,260.15,2703.5
10,260.65,2703.3
10,261.15,2702.7
10,261.65,2703.6
10,262.15,2703.9
10,262.65,2704
10,263.15,2704.1
10,263.65,2703.8
10,264.15,2703.5
10,264.65,2703.9
10,265.15,2702.7
10,265.65,2702.4
10,266.15,2704.3
10,266.65,2706.1
10,267.15,2707.9
10,267.65,2707.7
10,268.15,2702.5
10,268.65,2701
10,269.15,2702.3
10,269.65,2703.6
10,270.15,2707
10,270.65,2707.3
10,271.15,2706.4
10,271.65,2707.1
10,272.15,2710.3
10,272.65,2718.5
10,273.15,2721.1
10,273.65,2721
10,274.15,2720.3
10,274.65,2720.9
10,275.15,2725.3
10,275.66,2726.7
10,276.16,2726.3
10,276.66,2726.2
10,277.16,2726.2
10,277.66,2758.1
10,278.16,2757.6
10,278.66,2752.2
10,279.16,2754.5
10,279.66,2752.3
10,280.16,2745.3
10,280.66,2743
10,281.16,2737.2
10,281.66,2730.7
10,282.16,2725.7
10,282.66,2724.8
10,283.16,2724.7
10,283.66,2724.2
10,284.16,2724
10,284.66,2724
10,285.16,2725.1
10,285.66,2726.1
10,286.16,2726.9
10,286.66,2728.4
10,287.16,2730.5
10,287.66,2731
10,288.16,2731.8
10,288.66,2733
10,289.16,2735.6
10,289.66,2737.8
10,290.16,2738.5
10,290.66,2739.7
10,291.16,2738.3
10,291.66,2736.9
10,292.16,2736.3
10,292.66,2735.3
10,293.16,2735
10,293.66,2736.1
10,294.16,2735.9
10,294.67,2736.7
10,295.17,2735.5
10,295.67,2735.4
10,296.17,2735.3
10,296.67,2735.9
10,297.17,2735.5
10,297.67,2734.3
10,298.17,2734.6
10,298.67,2734.8
10,299.17,2734.3
10,299.67,2734.5
10,300.17,2735.6
10,300.67,2734.3
10,301.17,2736.1
10,301.67,2736.5
10,302.17,2736.8
10,302.67,2739.2
10,303.17,2740.8
10,303.67,2740.7
10,304.17,2739.9
10,304.67,2737.2
10,305.17,2734.1
10,305.67,2733.7
10,306.17,2730.1
10,306.67,2727.4
10,307.17,2726.3
10,307.67,2716.9
10,308.17,2705.5
10,308.67,2700.4
10,309.17,2689.5
10,309.67,2689
10,310.17,2684.1
10,310.67,2679.2
10,311.17,2674.3
10,311.67,2673.5
10,312.17,2673.4
10,312.67,2674.6
10,313.17,2675
10,313.67,2675.9
10,314.17,2676.8
10,314.67,2680.4
10,315.18,2677.7
10,315.68,2675.1
10,316.18,2680.7
10,316.68,2672.5
10,317.18,2675.1
10,317.68,2669
10,318.18,2671.3
10,318.68,2669.9
10,319.18,2672.8
10,319.68,2670.2
10,320.18,2668.7
10,320.68,2667.6
10,321.18,2669.5
10,321.68,2670.3
10,322.18,2676.2
10,322.68,2681.6
10,323.18,2685.9
10,323.68,2689.8
10,324.18,2692.4
10,324.68,2694
10,325.18,2694.3
10,325.68,2693.5
10,326.18,2690.1
10,326.68,2687.8
10,327.18,2685.8
10,327.68,2678.6
10,328.18,2671.1
10,328.68,2665.2
10,329.18,2653.8
10,329.68,2640.4
10,330.18,2635.5
10,330.68,2642.9
10,331.18,2648.2
10,331.68,2649.4
10,332.18,2648
10,332.68,2646.3
10,333.18,2644.5
10,333.68,2640.9
10,334.18,2637.7
10,334.68,2635.8
10,335.18,2631.8
10,335.68,2627.3
10,336.19,2629.7
10,336.69,2635.5
10,337.19,2644.4
10,337.69,2650.1
10,338.19,2650.6
10,338.69,2649.7
10,339.19,2650.8
10,339.69,2649.6
10,340.19,2636.3
10,340.69,2628.1
10,341.19,2621.3
10,341.69,2609.9
10,342.19,2602.1
10,342.69,2595.3
10,343.19,2595.8
10,343.69,2602.2
10,344.19,2579.2
10,344.69,2554.5
10,345.19,2615.9
10,345.69,2628.5
10,346.19,2620.2
10,346.69,2599.7
10,347.19,2579.7
10,347.69,2565.9
10,348.19,2584.9
10,348.69,2600.6
10,349.19,2588.7
10,349.69,2588.1
10,350.19,2605.3
10,350.69,2634.4
10,351.19,2664.2
10,351.69,2671.7
10,352.19,2669.6
10,352.69,2666
10,353.19,2668.9
10,353.69,2672.4
10,354.19,2670.2
10,354.69,2672.3
10,355.19,2671.3
10,355.69,2667.3
10,356.19,2666.7
10,356.7,2666.7
10,357.2,2666.8
10,357.7,2648.6
10,358.2,2637.3
10,358.7,2633.1
10,359.2,2619.9
10,359.7,2613.8
10,360.2,2610.9
10,360.7,2597.9
10,361.2,2544.3
10,361.7,2481.1
10,362.2,2442
10,362.7,2400.2
10,363.2,2398
10,363.7,2414.4
10,364.2,2434.5
10,364.7,2455.2
10,365.2,2455.7
10,365.7,2440.1
10,366.2,2464.3
10,366.7,2493.2
10,367.2,2513.1
10,367.7,2537.6
10,368.2,2576.3
10,368.7,2598.6
10,369.2,2609.6
10,369.7,2610
10,370.2,2597.3
10,370.7,2574.6
10,371.2,2555.3
10,371.7,2547.4
10,372.2,2543.8
10,372.7,2530.8
10,373.2,2504.7
10,373.7,2519.8
10,374.2,2546.8
10,374.7,2559.7
10,375.2,2599
10,375.7,2601.8
10,376.2,2572.6
10,376.7,2548.1
10,377.2,2540.3
10,377.71,2543.7
10,378.21,2460.1
10,378.71,2340.6
10,379.21,2381.7
10,379.71,2478.4
10,380.21,2547.9
10,380.71,2582.8
10,381.21,2597.4
10,381.71,2602.9
10,382.21,2591.4
10,382.71,2600.3
10,383.21,2627.3
10,383.71,2634.1
10,384.21,2631.3
10,384.71,2638.9
10,385.21,2644.9
10,385.71,2642.7
10,386.21,2644
10,386.71,2655.7
10,387.21,2670.3
10,387.71,2669.9
10,388.21,2665.6
10,388.71,2646
10,389.21,2609
10,389.71,2602.6
10,390.21,2606.8
10,390.71,2612.6
10,391.21,2613.8
10,391.71,2617.8
10,392.21,2586
10,392.71,2528.6
10,393.21,2531.3
10,393.71,2594.9
10,394.21,2614.9
10,394.71,2625.5
10,395.21,2618.2
10,395.71,2657.9
10,396.21,2695.6
10,396.71,2717.2
10,397.21,2743
10,397.71,2727.7
10,398.21,2707.3
10,398.72,2695.6
10,399.22,2719.9
10,399.72,2751.1
10,400.22,2739.5
10,400.72,2702.1
10,401.22,2644.5
10,401.72,2606.1
10,402.22,2617.9
10,402.72,2696.6
10,403.22,2746.6
10,403.72,2720.4
10,404.22,2681.5
10,404.72,2698.6
10,405.22,2705.4
10,405.72,2660
10,406.22,2599.4
10,406.72,2561.4
10,407.22,2577.5
10,407.72,2601.2
10,408.22,2601.6
10,408.72,2600.2
10,409.22,2583.6
10,409.72,2582
10,410.22,2621.1
10,410.72,2637.8
10,411.22,2626.8
10,411.72,2645.5
10,412.22,2645.6
10,412.72,2625.3
10,413.22,2568.9
10,413.72,2566.4
10,414.22,2584.2
10,414.72,2524.3
10,415.22,2379.6
10,415.72,2255.3
10,416.22,2238
10,416.72,2298.6
10,417.22,2326.3
10,417.72,2387
10,418.22,2474.8
10,418.72,2518.9
10,419.23,2527.2
10,419.73,2551
10,420.23,2588.9
10,420.73,2615.4
10,421.23,2623.9
10,421.73,2611.4
10,422.23,2589
10,422.73,2570.7
10,423.23,2517.6
10,423.73,2488
10,424.23,2504.2
10,424.73,2499
10,425.23,2458.5
10,425.73,2471.3
10,426.23,2475.5
10,426.73,2450.8
10,427.23,2432.3
10,427.73,2396.9
10,428.23,2388.7
10,428.73,2380.5
10,429.23,2395.2
10,429.73,2415.9
10,430.23,2413.4
10,430.73,2399.2
10,431.23,2352
10,431.73,2368.3
10,432.23,2420.9
10,432.73,2425.2
10,433.23,2434.1
10,433.73,2428.6
10,434.23,2383.7
10,434.73,2316.6
10,435.23,2286.9
10,435.73,2256.7
10,436.23,2211.3
10,436.73,2173.1
10,437.23,2171.9
10,437.73,2178.4
10,438.23,2132.9
10,438.73,2141.2
10,439.23,2143.9
10,439.73,2099.3
10,440.24,2063.8
10,440.74,2044.8
10,441.24,2009.2
10,441.74,1957.2
10,442.24,1933.8
10,442.74,1921.8
10,443.24,1916.2
10,443.74,1907.9
10,444.24,1884.4
10,444.74,1824.5
10,445.24,1695.5
10,445.74,1666.5
10,446.24,1710.6
10,446.74,1688.8
10,447.24,1659.7
10,447.74,1678.2
10,448.24,1694.5
10,448.74,1686.8
10,449.24,1666
10,449.74,1639.5
10,450.24,1604.3
10,450.74,1543.4
10,451.24,1497.9
10,451.74,1479.4
10,452.24,1482.5
10,452.74,1493.1
10,453.24,1483.5
10,453.74,1469
10,454.24,1417.8
10,454.74,1271.6
10,455.24,1238.4
10,455.74,1262.3
10,456.24,1276.4
10,456.74,1243.7
10,457.24,1225
10,457.74,1235.9
10,458.24,1237.5
10,458.74,1273.1
10,459.24,1329.1
10,459.74,1363.8
10,460.24,1382.3
10,460.74,1405
10,461.24,1494.7
10,461.74,1587.3
10,462.24,1623.2
10,462.74,1658.1
10,463.24,1692
10,463.75,1687.7
10,464.25,1714.2
10,464.75,1804.6
10,465.25,1933.1
10,465.75,1982.3
10,466.25,2004
10,466.75,2031.1
10,467.25,2117.4
10,467.75,2208.3
10,468.25,2275.8
10,468.75,2331.6
10,469.25,2369.6
10,469.75,2422.7
10,470.25,2505.3
10,470.75,2556.4
10,471.25,2589.1
10,471.75,2623.8
10,472.25,2654.2
10,472.75,2677
10,473.25,2695.9
10,473.75,2743.8
10,474.25,2780.5
10,474.75,2790
10,475.25,2800.6
10,475.75,2836.4
10,476.25,2862.6
10,476.75,2872.9
10,477.25,2874.3
10,477.75,2869
10,478.25,2862.2
10,478.75,2857.2
10,479.25,2862.7
10,479.75,2887
10,480.25,2889.1
10,480.75,2884.8
10,481.25,2882
10,481.75,2881.1
10,482.25,2878.5
10,482.75,2877
10,483.25,2877.2
10,483.75,2876.4
10,484.25,2875.5
10,484.75,2877.4
10,485.25,2878.4
10,485.75,2874.1
10,486.25,2858.3
10,486.75,2856.1
10,487.26,2863.1
10,487.76,2870.1
10,488.26,2878.2
10,488.76,2876.9
10,489.26,2877
10,489.76,2881.5
10,490.26,2882
10,490.76,2886.4
10,491.26,2891.8
10,491.76,2905.1
10,492.26,2916.8
10,492.76,2928
10,493.26,2927.6
10,493.76,2923.3
10,494.26,2917.3
10,494.76,2909.1
10,495.26,2896.7
10,495.76,2887.3
10,496.26,2880.4
10,496.76,2870.2
10,497.26,2859.4
10,497.76,2843.2
10,498.26,2829.3
10,498.76,2824.5
10,499.26,2819.3
10,499.76,2813.1
10,500.26,2807.1
10,500.76,2803.3
10,501.26,2800.7
10,501.76,2798.3
10,502.26,2801.2
10,502.76,2804.5
10,503.26,2807.2
10,503.76,2808.2
10,504.26,2795.2
10,504.76,2777
10,505.26,2763.7
10,505.76,2755.5
10,506.26,2748.2
10,506.76,2745.5
10,507.26,2746.1
10,507.76,2747
10,508.26,2747.4
10,508.76,2743.3
10,509.26,2737.1
10,509.76,2729.7
10,510.26,2724.2
10,510.76,2719.3
10,511.27,2712
10,511.77,2701.6
10,512.27,2690
10,512.77,2678.5
10,513.27,2666.1
10,513.77,2653.3
10,514.27,2639.3
10,514.77,2626.4
10,515.27,2613.9
10,515.77,2602.5
10,516.27,2590.6
10,516.77,2578.4
10,517.27,2564.7
10,517.77,2548.6
10,518.27,2531.9
10,518.77,2516.1
10,519.27,2500.7
10,519.77,2486.3
10,520.27,2475
10,520.77,2458.7
10,521.27,2444.4
10,521.77,2417.9
10,522.27,2384.6
10,522.77,2352.1
10,523.27,2324.9
10,523.77,2299.8
10,524.27,2279.7
10,524.77,2267.9
10,525.27,2265.8
10,525.77,2274.6
10,526.27,2299.8
10,526.77,2340.7
10,527.27,2393.4
10,527.77,2454.8
10,528.27,2515.5
10,528.77,2572.1
10,529.27,2622.5
10,529.77,2662
10,530.27,2690.5
10,530.77,2710.7
10,531.27,2722.2
10,531.77,2726.3
10,532.27,2724.7
10,532.77,2720.9
10,533.27,2715.7
10,533.77,2716.7
10,534.27,2719.4
10,534.77,2721.9
10,535.28,2738.4
10,535.78,2753.3
10,536.28,2763.1
10,536.78,2771.8
10,537.28,2785.4
10,537.78,2801.7
10,538.28,2828.9
10,538.78,2859.6
10,539.28,2894.6
10,539.78,2940.1
10,540.28,2986.4
10,540.78,3030.2
10,541.28,3066.4
10,541.78,3096.2
10,542.28,3122.1
10,542.78,3142.3
10,543.28,3158.5
10,543.78,3171.8
10,544.28,3174.4
10,544.78,3170.1
10,545.28,3164
10,545.78,3160.1
10,546.28,3160
10,546.78,3161.8
10,547.28,3161.4
10,547.78,3156.8
10,548.28,3153.4
10,548.78,3153.7
10,549.28,3150.6
10,549.78,3140.5
10,550.28,3127.7
10,550.78,3112.6
10,551.28,3094.8
10,551.78,3076.9
10,552.28,3054.9
10,552.78,3029.3
10,553.28,3005.7
10,553.78,2992.8
10,554.28,2983.2
10,554.78,2989.5
10,555.28,3008
10,555.78,3029.9
10,556.28,3053.9
10,556.78,3075.4
10,557.28,3094.8
10,557.78,3113.8
10,558.28,3130.7
10,558.78,3145.7
10,559.29,3160.3
10,559.79,3173.6
10,560.29,3185.8
10,560.79,3191.8
10,561.29,3194.3
10,561.79,3195.9
10,562.29,3198.1
10,562.79,3200.4
10,563.29,3202.7
10,563.79,3203.6
10,564.29,3204
10,564.79,3203
10,565.29,3200.8
10,565.79,3194.1
10,566.29,3185
10,566.79,3173.2
10,567.29,3162.3
10,567.79,3151.9
10,568.29,3135.9
10,568.79,3120.3
10,569.29,3107.1
10,569.79,3097.8
10,570.29,3091.8
10,570.79,3087.3
10,571.29,3090
10,571.79,3099.5
10,572.29,3110.1
10,572.79,3117.9
10,573.29,3125.4
10,573.79,3132.6
10,574.29,3145.4
10,574.79,3162.2
10,575.29,3179.7
10,575.79,3198.9
10,576.29,3219.3
10,576.79,3232.9
10,577.29,3205.6
10,577.79,3129
10,578.29,3050.1
10,578.79,3037.1
10,579.29,3051.2
10,579.79,3064.1
10,580.29,3046.9
10,580.79,3009
10,581.29,2965.5
10,581.79,2923.9
10,582.29,2891.8
10,582.8,2877.3
10,583.3,2889.3
10,583.8,2911
10,584.3,2943.1
10,584.8,2987.7
10,585.3,3035.3
10,585.8,3082
10,586.3,3124.3
10,586.8,3155.8
10,587.3,3183.2
10,587.8,3207.1
10,588.3,3227.8
10,588.8,3249.1
10,589.3,3262.4
10,589.8,3276.6
10,590.3,3290.7
10,590.8,3301.2
10,591.3,3316.5
10,591.8,3340.6
10,592.3,3320.3
10,592.8,3293.3
10,593.3,3302.5
10,593.8,3382
10,594.3,3406.1
10,594.8,3396.6
10,595.3,3398.9
10,595.8,3403.4
10,596.3,3404
10,596.8,3400.3
10,597.3,3390.1
10,597.8,3399.7
10,598.3,3431.1
10,598.8,3439.6
10,599.3,3408.9
10,599.8,3388.7
10,600.3,3370.6
10,600.8,3367.7
10,601.3,3403.1
10,601.8,3472.4
10,602.3,3509
10,602.8,3528.6
10,603.3,3536.3
10,603.8,3538.3
10,604.3,3585.8
10,604.8,3611
10,605.3,3617.9
10,605.8,3619.3
10,606.3,3619.5
10,606.8,3619.9
10,607.3,3618.5
10,607.8,3619.2
10,608.3,3620.3
10,608.8,3615.7
10,609.31,3604.8
10,609.81,3602.1
10,610.31,3606.5
10,610.81,3606.9
10,611.31,3607.3
10,611.81,3605.3
10,612.31,3601.6
10,612.81,3604.6
10,613.31,3591.4
10,613.81,3567.4
10,614.31,3560.8
10,614.81,3536.5
10,615.31,3523.1
10,615.81,3506.5
10,616.31,3498.3
10,616.81,3526.6
10,617.31,3585.5
10,617.81,3596
10,618.31,3593.2
10,618.81,3599
10,619.31,3595.8
10,619.81,3589.2
10,620.31,3584.5
10,620.81,3582.7
10,621.31,3589.6
10,621.81,3597.7
10,622.31,3604.3
10,622.81,3610.1
10,623.31,3616.8
10,623.81,3625.4
10,624.31,3629.7
10,624.81,3637.2
10,625.31,3653.4
10,625.81,3664
10,626.31,3682.6
10,626.81,3694.9
10,627.31,3705
10,627.81,3715.4
10,628.31,3712.3
10,628.81,3705.8
10,629.31,3697
10,629.81,3682.4
10,630.31,3666.4
10,630.81,3649.9
10,631.31,3633.7
10,631.81,3615.8
10,632.31,3597.8
10,632.81,3579.7
10,633.31,3559.8
10,633.81,3540.6
10,634.31,3521.1
10,634.81,3502.3
10,635.31,3484.3
10,635.81,3467.7
10,636.31,3451
10,636.81,3433.9
10,637.32,3418.7
10,637.82,3403.3
10,638.32,3388.3
10,638.82,3373.3
10,639.32,3361.3
10,639.82,3356.9
10,640.32,3378.4
10,640.82,3407.7
10,641.32,3434.2
10,641.82,3463.9
10,642.32,3485.4
10,642.82,3498.7
10,643.32,3505.1
10,643.82,3501.5
10,644.32,3488.3
10,644.82,3465.3
10,645.32,3439.8
10,645.82,3399.9
10,646.32,3335.9
10,646.82,3249.6
10,647.32,3161.7
10,647.82,3086.1
10,648.32,3006.3
10,648.82,2918.9
10,649.32,2881.3
10,649.82,2887.5
10,650.32,2988.5
10,650.82,3157.8
10,651.32,3352.2
10,651.82,3542.6
10,652.32,3655.9
10,652.82,3686.5
10,653.32,3701.4
10,653.82,3712.2
10,654.32,3722
10,654.82,3729.3
10,655.32,3723.3
10,655.82,3712.4
10,656.32,3717.9
10,656.82,3715.1
10,657.32,3714.6
10,657.82,3713.6
10,658.32,3711.1
10,658.82,3708.3
10,659.32,3705.7
10,659.82,3703.5
10,660.32,3700.4
10,660.82,3699
10,661.32,3698
10,661.82,3697.5
10,662.32,3697.3
10,662.82,3693.4
10,663.32,3689.3
10,663.82,3686.9
10,664.32,3685.5
10,664.82,3685.5
10,665.33,3686.9
10,665.83,3688.3
10,666.33,3689
10,666.83,3688.6
10,667.33,3686.1
10,667.83,3686.1
10,668.33,3686
10,668.83,3687.6
10,669.33,3689.7
10,669.83,3691.9
10,670.33,3692.4
10,670.83,3692.1
10,671.33,3693.4
10,671.83,3695.4
10,672.33,3695.9
10,672.83,3697
10,673.33,3693.3
10,673.83,3690.6
10,674.33,3689.7
10,674.83,3693.5
10,675.33,3700.3
10,675.83,3707.9
10,676.33,3715.7
10,676.83,3721.1
10,677.33,3725.1
10,677.83,3728
10,678.33,3727.1
10,678.83,3726.2
10,679.33,3725
10,679.83,3724.7
10,680.33,3723.5
10,680.83,3722.1
10,681.33,3716.9
10,681.83,3710.6
10,682.33,3700.8
10,682.83,3685.9
10,683.33,3666.9
10,683.83,3648.8
10,684.33,3637.8
10,684.83,3628.9
10,685.33,3620.3
10,685.83,3612.1
10,686.33,3607.8
10,686.83,3607.8
10,687.33,3612
10,687.83,3619.7
10,688.33,3630.5
10,688.83,3645.4
10,689.33,3662.5
10,689.83,3679.8
10,690.33,3694.2
10,690.83,3706.2
10,691.33,3710.2
10,691.83,3708
10,692.33,3706.6
10,692.83,3704.7
10,693.34,3702.8
10,693.84,3701.6
10,694.34,3701.8
10,694.84,3701.4
10,695.34,3700.8
10,695.84,3699.2
10,696.34,3697.2
10,696.84,3694.9
10,697.34,3693.1
10,697.84,3692.7
10,698.34,3694.2
10,698.84,3697.5
10,699.34,3701.6
10,699.84,3707.7
10,700.34,3715.1
10,700.84,3723.1
10,701.34,3731.1
10,701.84,3737.9
10,702.34,3744.2
10,702.84,3749.8
10,703.34,3755
10,703.84,3759.1
10,704.34,3763.6
10,704.84,3768.5
10,705.34,3773.6
10,705.84,3777.3
10,706.34,3781.2
10,706.84,3781.8
10,707.34,3781
10,707.84,3775.6
10,708.34,3762.3
10,708.84,3744.5
10,709.34,3722.8
10,709.84,3700.4
10,710.34,3675.7
10,710.84,3645.1
10,711.34,3615.2
10,711.84,3589.9
10,712.34,3570.8
10,712.84,3554.2
10,713.34,3542.2
10,713.84,3535.6
10,714.34,3519.3
10,714.84,3506.5
10,715.34,3503.8
10,715.84,3513.1
10,716.34,3529.7
10,716.84,3562.9
10,717.34,3584.2
10,717.84,3663
10,718.34,3740.8
10,718.84,3799.1
10,719.34,3835.4
10,719.84,3857.8
10,720.34,3865.7
10,720.85,3868.1
10,721.35,3867.3
10,721.85,3863.9
10,722.35,3862
10,722.85,3857.2
10,723.35,3858.1
10,723.85,3858.7
10,724.35,3858.3
10,724.85,3854.5
10,725.35,3852.8
10,725.85,3852.7
10,726.35,3844.8
10,726.85,3841
10,727.35,3841.3
10,727.85,3841.9
10,728.35,3842
10,728.85,3842.5
10,729.35,3842.4
10,729.85,3842.3
10,730.35,3844.3
10,730.85,3845.4
10,731.35,3845.5
10,731.85,3846.8
10,732.35,3847.1
10,732.85,3846.5
10,733.35,3845.2
10,733.85,3849.7
10,734.35,3863.5
10,734.85,3876.8
10,735.35,3885.1
10,735.85,3886.7
10,736.35,3883.8
10,736.85,3877.8
10,737.35,3872.2
10,737.85,3868
10,738.35,3863.9
10,738.85,3859.6
10,739.35,3857.4
10,739.85,3856.2
10,740.35,3849.8
20,0,4.5
20,0.5,4
20,1,3.5
20,1.5,3
20,2,1.9
20,2.5,1
20,3,1
20,3.5,0.6
20,4,0
20,4.5,0
20,5,0
20,5.5,0
20,6,0
20,6.5,0
20,7,0
20,7.5,0
20,8,0
20,8.5,3.8
20,9,6.4
20,9.5,7.4
20,10,7
20,10.5,7.5
20,11,8.8
20,11.51,10.4
20,12.01,13.1
20,12.51,14.9
20,13.01,16.3
20,13.51,17.6
20,14.01,19
20,14.51,20.7
20,15.01,22.7
20,15.51,23.1
20,16.01,24.8
20,16.51,26.7
20,17.01,28.2
20,17.51,29.5
20,18.01,29.9
20,18.51,31
20,19.01,31.6
20,19.51,33
20,20.01,34.3
20,20.51,35.7
20,21.01,37
20,21.51,38.4
20,22.01,40.4
20,22.51,42.3
20,23.01,44.5
20,23.51,46.7
20,24.01,48.2
20,24.51,50.3
20,25.01,51.9
20,25.51,54.3
20,26.01,56.3
20,26.51,58
20,27.01,59.8
20,27.51,62.2
20,28.01,64.1
20,28.51,66.3
20,29.01,67.8
20,29.51,69.2
20,30.01,70.7
20,30.51,72.7
20,31.01,73.2
20,31.51,74.6
20,32.01,76.9
20,32.51,78.3
20,33.01,80.2
20,33.51,82.1
20,34.01,84.3
20,34.52,89.9
20,35.02,93.8
20,35.52,95.6
20,36.02,96.7
20,36.52,96.4
20,37.02,98.3
20,37.52,104.6
20,38.02,106.1
20,38.52,109.5
20,39.02,111.9
20,39.52,112.8
20,40.02,114.4
20,40.52,116.5
20,41.02,115.6
20,41.52,118
20,42.02,123.8
20,42.52,126.7
20,43.02,129.3
20,43.52,129.2
20,44.02,129
20,44.52,128.3
20,45.02,128.9
20,45.52,130.9
20,46.02,132.7
20,46.52,132
20,47.02,132.3
20,47.52,130.9
20,48.02,131.2
20,48.52,129.3
20,49.02,130.5
20,49.52,133.3
20,50.02,134.7
20,50.52,137.4
20,51.02,138.5
20,51.52,138.1
20,52.02,141.3
20,52.52,142.1
20,53.02,142.9
20,53.52,146
20,54.02,148
20,54.52,149.9
20,55.02,153
20,55.52,169.8
20,56.02,197.3
20,56.52,232.6
20,57.03,289.7
20,57.53,375.1
20,58.03,412.2
20,58.53,452.1
20,59.03,528
20,59.53,586.5
20,60.03,648.2
20,60.53,709.6
20,61.03,736.7
20,61.53,790.6
20,62.03,832.3
20,62.53,848.5
20,63.03,883.6
20,63.53,898.7
20,64.03,911.8
20,64.53,917.2
20,65.03,921.2
20,65.53,925.5
20,66.03,933.1
20,66.53,942.8
20,67.03,953.2
20,67.53,960.6
20,68.03,965.3
20,68.53,968.8
20,69.03,961.5
20,69.53,887
20,70.03,785.1
20,70.53,736
20,71.03,728
20,71.53,706.5
20,72.03,680.3
20,72.53,670
20,73.03,681.3
20,73.53,694.5
20,74.03,709.5
20,74.53,723.1
20,75.03,732.5
20,75.53,731.8
20,76.03,736.1
20,76.53,753.2
20,77.03,763.7
20,77.53,775.9
20,78.03,795.9
20,78.53,815.7
20,79.03,817.8
20,79.53,824.3
20,80.04,813.4
20,80.54,803.5
20,81.04,813.6
20,81.54,823
20,82.04,831.1
20,82.54,841.3
20,83.04,843.5
20,83.54,846.3
20,84.04,838.3
20,84.54,834.3
20,85.04,852.5
20,85.54,878.4
20,86.04,908.6
20,86.54,947.5
20,87.04,1006.3
20,87.54,1062.5
20,88.04,1101.6
20,88.54,1134
20,89.04,1167.5
20,89.54,1195
20,90.04,1216.5
20,90.54,1232.3
20,91.04,1240.5
20,91.54,1242.3
20,92.04,1244
20,92.54,1245.2
20,93.04,1236.5
20,93.54,1209.8
20,94.04,1204.5
20,94.54,1226.3
20,95.04,1247.5
20,95.54,1267.3
20,96.04,1270.1
20,96.54,1273.6
20,97.04,1300
20,97.54,1330.9
20,98.04,1352.5
20,98.54,1383.6
20,99.04,1411.1
20,99.54,1404.2
20,100.04,1379.9
20,100.54,1400.8
20,101.04,1401.4
20,101.54,1415.4
20,102.04,1489.1
20,102.55,1591.9
20,103.05,1622.9
20,103.55,1626.6
20,104.05,1631.3
20,104.55,1634.4
20,105.05,1631.9
20,105.55,1636.1
20,106.05,1628.9
20,106.55,1628.5
20,107.05,1647.2
20,107.55,1664.9
20,108.05,1681.8
20,108.55,1691.7
20,109.05,1702
20,109.55,1702.8
20,110.05,1700.1
20,110.55,1704.4
20,111.05,1714.7
20,111.55,1734.3
20,112.05,1746.6
20,112.55,1745.5
20,113.05,1741
20,113.55,1738.9
20,114.05,1642.6
20,114.55,1530.2
20,115.05,1489.4
20,115.55,1497.1
20,116.05,1516.3
20,116.55,1541.1
20,117.05,1565.7
20,117.55,1595.7
20,118.05,1625.4
20,118.55,1631.1
20,119.05,1650.4
20,119.55,1646.8
20,120.05,1650.7
20,120.55,1693.2
20,121.05,1788.4
20,121.55,1887.2
20,122.05,1911.2
20,122.55,1904.6
20,123.05,1892.5
20,123.55,1878
20,124.05,1873.3
20,124.55,1900
20,125.05,1941.5
20,125.56,1972.4
20,126.06,1986.3
20,126.56,1981.9
20,127.06,1978.2
20,127.56,1972.3
20,128.06,1958.2
20,128.56,1955.3
20,129.06,1937.3
20,129.56,1933
20,130.06,1936.8
20,130.56,1930.9
20,131.06,1910.7
20,131.56,1894.4
20,132.06,1923.5
20,132.56,1937.6
20,133.06,1937.6
20,133.56,1958.7
20,134.06,1986.1
20,134.56,2002.2
20,135.06,2020.2
20,135.56,2030.3
20,136.06,2036.4
20,136.56,2052.9
20,137.06,2078.6
20,137.56,2106.4
20,138.06,2119.2
20,138.56,2128.1
20,139.06,2128.9
20,139.56,2131
20,140.06,2128
20,140.56,2130
20,141.06,2130.2
20,141.56,2132.3
20,142.06,2131.5
20,142.56,2123.1
20,143.06,2090.8
20,143.56,2083.8
20,144.06,2093.1
20,144.56,2093.3
20,145.06,2106.8
20,145.56,2147.2
20,146.06,2165
20,146.56,2146.9
20,147.06,2142.9
20,147.56,2154.7
20,148.06,2165.3
20,148.57,2170.2
20,149.07,2172.9
20,149.57,2177.5
20,150.07,2200
20,150.57,2219.4
20,151.07,2226.3
20,151.57,2234.5
20,152.07,2229.7
20,152.57,2230
20,153.07,2234.2
20,153.57,2233.8
20,154.07,2235.6
20,154.57,2237.9
20,155.07,2235.9
20,155.57,2244.4
20,156.07,2249.3
20,156.57,2259
20,157.07,2262.3
20,157.57,2270.6
20,158.07,2274.9
20,158.57,2276.7
20,159.07,2276.3
20,159.57,2280.7
20,160.07,2288.7
20,160.57,2297.8
20,161.07,2303.4
20,161.57,2307.3
20,162.07,2311.4
20,162.57,2317.8
20,163.07,2327.6
20,163.57,2345.4
20,164.07,2367.7
20,164.57,2379.3
20,165.07,2386
20,165.57,2393.3
20,166.07,2395.4
20,166.57,2381.6
20,167.07,2359.3
20,167.57,2357.6
20,168.07,2365.7
20,168.57,2375
20,169.07,2387.5
20,169.57,2391
20,170.07,2392.5
20,170.57,2391
20,171.07,2396.1
20,171.57,2402.3
20,172.07,2407.8
20,172.57,2409.8
20,173.07,2412.3
20,173.57,2412.5
20,174.08,2414
20,174.58,2426.5
20,175.08,2442
20,175.58,2444.3
20,176.08,2436.6
20,176.58,2437.6
20,177.08,2437
20,177.58,2435.4
20,178.08,2436.9
20,178.58,2442.8
20,179.08,2445.5
20,179.58,2447.9
20,180.08,2448.2
20,180.58,2463.5
20,181.08,2493.9
20,181.58,2503.8
20,182.08,2498.6
20,182.58,2500.7
20,183.08,2503.3
20,183.58,2506.1
20,184.08,2506.7
20,184.58,2506.8
20,185.08,2518.8
20,185.58,2534.4
20,186.08,2544.1
20,186.58,2553.6
20,187.08,2559.4
20,187.58,2561.9
20,188.08,2565
20,188.58,2570.3
20,189.08,2569.8
20,189.58,2563.7
20,190.08,2577.1
20,190.58,2582.9
20,191.08,2576.6
20,191.58,2572.9
20,192.08,2577
20,192.58,2574.7
20,193.08,2577.5
20,193.58,2580.4
20,194.08,2582
20,194.58,2585.6
20,195.08,2589.7
20,195.58,2599.2
20,196.08,2607.1
20,196.58,2608.1
20,197.08,2603.6
20,197.58,2603.3
20,198.08,2603.7
20,198.58,2606.5
20,199.08,2608.8
20,199.58,2609.6
20,200.09,2612.4
20,200.59,2612.1
20,201.09,2610.6
20,201.59,2613.4
20,202.09,2615.9
20,202.59,2617.4
20,203.09,2619.3
20,203.59,2619.3
20,204.09,2620.5
20,204.59,2622.7
20,205.09,2625
20,205.59,2628.7
20,206.09,2631
20,206.59,2633
20,207.09,2635.5
20,207.59,2639.7
20,208.09,2639.5
20,208.59,2641
20,209.09,2641.7
20,209.59,2643.2
20,210.09,2647
20,210.59,2649.4
20,211.09,2650.5
20,211.59,2650.3
20,212.09,2655.3
20,212.59,2661.2
20,213.09,2662.9
20,213.59,2663.8
20,214.09,2667
20,214.59,2669.2
20,215.09,2671.7
20,215.59,2673.2
20,216.09,2687.9
20,216.59,2687.2
20,217.09,2682
20,217.59,2682.4
20,218.09,2691.2
20,218.59,2690.8
20,219.09,2689.9
20,219.59,2692.8
20,220.09,2692
20,220.59,2692
20,221.09,2690.8
20,221.59,2689
20,222.09,2689.9
20,222.59,2697.1
20,223.09,2699
20,223.59,2698.7
20,224.09,2704.3
20,224.59,2710.9
20,225.09,2709.8
20,225.59,2710.4
20,226.1,2710
20,226.6,2712.2
20,227.1,2714.4
20,227.6,2716
20,228.1,2716.4
20,228.6,2717.4
20,229.1,2720.8
20,229.6,2724.7
20,230.1,2729.6
20,230.6,2733.6
20,231.1,2740.4
20,231.6,2749.4
20,232.1,2747.9
20,232.6,2749.9
20,233.1,2756.7
20,233.6,2761.7
20,234.1,2760.4
20,234.6,2762.5
20,235.1,2764.1
20,235.6,2766
20,236.1,2769
20,236.6,2766.8
20,237.1,2770.9
20,237.6,2772.4
20,238.1,2772.9
20,238.6,2772
20,239.1,2776.9
20,239.6,2779.9
20,240.1,2780.8
20,240.6,2781.4
20,241.1,2780.6
20,241.6,2780.2
20,242.1,2776.3
20,242.6,2773.4
20,243.1,2775.2
20,243.6,2778.9
20,244.1,2784.1
20,244.6,2783.8
20,245.1,2783.4
20,245.6,2784.1
20,246.1,2786.1
20,246.6,2789.7
20,247.1,2791.4
20,247.6,2794
20,248.1,2795.7
20,248.6,2799.1
20,249.1,2802.8
20,249.6,2817.5
20,250.1,2833.5
20,250.6,2840.1
20,251.1,2846.1
20,251.6,2847.8
20,252.11,2847.7
20,252.61,2847.3
20,253.11,2847.1
20,253.61,2846.1
20,254.11,2849.2
20,254.61,2853.5
20,255.11,2853.1
20,255.61,2854
20,256.11,2854.3
20,256.61,2857.3
20,257.11,2866.8
20,257.61,2869.3
20,258.11,2869.5
20,258.61,2865.3
20,259.11,2859
20,259.61,2854.8
20,260.11,2852.5
20,260.61,2850.5
20,261.11,2850
20,261.61,2852.7
20,262.11,2854.1
20,262.61,2855.6
20,263.11,2857.6
20,263.61,2859.8
20,264.11,2860.6
20,264.61,2862.4
20,265.11,2862.8
20,265.61,2863
20,266.11,2863.3
20,266.61,2863
20,267.11,2861.8
20,267.61,2860.9
20,268.11,2861.5
20,268.61,2863
20,269.11,2865.7
20,269.61,2866.3
20,270.11,2868.5
20,270.61,2870.2
20,271.11,2869.9
20,271.61,2872.4
20,272.11,2874.1
20,272.61,2876.4
20,273.11,2872.6
20,273.61,2871.3
20,274.11,2872.3
20,274.61,2875.7
20,275.11,2872.6
20,275.61,2881.8
20,276.11,2879.7
20,276.61,2881.7
20,277.11,2880.9
20,277.61,2886
20,278.12,2886.7
20,278.62,2890.4
20,279.12,2886
20,279.62,2881.8
20,280.12,2878.7
20,280.62,2881
20,281.12,2877.2
20,281.62,2880.9
20,282.12,2881
20,282.62,2881.3
20,283.12,2882.1
20,283.62,2883.9
20,284.12,2885.2
20,284.62,2886.8
20,285.12,2889.3
20,285.62,2889.2
20,286.12,2890
20,286.62,2891
20,287.12,2890.5
20,287.62,2890
20,288.12,2888.9
20,288.62,2885.1
20,289.12,2879.4
20,289.62,2880.9
20,290.12,2882.3
20,290.62,2882
20,291.12,2884.4
20,291.62,2886.2
20,292.12,2885.1
20,292.62,2883.6
20,293.12,2883.4
20,293.62,2881.6
20,294.12,2880.2
20,294.62,2879.9
20,295.12,2878.8
20,295.62,2877
20,296.12,2876
20,296.62,2876.1
20,297.12,2875.6
20,297.62,2874.7
20,298.12,2874.4
20,298.62,2875
20,299.12,2874.5
20,299.62,2874
20,300.12,2874
20,300.62,2875.9
20,301.12,2879.3
20,301.62,2882.8
20,302.12,2885.2
20,302.62,2882.6
20,303.12,2876.3
20,303.62,2873.1
20,304.12,2872.9
20,304.62,2874.4
20,305.12,2885.5
20,305.63,2906.6
20,306.13,2946.9
20,306.63,2972.8
20,307.13,2987.5
20,307.63,2979.2
20,308.13,2958.5
20,308.63,2942.3
20,309.13,2942.8
20,309.63,2958.8
20,310.13,2986.9
20,310.63,3000.8
20,311.13,2959.9
20,311.63,2894.2
20,312.13,2876.6
20,312.63,2875.8
20,313.13,2874.2
20,313.63,2873
20,314.13,2871
20,314.63,2868.4
20,315.13,2867.5
20,315.63,2866
20,316.13,2865.4
20,316.63,2865
20,317.13,2864.9
20,317.63,2864.8
20,318.13,2864.7
20,318.63,2864.7
20,319.13,2865.5
20,319.63,2867.8
20,320.13,2869.4
20,320.63,2868.4
20,321.13,2871.6
20,321.63,2871.3
20,322.13,2871
20,322.63,2884.6
20,323.13,2919.7
20,323.63,2951.7
20,324.13,2969.7
20,324.63,2979.9
20,325.13,2979.5
20,325.63,2972.4
20,326.13,2969.7
20,326.63,2972.7
20,327.13,2971.7
20,327.63,2971.1
20,328.13,2970.3
20,328.63,2968.2
20,329.13,2962
20,329.63,2951.5
20,330.13,2936.1
20,330.63,2922.4
20,331.13,2912.1
20,331.63,2903.1
20,332.13,2894.7
20,332.63,2887.9
20,333.13,2883.3
20,333.63,2879.6
20,334.13,2876.1
20,334.63,2871.6
20,335.13,2867.2
20,335.63,2861.9
20,336.13,2855.6
20,336.64,2852
20,337.14,2855.3
20,337.64,2856.6
20,338.14,2855
20,338.64,2850.8
20,339.14,2851.8
20,339.64,2846.8
20,340.14,2842.7
20,340.64,2839.2
20,341.14,2833.4
20,341.64,2821.2
20,342.14,2808.8
20,342.64,2802
20,343.14,2797.7
20,343.64,2802.2
20,344.14,2808.4
20,344.64,2815.3
20,345.14,2824.3
20,345.64,2829.1
20,346.14,2832.1
20,346.64,2837.3
20,347.14,2842.5
20,347.64,2844.8
20,348.14,2844.5
20,348.64,2844
20,349.14,2846
20,349.64,2845.3
20,350.14,2840.9
20,350.64,2834.1
20,351.14,2829.2
20,351.64,2830.5
20,352.14,2836.1
20,352.64,2840.7
20,353.14,2842.9
20,353.64,2844
20,354.14,2844.2
20,354.64,2843.5
20,355.14,2843.4
20,355.64,2842.1
20,356.14,2842.3
20,356.64,2843.5
20,357.14,2845.6
20,357.64,2846.7
20,358.14,2847.6
20,358.64,2846.5
20,359.14,2845.1
20,359.64,2844.7
20,360.14,2843.5
20,360.64,2844.5
20,361.14,2848.4
20,361.64,2856.9
20,362.14,2868.1
20,362.64,2881.4
20,363.14,2891.8
20,363.64,2897.9
20,364.14,2899.1
20,364.64,2898.7
20,365.14,2897.9
20,365.64,2894
20,366.14,2887.8
20,366.64,2881.5
20,367.15,2879.1
20,367.65,2877.1
20,368.15,2880.5
20,368.65,2886
20,369.15,2889.3
20,369.65,2892.2
20,370.15,2892.9
20,370.65,2887.6
20,371.15,2884
20,371.65,2879.9
20,372.15,2873
20,372.65,2863
20,373.15,2867.1
20,373.65,2864.2
20,374.15,2862.2
20,374.65,2862
20,375.15,2862.6
20,375.65,2864.1
20,376.15,2865.6
20,376.65,2869.7
20,377.15,2873.9
20,377.65,2878
20,378.15,2879.3
20,378.65,2879.3
20,379.15,2881.3
20,379.65,2885.3
20,380.15,2884.3
20,380.65,2876
20,381.15,2876.5
20,381.65,2865.6
20,382.15,2860.5
20,382.65,2864.2
20,383.15,2867.2
20,383.65,2868.9
20,384.15,2867.9
20,384.65,2866.1
20,385.15,2860.8
20,385.65,2858.3
20,386.15,2858
20,386.65,2857.9
20,387.15,2857.2
20,387.65,2857.8
20,388.15,2858.2
20,388.65,2857.7
20,389.15,2857.2
20,389.65,2857.9
20,390.15,2858.3
20,390.65,2859.8
20,391.15,2860
20,391.65,2860
20,392.15,2859.9
20,392.65,2860
20,393.15,2861.4
20,393.65,2862
20,394.15,2860.9
20,394.65,2860.6
20,395.15,2860
20,395.65,2860.4
20,396.15,2861.1
20,396.65,2859.4
20,397.15,2859.9
20,397.65,2861.1
20,398.16,2863
20,398.66,2864
20,399.16,2864.7
20,399.66,2864.1
20,400.16,2864.7
20,400.66,2866.6
20,401.16,2867
20,401.66,2868.4
20,402.16,2868.3
20,402.66,2869.6
20,403.16,2869.5
20,403.66,2870.4
20,404.16,2870.8
20,404.66,2869.9
20,405.16,2868
20,405.66,2867.7
20,406.16,2866.3
20,406.66,2865.6
20,407.16,2863.2
20,407.66,2861.8
20,408.16,2861.7
20,408.66,2861.2
20,409.16,2861
20,409.66,2861.1
20,410.16,2860.7
20,410.66,2860.4
20,411.16,2861.2
20,411.66,2861.7
20,412.16,2862.4
20,412.66,2862.6
20,413.16,2864
20,413.66,2864.3
20,414.16,2864.1
20,414.66,2863.7
20,415.16,2861.6
20,415.66,2859.6
20,416.16,2860.2
20,416.66,2858.6
20,417.16,2855.2
20,417.66,2850.1
20,418.16,2838.9
20,418.66,2798.5
20,419.16,2744.4
20,419.66,2751.1
20,420.16,2793
20,420.66,2839.6
20,421.16,2852.7
20,421.66,2851
20,422.16,2850.4
20,422.66,2849.2
20,423.16,2848.4
20,423.66,2848
20,424.16,2848.4
20,424.66,2848.7
20,425.16,2848.6
20,425.66,2849.8
20,426.16,2848.2
20,426.66,2846.5
20,427.16,2846
20,427.66,2846.9
20,428.16,2847.2
20,428.66,2847.6
20,429.17,2849.9
20,429.67,2852.3
20,430.17,2852.3
20,430.67,2853
20,431.17,2853.1
20,431.67,2853.9
20,432.17,2854
20,432.67,2854.7
20,433.17,2855.3
20,433.67,2856
20,434.17,2854.6
20,434.67,2854.1
20,435.17,2854.1
20,435.67,2853
20,436.17,2849.4
20,436.67,2846.1
20,437.17,2846.8
20,437.67,2844.7
20,438.17,2841.5
20,438.67,2837.4
20,439.17,2832.8
20,439.67,2830.9
20,440.17,2827.6
20,440.67,2825.4
20,441.17,2813.3
20,441.67,2797.8
20,442.17,2791.5
20,442.67,2786.5
20,443.17,2789.6
20,443.67,2788.7
20,444.17,2786.3
20,444.67,2778.3
20,445.17,2787.9
20,445.67,2823.2
20,446.17,2831
20,446.67,2835.4
20,447.17,2835.5
20,447.67,2836.6
20,448.17,2838.8
20,448.67,2841.8
20,449.17,2842.8
20,449.67,2842
20,450.17,2839.6
20,450.67,2840.1
20,451.17,2840.3
20,451.67,2838.8
20,452.17,2837.6
20,452.67,2835.5
20,453.17,2834.2
20,453.67,2833.1
20,454.17,2832.6
20,454.67,2831.1
20,455.17,2828.9
20,455.67,2827.4
20,456.17,2825.9
20,456.67,2824.7
20,457.17,2822.6
20,457.67,2821.1
20,458.17,2819.5
20,458.67,2818.6
20,459.17,2811.9
20,459.67,2763.2
20,460.17,2557.1
20,460.67,2367.4
20,461.17,2249.1
20,461.67,2197.3
20,462.17,2177
20,462.68,2144.8
20,463.18,2128.9
20,463.68,2112
20,464.18,2098.5
20,464.68,2082.1
20,465.18,2052.9
20,465.68,2018.6
20,466.18,1999.5
20,466.68,2062.3
20,467.18,2162.9
20,467.68,2179.6
20,468.18,2178.4
20,468.68,2171.4
20,469.18,2139.6
20,469.68,2137.3
20,470.18,2130.2
20,470.68,2132.8
20,471.18,2148.7
20,471.68,2157.5
20,472.18,2172.4
20,472.68,2188.6
20,473.18,2210.6
20,473.68,2208.9
20,474.18,2222.3
20,474.68,2249.9
20,475.18,2290
20,475.68,2323
20,476.18,2392.3
20,476.68,2468
20,477.18,2512.8
20,477.68,2548.3
20,478.18,2593.2
20,478.68,2615.1
20,479.18,2652.4
20,479.68,2676.2
20,480.18,2661.8
20,480.68,2652.6
20,481.18,2659.5
20,481.68,2629.4
20,482.18,2633.7
20,482.68,2659.8
20,483.18,2656.5
20,483.68,2659.8
20,484.18,2653.3
20,484.68,2643
20,485.18,2631.6
20,485.68,2616.4
20,486.18,2618.2
20,486.68,2622.7
20,487.18,2624
20,487.68,2617.9
20,488.18,2603.6
20,488.68,2580.7
20,489.18,2547.8
20,489.68,2538.4
20,490.18,2537.6
20,490.68,2519.9
20,491.18,2504.6
20,491.68,2506.7
20,492.18,2526.7
20,492.68,2513.3
20,493.18,2453.5
20,493.68,2424.9
20,494.18,2452.5
20,494.68,2463.8
20,495.18,2474.2
20,495.68,2477.3
20,496.18,2484.7
20,496.68,2477.6
20,497.18,2462.3
20,497.68,2455.4
20,498.18,2447.7
20,498.68,2459
20,499.18,2477.4
20,499.68,2498.6
20,500.19,2523.3
20,500.69,2548.3
20,501.19,2551.1
20,501.69,2561.9
20,502.19,2579.1
20,502.69,2592.5
20,503.19,2633.4
20,503.69,2668.9
20,504.19,2694.6
20,504.69,2722.7
20,505.19,2783.7
20,505.69,2846.5
20,506.19,2906.5
20,506.69,2950.5
20,507.19,2963.2
20,507.69,2960.1
20,508.19,2980.5
20,508.69,3010.9
20,509.19,2965.3
20,509.69,2873.9
20,510.19,2873.4
20,510.69,3103.1
20,511.19,3296
20,511.69,3406.2
20,512.19,3459.3
20,512.69,3451.5
20,513.19,3447.7
20,513.69,3523.7
20,514.19,3565.8
20,514.69,3587.6
20,515.19,3551.7
20,515.69,3406.4
20,516.19,3255.7
20,516.69,3168.8
20,517.19,3058.7
20,517.69,2934.5
20,518.19,2862.3
20,518.69,2772.4
20,519.19,2759.7
20,519.69,2784.4
20,520.19,2807.4
20,520.69,2710.3
20,521.19,2497.4
20,521.69,2412.6
20,522.19,2411.4
20,522.69,2465.9
20,523.19,2424.7
20,523.69,2352.7
20,524.19,2323.1
20,524.69,2315.9
20,525.19,2260.4
20,525.69,2142.5
20,526.19,2068.8
20,526.69,2091.1
20,527.19,2072.1
20,527.69,2038.6
20,528.19,2034.5
20,528.69,2110
20,529.19,2146.2
20,529.69,2156.3
20,530.19,2153.6
20,530.69,2182.4
20,531.19,2280.2
20,531.69,2447.1
20,532.19,2576.7
20,532.69,2612.9
20,533.19,2647.9
20,533.69,2722.7
20,534.19,2763.1
20,534.69,2862.3
20,535.19,2984.8
20,535.69,3060.3
20,536.19,3099.1
20,536.7,3122.6
20,537.2,3158.2
20,537.7,3172.9
20,538.2,3173.1
20,538.7,3203.5
20,539.2,3224.3
20,539.7,3229.6
20,540.2,3235.1
20,540.7,3238.6
20,541.2,3237.3
20,541.7,3233.6
20,542.2,3232.6
20,542.7,3231.9
20,543.2,3232.9
20,543.7,3233.8
20,544.2,3233.8
20,544.7,3233.1
20,545.2,3236.3
20,545.7,3242.8
20,546.2,3247.2
20,546.7,3248.1
20,547.2,3245.3
20,547.7,3244.7
20,548.2,3243.7
20,548.7,3244.1
20,549.2,3240.3
20,549.7,3234.3
20,550.2,3229.9
20,550.7,3222.3
20,551.2,3212.6
20,551.7,3209
20,552.2,3208.7
20,552.7,3205.2
20,553.2,3203.2
20,553.7,3202.4
20,554.2,3203.4
20,554.7,3201.5
20,555.2,3197.2
20,555.7,3187.4
20,556.2,3176.1
20,556.7,3162.5
20,557.2,3140.9
20,557.7,3117.2
20,558.2,3098
20,558.7,3077.5
20,559.2,3047.3
20,559.7,3013.9
20,560.2,2988.7
20,560.7,2968.2
20,561.2,2946.6
20,561.7,2925
20,562.2,2907.6
20,562.7,2893.2
20,563.2,2889.8
20,563.7,2879.6
20,564.2,2895.1
20,564.7,2951.4
20,565.2,2983
20,565.7,3002.2
20,566.2,3005
20,566.7,2986.6
20,567.2,2964
20,567.7,2924.1
20,568.2,2877.8
20,568.7,2849.9
20,569.2,2837.1
20,569.7,2841.1
20,570.2,2830.9
20,570.7,2809.8
20,571.2,2790.1
20,571.7,2780.2
20,572.2,2786.1
20,572.7,2792.5
20,573.2,2798.2
20,573.7,2805.3
20,574.21,2809.6
20,574.71,2816.6
20,575.21,2813.3
20,575.71,2808.1
20,576.21,2806.5
20,576.71,2812.2
20,577.21,2814.8
20,577.71,2806.7
20,578.21,2790.7
20,578.71,2814
20,579.21,2875.9
20,579.71,2957.5
20,580.21,3046.8
20,580.71,3119.5
20,581.21,3153.7
20,581.71,3166.5
20,582.21,3266.8
20,582.71,3312.1
20,583.21,3309.7
20,583.71,3308
20,584.21,3308
20,584.71,3306.1
20,585.21,3306.3
20,585.71,3307.5
20,586.21,3306.8
20,586.71,3308.7
20,587.21,3310.5
20,587.71,3310.6
20,588.21,3310.1
20,588.71,3311.6
20,589.21,3314.4
20,589.71,3318.6
20,590.21,3320.5
20,590.71,3323.7
20,591.21,3326.5
20,591.71,3329.5
20,592.21,3332.2
20,592.71,3339.7
20,593.21,3349.5
20,593.71,3352.6
20,594.21,3347.6
20,594.71,3342.1
20,595.21,3336.4
20,595.71,3337.8
20,596.21,3345.6
20,596.71,3354.2
20,597.21,3353.7
20,597.71,3345.7
20,598.21,3337.6
20,598.71,3330.1
20,599.21,3327.2
20,599.71,3328
20,600.21,3331
20,600.71,3335
20,601.21,3338.6
20,601.71,3339.3
20,602.21,3331.2
20,602.71,3323.8
20,603.21,3320.8
20,603.71,3322.9
20,604.21,3327.7
20,604.71,3333.5
20,605.21,3338.5
20,605.71,3342.4
20,606.21,3346.2
20,606.71,3349.2
20,607.21,3352.1
20,607.71,3356.6
20,608.21,3357
20,608.71,3358.7
20,609.21,3365.6
20,609.71,3372.6
20,610.21,3378.9
20,610.71,3374.6
20,611.21,3360.2
20,611.71,3345.2
20,612.21,3332.6
20,612.71,3329.5
20,613.21,3335.7
20,613.71,3344.4
20,614.21,3354.2
20,614.71,3361.4
20,615.21,3367
20,615.71,3368
20,616.22,3366.6
20,616.72,3361.8
20,617.22,3343.4
20,617.72,3334.3
20,618.22,3346.3
20,618.72,3352.2
20,619.22,3348
20,619.72,3343.1
20,620.22,3340.1
20,620.72,3340.5
20,621.22,3340.3
20,621.72,3338.8
20,622.22,3338.3
20,622.72,3333.5
20,623.22,3320.2
20,623.72,3313.6
20,624.22,3326.1
20,624.72,3328.9
20,625.22,3326.3
20,625.72,3317.8
20,626.22,3307.5
20,626.72,3312.8
20,627.22,3316.3
20,627.72,3338.3
20,628.22,3352.3
20,628.72,3352.2
20,629.22,3354
20,629.72,3355.5
20,630.22,3353.9
20,630.72,3352.2
20,631.22,3362.1
20,631.72,3379.6
20,632.22,3384.6
20,632.72,3382.3
20,633.22,3381.8
20,633.72,3383.4
20,634.22,3371.6
20,634.72,3364.6
20,635.22,3380.3
20,635.72,3394.3
20,636.22,3403.2
20,636.72,3408.4
20,637.22,3411.2
20,637.72,3412.1
20,638.22,3411.5
20,638.72,3412
20,639.22,3413
20,639.72,3416
20,640.22,3419.5
20,640.72,3423.8
20,641.22,3427.9
20,641.72,3432.4
20,642.22,3435.6
20,642.72,3439.5
20,643.22,3442.5
20,643.72,3445.1
20,644.22,3444.4
20,644.72,3442.2
20,645.22,3440.1
20,645.72,3439.6
20,646.22,3449.5
20,646.72,3444.3
20,647.22,3439.3
20,647.72,3437
20,648.22,3432.6
20,648.72,3427.2
20,649.22,3427.3
20,649.72,3425.7
20,650.22,3426.7
20,650.72,3429.1
20,651.22,3430.2
20,651.72,3430.2
20,652.22,3433.5
20,652.72,3435.4
20,653.22,3433.7
20,653.72,3433.1
20,654.22,3431.3
20,654.72,3431.1
20,655.22,3431.7
20,655.72,3431.7
20,656.22,3431.8
20,656.72,3432.3
20,657.22,3434
20,657.72,3436.7
20,658.22,3441.1
20,658.72,3446
20,659.22,3450.9
20,659.72,3454.6
20,660.22,3460.8
20,660.72,3463.9
20,661.22,3465.9
20,661.72,3464.6
20,662.22,3463.1
20,662.72,3461.1
20,663.22,3459.1
20,663.72,3456.5
20,664.23,3457
20,664.73,3458.3
20,665.23,3460.7
20,665.73,3461.3
20,666.23,3463.3
20,666.73,3465
20,667.23,3463.9
20,667.73,3462.9
20,668.23,3463.6
20,668.73,3467.4
20,669.23,3466.7
20,669.73,3465
20,670.23,3467.5
20,670.73,3469.8
20,671.23,3471.8
20,671.73,3472.9
20,672.23,3477.7
20,672.73,3483.3
20,673.23,3481.5
20,673.73,3487.8
20,674.23,3478.9
20,674.73,3477.5
20,675.23,3489.3
20,675.73,3499.7
20,676.23,3508.3
20,676.73,3512.3
20,677.23,3513.9
20,677.73,3515.5
20,678.23,3515.9
20,678.73,3518.9
20,679.23,3521.1
20,679.73,3523.2
20,680.23,3524.6
20,680.73,3525.2
20,681.23,3525.4
20,681.73,3523.8
20,682.23,3523.9
20,682.73,3522.6
20,683.23,3520.9
20,683.73,3519.4
20,684.23,3518.3
20,684.73,3518.4
20,685.23,3519.5
20,685.73,3520.5
20,686.23,3518.9
20,686.73,3516.9
20,687.23,3520.8
20,687.73,3521
20,688.23,3520
20,688.73,3518.9
20,689.23,3516.8
20,689.73,3515.9
20,690.23,3514.4
20,690.73,3513.5
20,691.23,3513.2
20,691.73,3512.1
20,692.23,3510.5
20,692.73,3512.2
20,693.23,3512.1
20,693.73,3511
20,694.23,3512.7
20,694.73,3514
20,695.23,3514
20,695.73,3514.7
20,696.23,3516.5
20,696.73,3519.3
20,697.23,3522.1
20,697.73,3526.3
20,698.23,3532.6
20,698.73,3536.7
20,699.23,3541.2
20,699.73,3548.2
20,700.23,3561.2
20,700.73,3569.6
20,701.23,3572.1
20,701.73,3571.4
20,702.23,3573.5
20,702.73,3573.7
20,703.23,3577.9
20,703.73,3581.8
20,704.23,3582.8
20,704.73,3584.9
20,705.23,3588.5
20,705.73,3596.2
20,706.23,3602.8
20,706.73,3608.6
20,707.23,3615.1
20,707.73,3624.1
20,708.23,3634.1
20,708.73,3644.8
20,709.23,3654.2
20,709.73,3660.6
20,710.23,3667
20,710.73,3675.4
20,711.23,3680.7
20,711.74,3688.7
20,712.24,3701
20,712.74,3718.7
20,713.24,3739.2
20,713.74,3753.9
20,714.24,3760.5
20,714.74,3764.2
20,715.24,3766.6
20,715.74,3766.9
20,716.24,3750.1
20,716.74,3684.6
20,717.24,3626
20,717.74,3620.3
20,718.24,3620.8
20,718.74,3620
20,719.24,3618.6
20,719.74,3617.4
20,720.24,3617
20,720.74,3618.4
20,721.24,3619.4
20,721.74,3620.4
20,722.24,3621.4
20,722.74,3620.1
20,723.24,3620.7
20,723.74,3621.1
20,724.24,3621.7
20,724.74,3622.3
20,725.24,3623.2
20,725.74,3626.1
20,726.24,3628.4
20,726.74,3631.1
20,727.24,3630.5
20,727.74,3631.8
20,728.24,3644.2
20,728.74,3646.8
20,729.24,3644.1
20,729.74,3641.1
20,730.24,3639.6
20,730.74,3639.3
20,731.24,3640
20,731.74,3640
20,732.24,3640.6
20,732.74,3640.3
20,733.24,3641.6
20,733.74,3642
20,734.24,3642.9
20,734.74,3643.7
20,735.24,3641.8
20,735.74,3640.6
20,736.24,3644
20,736.74,3644.3
20,737.24,3646.1
20,737.74,3651.9
20,738.24,3658.8
20,738.74,3664.9
20,739.24,3669.7
20,739.74,3672.4
20,740.24,3667.8
20,740.74,3668.8
20,741.24,3671.9
20,741.74,3678.6
20,742.24,3685.7
20,742.74,3691.2
20,743.24,3694.6
20,743.74,3697.5
20,744.24,3697.9
20,744.74,3696.9
20,745.24,3696.5
20,745.74,3696.9
20,746.24,3696.3
20,746.74,3696.7
20,747.24,3696.5
20,747.74,3698
20,748.24,3699.7
20,748.74,3703
20,749.24,3705.2
20,749.74,3704.9
20,750.24,3703.5
20,750.74,3706.4
20,751.24,3707.1
20,751.74,3707.1
20,752.24,3706
20,752.74,3705.4
20,753.24,3706.8
20,753.74,3713
20,754.24,3720.1
20,754.74,3727.3
20,755.24,3732.9
20,755.74,3735.7
20,756.24,3718.5
20,756.74,3714.1
20,757.24,3708.6
20,757.74,3699.9
20,758.24,3695
20,758.74,3694.9
20,759.24,3694.2
20,759.74,3693.1
20,760.24,3692.3
20,760.74,3693.3
20,761.24,3694
20,761.74,3695.7
20,762.24,3697.3
20,762.74,3697.9
20,763.24,3697.5
20,763.74,3698.5
20,764.24,3699.2
20,764.74,3700.9
20,765.24,3701.6
20,765.74,3700.5
20,766.25,3700.9
20,766.75,3700.8
20,767.25,3702.4
20,767.75,3700.3
20,768.25,3701.6
20,768.75,3704.4
20,769.25,3708
20,769.75,3717.3
20,770.25,3722.6
20,770.75,3725.9
20,771.25,3730.3
20,771.75,3733.4
20,772.25,3719.4
20,772.75,3709.5
20,773.25,3702.4
20,773.75,3685.5
20,774.25,3643.4
20,774.75,3614.1
20,775.25,3611.8
20,775.75,3644.4
20,776.25,3700.1
20,776.75,3712.1
20,777.25,3716.8
20,777.75,3729
20,778.25,3730.1
20,778.75,3728.3
20,779.25,3732.9
20,779.75,3737.5
20,780.25,3732.6
20,780.75,3705.5
20,781.25,3673.2
20,781.75,3661
20,782.25,3642
20,782.75,3642.7
20,783.25,3662.3
20,783.75,3692.1
20,784.25,3710.9
20,784.75,3718.9
20,785.25,3712.4
20,785.75,3725.2
20,786.25,3724
20,786.75,3725
20,787.25,3725
20,787.75,3725
20,788.25,3725
20,788.75,3725.2
20,789.25,3725.5
20,789.75,3721.4
20,790.25,3722.8
20,790.75,3723.4
20,791.25,3722.9
20,791.75,3723
20,792.25,3722.2
20,792.75,3723
20,793.25,3722.8
20,793.75,3720.9
20,794.25,3717.2
20,794.75,3703.9
20,795.25,3701.7
20,795.75,3709.6
20,796.25,3734.4
20,796.75,3734.4
20,797.25,3734.7
20,797.75,3734.4
20,798.25,3731.8
20,798.75,3730
20,799.25,3728.2
20,799.75,3728.3
20,800.25,3729.2
20,800.75,3730.1
20,801.25,3729.3
20,801.75,3726.1
20,802.25,3722.9
20,802.75,3724.2
20,803.25,3726.5
20,803.75,3729.2
20,804.25,3731.3
20,804.75,3731.7
20,805.25,3732.1
20,805.75,3731.4
20,806.25,3730.5
20,806.75,3728.7
20,807.25,3726.9
20,807.75,3724.8
20,808.25,3722.2
20,808.75,3720.4
20,809.25,3718.2
20,809.75,3716.3
20,810.25,3714.5
20,810.75,3712.3
20,811.25,3709.9
20,811.75,3706.1
20,812.25,3705.9
20,812.75,3709.2
20,813.25,3713.4
20,813.75,3717.1
20,814.25,3721.9
20,814.75,3722.6
20,815.25,3725
20,815.75,3729.1
20,816.25,3730.1
20,816.75,3728.4
20,817.25,3718.2
20,817.75,3718.3
20,818.25,3719
20,818.75,3715
20,819.25,3698.6
20,819.75,3696.8
20,820.25,3704.5
20,820.75,3728.1
20,821.25,3744.8
20,821.75,3743.5
20,822.25,3762.7
20,822.75,3763.7
20,823.25,3760
20,823.75,3761.9
20,824.25,3754.2
20,824.75,3748.7
20,825.25,3746.2
20,825.75,3750.6
20,826.25,3757.3
20,826.75,3764.2
20,827.25,3769.3
20,827.75,3771.3
20,828.25,3772.7
20,828.75,3773.4
20,829.25,3773.9
20,829.75,3772
20,830.25,3769.5
20,830.76,3765.7
20,831.26,3760.8
20,831.76,3756.5
20,832.26,3752.1
20,832.76,3748.3
20,833.26,3744.2
20,833.76,3742.2
20,834.26,3742.7
20,834.76,3742.8
20,835.26,3744.2
20,835.76,3747.9
20,836.26,3752.5
20,836.76,3758.2
20,837.26,3761
20,837.76,3763.7
20,838.26,3766
20,838.76,3767.3
20,839.26,3768.3
20,839.76,3768.7
20,840.26,3769.8
20,840.76,3770.3
20,841.26,3770.5
20,841.76,3772
20,842.26,3773.8
20,842.76,3775.3
20,843.26,3778.1
20,843.76,3782.9
20,844.26,3784.4
20,844.76,3786.2
20,845.26,3789
20,845.76,3790.9
20,846.26,3793.5
20,846.76,3794
20,847.26,3793.6
20,847.76,3791.2
20,848.26,3786.6
20,848.76,3783.7
20,849.26,3779.9
20,849.76,3777.8
20,850.26,3776
20,850.76,3771.1
20,851.26,3764.9
20,851.76,3763.6
20,852.26,3764.3
20,852.76,3765
20,853.26,3767.4
20,853.76,3778.4
20,854.26,3781.6
20,854.76,3781.9
20,855.26,3775
20,855.76,3779.7
20,856.26,3780.8
20,856.76,3782.7
20,857.26,3781.4
20,857.76,3783.7
20,858.26,3771.9
20,858.76,3767.2
20,859.26,3763.2
20,859.76,3744.6
20,860.26,3714.5
20,860.76,3692.9
20,861.26,3656.7
20,861.76,3613.3
20,862.26,3592.7
20,862.76,3539.5
20,863.26,3526.3
20,863.76,3539.1
20,864.26,3536.6
20,864.76,3545
20,865.26,3517.3
20,865.76,3501
20,866.26,3565.7
20,866.76,3615.8
20,867.26,3649.9
20,867.76,3660.1
20,868.26,3646.5
20,868.76,3610.5
20,869.26,3550.9
20,869.76,3469.8
20,870.26,3402.5
20,870.76,3383.3
20,871.26,3393.6
20,871.76,3418
20,872.26,3452.8
20,872.76,3499.4
20,873.26,3550.5
20,873.76,3593.4
20,874.26,3629.9
20,874.76,3661.9
20,875.26,3687.1
20,875.76,3708.7
20,876.26,3726.6
20,876.76,3739.4
20,877.26,3748.5
20,877.76,3757.2
20,878.26,3763.8
20,878.76,3769.4
20,879.26,3772.3
20,879.76,3772.7
20,880.26,3771.8
20,880.76,3770
20,881.26,3772.5
20,881.76,3776
20,882.26,3779.2
20,882.76,3782.7
20,883.26,3786.4
20,883.76,3790.6
20,884.26,3794.7
20,884.76,3797.9
20,885.26,3802
20,885.76,3805.9
20,886.26,3809.2
20,886.76,3813.2
20,887.26,3817
20,887.76,3821.1
20,888.26,3821.7
30,0,55.2
30,0.5,54.5
30,1,53.2
30,1.5,53.3
30,2,54.8
30,2.5,55.4
30,3,55.7
30,3.5,56.2
30,4,57.5
30,4.5,58
30,5,59.8
30,5.5,61.3
30,6,62.3
30,6.5,62.4
30,7,61.6
30,7.5,62
30,8,62.1
30,8.5,61.6
30,9.01,62.2
30,9.51,61.7
30,10.01,61
30,10.51,59.9
30,11.01,60.4
30,11.51,60.9
30,12.01,61.4
30,12.51,62.2
30,13.01,62.9
30,13.51,63.2
30,14.01,64
30,14.51,64.8
30,15.01,66.1
30,15.51,66.2
30,16.01,66.4
30,16.51,68
30,17.01,68.1
30,17.51,69.3
30,18.01,68.9
30,18.51,68.8
30,19.01,69.6
30,19.51,69.7
30,20.01,70.5
30,20.51,71
30,21.01,71.1
30,21.51,72.1
30,22.01,72.4
30,22.51,72.6
30,23.01,72.8
30,23.51,73
30,24.01,73.2
30,24.51,74.3
30,25.01,75.4
30,25.51,76.3
30,26.01,76.5
30,26.51,76
30,27.02,75.9
30,27.52,76.1
30,28.02,75.6
30,28.52,75.6
30,29.02,76.4
30,29.52,76.9
30,30.02,77.3
30,30.52,77.3
30,31.02,77.2
30,31.52,77.4
30,32.02,78.9
30,32.52,77
30,33.02,76.6
30,33.52,76.7
30,34.02,76.9
30,34.52,77.3
30,35.02,78.1
30,35.52,78
30,36.02,77.2
30,36.52,76.7
30,37.02,76.7
30,37.52,77.3
30,38.02,77.2
30,38.52,77.1
30,39.02,77.5
30,39.52,78
30,40.02,78.5
30,40.52,78.1
30,41.02,77.5
30,41.52,76.3
30,42.02,75.8
30,42.52,76.5
30,43.02,76.5
30,43.52,75.3
30,44.02,74.7
30,44.53,74.3
30,45.03,73.8
30,45.53,73.1
30,46.03,72.6
30,46.53,73.5
30,47.03,73.5
30,47.53,72
30,48.03,70.5
30,48.53,69.6
30,49.03,68.7
30,49.53,67.8
30,50.03,67.1
30,50.53,69.7
30,51.03,71.1
30,51.53,70.4
30,52.03,70
30,52.53,69
30,53.03,68
30,53.53,68
30,54.03,68.2
30,54.53,68.8
30,55.03,69.5
30,55.53,69.7
30,56.03,69
30,56.53,68.9
30,57.03,69.1
30,57.53,70.3
30,58.03,70.9
30,58.53,70.2
30,59.03,68.2
30,59.53,66.3
30,60.03,64.7
30,60.53,63.5
30,61.03,65.7
30,61.53,67.8
30,62.03,68.2
30,62.54,64.3
30,63.04,64.4
30,63.54,64
30,64.04,63.7
30,64.54,63.9
30,65.04,65.1
30,65.54,64.9
30,66.04,63.4
30,66.54,64.4
30,67.04,65
30,67.54,69
30,68.04,69.6
30,68.54,68.9
30,69.04,67.2
30,69.54,68.4
30,70.04,67.7
30,70.54,67.8
30,71.04,67.6
30,71.54,68.3
30,72.04,68.3
30,72.54,66
30,73.04,64.5
30,73.54,65.2
30,74.04,66.6
30,74.54,67
30,75.04,66.8
30,75.54,66.3
30,76.04,66.8
30,76.54,67.4
30,77.04,67.1
30,77.54,67.3
30,78.04,69.1
30,78.54,68.7
30,79.04,69.9
30,79.54,70.7
30,80.05,71.7
30,80.55,72.6
30,81.05,72.8
30,81.55,73.5
30,82.05,75.2
30,82.55,76.5
30,83.05,76.9
30,83.55,76.3
30,84.05,75.3
30,84.55,74.5
30,85.05,72.9
30,85.55,71.1
30,86.05,70.1
30,86.55,70
30,87.05,69.7
30,87.55,70.7
30,88.05,73.1
30,88.55,73.2
30,89.05,73.9
30,89.55,73.4
30,90.05,72.5
30,90.55,72.2
30,91.05,73.1
30,91.55,74.3
30,92.05,71.3
30,92.55,72.6
30,93.05,74.8
30,93.55,74.2
30,94.05,69.9
30,94.55,71.7
30,95.05,72
30,95.55,72
30,96.05,71.9
30,96.55,71.1
30,97.05,71.2
30,97.55,70.2
30,98.06,66.2
30,98.56,67
30,99.06,66.2
30,99.56,66.6
30,100.06,67.3
30,100.56,67
30,101.06,67
30,101.56,67.8
30,102.06,68.8
30,102.56,69
30,103.06,69.9
30,103.56,68.7
30,104.06,69.5
30,104.56,68
30,105.06,68.3
30,105.56,69
30,106.06,69
30,106.56,69.3
30,107.06,70.1
30,107.56,70.6
30,108.06,70.4
30,108.56,70.1
30,109.06,70.4
30,109.56,70
30,110.06,69.3
30,110.56,70.2
30,111.06,71.5
30,111.56,72.8
30,112.06,73
30,112.56,73
30,113.06,74
30,113.56,74.9
30,114.06,79
30,114.56,78.7
30,115.06,78
30,115.57,76.8
30,116.07,75.2
30,116.57,75.8
30,117.07,76.1
30,117.57,80.2
30,118.07,79.2
30,118.57,78
30,119.07,79
30,119.57,79.5
30,120.07,80
30,120.57,80
30,121.07,80
30,121.57,80.4
30,122.07,84
30,122.57,84.4
30,123.07,85
30,123.57,85
30,124.07,85.1
30,124.57,85.7
30,125.07,86.3
30,125.57,87
30,126.07,86.4
30,126.57,86.7
30,127.07,87.6
30,127.57,87.2
30,128.07,87
30,128.57,86.1
30,129.07,86
30,129.57,87.1
30,130.07,87.3
30,130.57,88.9
30,131.07,89.9
30,131.57,92.1
30,132.07,98.4
30,132.57,99.3
30,133.07,101.2
30,133.57,103
30,134.07,104.9
30,134.57,106.7
30,135.07,108.5
30,135.57,109
30,136.07,110.2
30,136.57,112.1
30,137.07,112.9
30,137.57,117.6
30,138.08,117
30,138.58,116.5
30,139.08,118.1
30,139.58,118.4
30,140.08,113.2
30,140.58,115.1
30,141.08,121.4
30,141.58,122.9
30,142.08,123
30,142.58,123.3
30,143.08,126
30,143.58,127
30,144.08,127.6
30,144.58,129
30,145.08,129.4
30,145.58,128.1
30,146.08,128
30,146.58,128.8
30,147.08,131.6
30,147.58,129
30,148.08,123
30,148.58,129.2
30,149.08,133.8
30,149.58,135.5
30,150.08,137.6
30,150.58,138.8
30,151.08,140.1
30,151.58,140.8
30,152.08,139
30,152.58,138.6
30,153.08,139.6
30,153.58,139.4
30,154.08,138.1
30,154.58,138.4
30,155.08,138.6
30,155.58,138.4
30,156.08,137.9
30,156.58,137.8
30,157.08,138.7
30,157.58,139.9
30,158.08,137.9
30,158.58,135.1
30,159.08,133.8
30,159.58,132.4
30,160.08,130.2
30,160.58,124.4
30,161.08,121.7
30,161.58,106.6
30,162.08,111.2
30,162.58,114.5
30,163.08,116.8
30,163.58,120.3
30,164.08,122.5
30,164.58,121.4
30,165.08,120.9
30,165.58,125.8
30,166.08,130.5
30,166.58,136.2
30,167.08,138.6
30,167.58,133.8
30,168.08,129.4
30,168.58,128.7
30,169.08,128.5
30,169.58,121
30,170.08,121.4
30,170.58,122
30,171.08,122.6
30,171.58,124.4
30,172.08,131.6
30,172.58,139.6
30,173.08,139.9
30,173.58,140.2
30,174.08,141.5
30,174.58,142.4
30,175.08,145.1
30,175.58,148.9
30,176.08,153.6
30,176.58,156.6
30,177.08,155.7
30,177.58,155.4
30,178.08,151.2
30,178.58,154.4
30,179.08,167.4
30,179.58,197.4
30,180.08,239.9
30,180.59,292.6
30,181.09,338.1
30,181.59,395.4
30,182.09,436.1
30,182.59,479.7
30,183.09,537.3
30,183.59,588.2
30,184.09,651.4
30,184.59,726.7
30,185.09,789.3
30,185.59,855.7
30,186.09,919.9
30,186.59,991.9
30,187.09,1044
30,187.59,1071.4
30,188.09,1067.6
30,188.59,1071.1
30,189.09,1080.8
30,189.59,1086.6
30,190.09,1083.6
30,190.59,1076.9
30,191.09,1067.7
30,191.59,1060.2
30,192.09,1060.7
30,192.59,1077.1
30,193.09,1095.9
30,193.59,1109.4
30,194.09,1132.3
30,194.59,1156.8
30,195.09,1184.7
30,195.59,1218
30,196.09,1257.3
30,196.59,1292.2
30,197.09,1314
30,197.59,1329
30,198.09,1339.9
30,198.59,1355.8
30,199.09,1365.2
30,199.59,1369.1
30,200.09,1362.6
30,200.59,1352.5
30,201.09,1366.5
30,201.59,1416.5
30,202.09,1492.5
30,202.59,1498.2
30,203.09,1495.6
30,203.59,1491.3
30,204.09,1502.4
30,204.59,1532.9
30,205.09,1548.6
30,205.59,1532.1
30,206.09,1529.5
30,206.59,1538.4
30,207.09,1564.1
30,207.59,1592.4
30,208.09,1614.5
30,208.59,1633.8
30,209.09,1642.3
30,209.59,1674.2
30,210.09,1693
30,210.59,1680.5
30,211.09,1687.8
30,211.59,1705.2
30,212.09,1727.7
30,212.59,1751.6
30,213.09,1774.8
30,213.59,1788.1
30,214.09,1792.6
30,214.59,1781.8
30,215.09,1773
30,215.59,1773
30,216.09,1782.4
30,216.59,1792.1
30,217.09,1830
30,217.59,1955.9
30,218.09,2054.2
30,218.59,2109
30,219.09,2179
30,219.59,2229.3
30,220.09,2237.9
30,220.59,2224
30,221.09,2273.8
30,221.59,2344.9
30,222.09,2382.6
30,222.59,2423.4
30,223.1,2472.9
30,223.6,2524.3
30,224.1,2581.5
30,224.6,2650.3
30,225.1,2760.6
30,225.6,2846.1
30,226.1,2897.2
30,226.6,2949.8
30,227.1,3022.2
30,227.6,3038.3
30,228.1,3034.6
30,228.6,3036.9
30,229.1,3036.2
30,229.6,3040.8
30,230.1,3053.2
30,230.6,3063
30,231.1,3066.5
30,231.6,3067.5
30,232.1,3064.8
30,232.6,3063.8
30,233.1,3064
30,233.6,3062.9
30,234.1,3062
30,234.6,3062
30,235.1,3062
30,235.6,3062
30,236.1,3061.1
30,236.6,3059.2
30,237.1,3057.9
30,237.6,3056.5
30,238.1,3056
30,238.6,3055.7
30,239.1,3055.9
30,239.6,3056
30,240.1,3056
30,240.6,3056
30,241.1,3056
30,241.6,3056
30,242.1,3055
30,242.6,3054.8
30,243.1,3053.5
30,243.6,3053
30,244.1,3052.9
30,244.6,3052.3
30,245.1,3055.8
30,245.6,3059
30,246.1,3057.7
30,246.6,3055.1
30,247.1,3056.8
30,247.6,3062.6
30,248.1,3065.2
30,248.6,3069.3
30,249.1,3064.8
30,249.6,3061.9
30,250.1,3060.4
30,250.6,3059.6
30,251.1,3059
30,251.6,3059.2
30,252.1,3059
30,252.6,3058.4
30,253.1,3059
30,253.6,3059.6
30,254.1,3060
30,254.6,3059
30,255.1,3058.5
30,255.6,3058.6
30,256.1,3059
30,256.6,3059
30,257.1,3059
30,257.6,3059.7
30,258.1,3060.7
30,258.6,3061.9
30,259.1,3061.4
30,259.6,3063
30,260.1,3070.7
30,260.6,3055.1
30,261.1,3060
30,261.6,3069
30,262.1,3073.6
30,262.6,3083.9
30,263.1,3089
30,263.6,3089.5
30,264.1,3092.1
30,264.6,3068.4
30,265.11,3050.3
30,265.61,3051.2
30,266.11,3051
30,266.61,3051.1
30,267.11,3052.4
30,267.61,3052.3
30,268.11,3051.9
30,268.61,3052.2
30,269.11,3053.3
30,269.61,3053.3
30,270.11,3052.8
30,270.61,3052.7
30,271.11,3052.1
30,271.61,3052.1
30,272.11,3053.9
30,272.61,3052.4
30,273.11,3051.6
30,273.61,3051.9
30,274.11,3052
30,274.61,3051.8
30,275.11,3052.1
30,275.61,3051.2
30,276.11,3051.8
30,276.61,3051
30,277.11,3050.3
30,277.61,3051.9
30,278.11,3047.8
30,278.61,3041.9
30,279.11,3039.8
30,279.61,3041.1
30,280.11,3042.4
30,280.61,3042.9
30,281.11,3045
30,281.61,3045.5
30,282.11,3046.5
30,282.61,3047
30,283.11,3047
30,283.61,3046.5
30,284.11,3046
30,284.61,3044.4
30,285.11,3043.3
30,285.61,3041
30,286.11,3039.7
30,286.61,3060.6
30,287.11,3062.2
30,287.61,3065.3
30,288.11,3068.8
30,288.61,3069.3
30,289.11,3068.2
30,289.61,3068.8
30,290.11,3069.8
30,290.61,3061.5
30,291.11,3057.2
30,291.61,3050.4
30,292.11,3045.5
30,292.61,3042.6
30,293.11,3041.6
30,293.61,3040.6
30,294.11,3038.8
30,294.61,3037.8
30,295.11,3037.3
30,295.61,3033.5
30,296.11,3034
30,296.61,3038.1
30,297.11,3034.7
30,297.61,3031.1
30,298.11,3029.3
30,298.61,3030
30,299.11,3030.5
30,299.61,3030.6
30,300.11,3030
30,300.61,3028.8
30,301.11,3027.4
30,301.61,3025.5
30,302.11,3023.8
30,302.61,3021.8
30,303.11,3021.2
30,303.61,3021.5
30,304.11,3021.1
30,304.61,3018.2
30,305.11,3017.3
30,305.61,3020
30,306.11,3017.7
30,306.61,3012.3
30,307.11,3006
30,307.61,2999.2
30,308.11,2991.2
30,308.61,2980.9
30,309.11,2956.2
30,309.61,2942.7
30,310.11,2936.6
30,310.61,2939.4
30,311.11,2924.7
30,311.61,2879.9
30,312.11,2830.7
30,312.61,2801.4
30,313.11,2776.7
30,313.61,2770.1
30,314.11,2806.2
30,314.61,2827.9
30,315.11,2842.7
30,315.61,2857.7
30,316.11,2873.7
30,316.61,2910.1
30,317.11,2948.9
30,317.62,2967.6
30,318.12,2964
30,318.62,2959.8
30,319.12,2961.2
30,319.62,2962.1
30,320.12,2962.7
30,320.62,2964
30,321.12,2963.9
30,321.62,2962.9
30,322.12,2962.4
30,322.62,2963.6
30,323.12,2966.2
30,323.62,2969.3
30,324.12,2972.1
30,324.62,2973.3
30,325.12,2971.3
30,325.62,2965.4
30,326.12,2960.2
30,326.62,2957.3
30,327.12,2957
30,327.62,2956.6
30,328.12,2955.9
30,328.62,2953.9
30,329.12,2951.9
30,329.62,2951.3
30,330.12,2949.5
30,330.62,2947.8
30,331.12,2945.1
30,331.62,2942.2
30,332.12,2941
30,332.62,2939.3
30,333.12,2939.9
30,333.62,2942.3
30,334.12,2923
30,334.62,2926.7
30,335.12,2927.2
30,335.62,2927.8
30,336.12,2926.5
30,336.62,2924.7
30,337.12,2924.5
30,337.62,2926.7
30,338.12,2929.9
30,338.62,2930.3
30,339.12,2928.7
30,339.62,2923.6
30,340.12,2916.5
30,340.62,2916.4
30,341.12,2923.3
30,341.62,2928.5
30,342.12,2928.5
30,342.62,2924.9
30,343.12,2916.1
30,343.62,2906.7
30,344.12,2900.7
30,344.62,2892.6
30,345.12,2886.3
30,345.62,2881.7
30,346.12,2878.9
30,346.62,2877
30,347.12,2873.8
30,347.62,2869.8
30,348.12,2818
30,348.62,2756.8
30,349.12,2777
30,349.62,2871.4
30,350.12,2977.1
30,350.62,3082.2
30,351.12,3204.9
30,351.62,3358.4
30,352.12,3498.5
30,352.62,3597.6
30,353.12,3633.2
30,353.62,3635.1
30,354.12,3631.4
30,354.62,3629.4
30,355.12,3624.6
30,355.62,3612.1
30,356.12,3580.9
30,356.62,3521.8
30,357.12,3443.1
30,357.62,3336.2
30,358.12,3246.2
30,358.62,3170.8
30,359.12,3209.6
30,359.62,3322.8
30,360.12,3368.2
30,360.62,3378.9
30,361.12,3369.6
30,361.62,3317.9
30,362.12,3241.9
30,362.62,3232.3
30,363.12,3266.9
30,363.62,3298.9
30,364.12,3265.3
30,364.62,3154.5
30,365.12,3083.2
30,365.62,3081.9
30,366.12,3087.9
30,366.62,3094.3
30,367.12,3101.2
30,367.62,3094.5
30,368.12,3062.7
30,368.62,3057.2
30,369.12,3068.5
30,369.62,3044
30,370.12,2998.4
30,370.62,2900.5
30,371.12,2831.7
30,371.62,2770.9
30,372.12,2759
30,372.62,2789.9
30,373.12,2810.6
30,373.62,2780.7
30,374.12,2759.6
30,374.63,2760.2
30,375.13,2788.8
30,375.63,2764.7
30,376.13,2720.6
30,376.63,2697
30,377.13,2692.7
30,377.63,2685.4
30,378.13,2692.1
30,378.63,2705.2
30,379.13,2713.2
30,379.63,2715.1
30,380.13,2718.2
30,380.63,2722.2
30,381.13,2727.8
30,381.63,2741.2
30,382.13,2755.2
30,382.63,2765.7
30,383.13,2776.8
30,383.63,2784.3
30,384.13,2774.7
30,384.63,2772.2
30,385.13,2762.1
30,385.63,2757
30,386.13,2758.1
30,386.63,2772.7
30,387.13,2776.2
30,387.63,2775.9
30,388.13,2778.9
30,388.63,2801.1
30,389.13,2787.6
30,389.63,2768.3
30,390.13,2779.5
30,390.63,2788.8
30,391.13,2784.7
30,391.63,2785.7
30,392.13,2783.2
30,392.63,2781
30,393.13,2786
30,393.63,2809.4
30,394.13,2855.4
30,394.63,2884.6
30,395.13,2894.9
30,395.63,2891.8
30,396.13,2873.6
30,396.63,2854.2
30,397.13,2834.3
30,397.63,2820.9
30,398.13,2820.9
30,398.63,2837.6
30,399.13,2849
30,399.63,2922.7
30,400.13,2977.2
30,400.63,3012.6
30,401.13,3025.3
30,401.63,3033
30,402.13,3063.4
30,402.63,3110
30,403.13,3140.6
30,403.63,3163.3
30,404.13,3163.9
30,404.63,3150
30,405.13,3110.9
30,405.63,3056.5
30,406.13,2993.2
30,406.63,2948.5
30,407.13,2891.5
30,407.63,2877.1
30,408.13,2902.4
30,408.63,2922.9
30,409.13,2932.9
30,409.63,2956.2
30,410.13,2929.5
30,410.63,2814.9
30,411.13,2766.3
30,411.63,2748.9
30,412.13,2742.4
30,412.63,2753.4
30,413.13,2759
30,413.63,2763.4
30,414.13,2743.3
30,414.63,2716.3
30,415.13,2713.7
30,415.63,2737.2
30,416.13,2747.8
30,416.63,2764.7
30,417.13,2768.9
30,417.63,2786.8
30,418.13,2825
30,418.63,2846
30,419.13,2842.8
30,419.63,2821.5
30,420.13,2818.9
30,420.63,2803.1
30,421.13,2792.4
30,421.63,2791.2
30,422.13,2794.7
30,422.63,2797
30,423.13,2793.8
30,423.63,2789.7
30,424.13,2794.3
30,424.63,2797.8
30,425.13,2793.1
30,425.63,2785.3
30,426.13,2783.2
30,426.63,2792.1
30,427.13,2803.5
30,427.63,2817.3
30,428.13,2831.7
30,428.63,2854.7
30,429.13,2863.7
30,429.63,2884.3
30,430.13,2899.3
30,430.63,2905
30,431.13,2898.6
30,431.63,2893.2
30,432.13,2902.5
30,432.63,2908.7
30,433.13,2915.2
30,433.63,2939.1
30,434.14,2962.3
30,434.64,2975
30,435.14,2983.3
30,435.64,2996.5
30,436.14,2963
30,436.64,2943.2
30,437.14,2947.5
30,437.64,2961.8
30,438.14,2964.8
30,438.64,2947.9
30,439.14,2930.1
30,439.64,2900.8
30,440.14,2887.9
30,440.64,2885.1
30,441.14,2895.7
30,441.64,2932.9
30,442.14,2972.8
30,442.64,2985.5
30,443.14,2997.2
30,443.64,3010
30,444.14,3029
30,444.64,3058.8
30,445.14,3080.1
30,445.64,3081.6
30,446.14,3083.3
30,446.64,3084.7
30,447.14,3086
30,447.64,3086.1
30,448.14,3093.6
30,448.64,3097.2
30,449.14,3100.9
30,449.64,3098
30,450.14,3091.4
30,450.64,3076.4
30,451.14,3057.3
30,451.64,3051.9
30,452.14,3054.2
30,452.64,3056.5
30,453.14,3055.7
30,453.64,3051.5
30,454.14,3051.4
30,454.64,3060.8
30,455.14,3067.1
30,455.64,3042.2
30,456.14,3025.1
30,456.64,3010.8
30,457.14,2988
30,457.64,2968.7
30,458.14,2925.7
30,458.64,2846.7
30,459.14,2781
30,459.64,2704.6
30,460.14,2576.9
30,460.64,2464.3
30,461.14,2283.4
30,461.64,2082.3
30,462.14,1921
30,462.64,1821.7
30,463.14,1806
30,463.64,1810
30,464.14,1822.7
30,464.64,1838.4
30,465.14,1839.1
30,465.64,1876.8
30,466.14,1999.5
30,466.64,2210.4
30,467.14,2418.1
30,467.64,2589.9
30,468.14,2786.4
30,468.64,2932.2
30,469.14,3032.4
30,469.64,3105.2
30,470.14,3139.5
30,470.64,3152.5
30,471.14,3167.1
30,471.64,3195.1
30,472.14,3225.1
30,472.64,3244.5
30,473.14,3252.8
30,473.64,3192.8
30,474.14,3141.7
30,474.64,3134
30,475.14,3114.6
30,475.64,3107.3
30,476.14,3121.4
30,476.64,3118.4
30,477.14,3104.3
30,477.64,3096.4
30,478.14,3109.8
30,478.64,3113.8
30,479.14,3096.4
30,479.64,3062.4
30,480.14,3056.3
30,480.64,3054.3
30,481.14,3020.1
30,481.64,3018.5
30,482.14,3049.1
30,482.64,3070.7
30,483.14,3086.8
30,483.64,3094.7
30,484.14,3106
30,484.64,3111.4
30,485.14,3114.9
30,485.64,3114.3
30,486.14,3115.5
30,486.64,3119.9
30,487.14,3138.1
30,487.64,3132.2
30,488.14,3116.6
30,488.64,3123.4
30,489.14,3145.3
30,489.64,3164.6
30,490.14,3171.9
30,490.64,3182.4
30,491.14,3209.7
30,491.64,3235.6
30,492.14,3222.9
30,492.64,3192
30,493.14,3198.6
30,493.64,3201.1
30,494.14,3195
30,494.64,3182.7
30,495.14,3160.6
30,495.64,3144.9
30,496.14,3137.1
30,496.64,3113.9
30,497.14,3110.1
30,497.64,3108.4
30,498.14,3113.7
30,498.64,3142.7
30,499.14,3176.1
30,499.64,3202.6
30,500.14,3222.3
30,500.64,3238
30,501.14,3242
30,501.64,3243.4
30,502.14,3250.1
30,502.64,3233
30,503.14,3199.8
30,503.64,3191.9
30,504.14,3199.8
30,504.64,3202.9
30,505.14,3147.9
30,505.64,3084.8
30,506.14,3106.8
30,506.64,3159
30,507.14,3150.8
30,507.64,3134.4
30,508.14,3137.4
30,508.64,3153.7
30,509.14,3160.5
30,509.64,3178.2
30,510.14,3205.1
30,510.64,3208.2
30,511.14,3215.7
30,511.64,3248.5
30,512.14,3273
30,512.64,3256.6
30,513.14,3226.6
30,513.64,3203.5
30,514.14,3214.3
30,514.64,3220.8
30,515.14,3221.4
30,515.64,3227.8
30,516.15,3253.4
30,516.65,3271
30,517.15,3277.4
30,517.65,3281
30,518.15,3285.4
30,518.65,3291.6
30,519.15,3304.1
30,519.65,3312.5
30,520.15,3316.2
30,520.65,3330
30,521.15,3339.3
30,521.65,3339.9
30,522.15,3339
30,522.65,3340
30,523.15,3341
30,523.65,3339.9
30,524.15,3338.6
30,524.65,3337.5
30,525.15,3330.1
30,525.65,3312.9
30,526.15,3310.1
30,526.65,3280.1
30,527.15,3257.6
30,527.65,3290.3
30,528.15,3288.9
30,528.65,3270.1
30,529.15,3268.6
30,529.65,3270.3
30,530.15,3254.4
30,530.65,3233.8
30,531.15,3254
30,531.65,3279.5
30,532.15,3282.3
30,532.65,3293.8
30,533.15,3307.4
30,533.65,3312.3
30,534.15,3312.2
30,534.65,3311.1
30,535.15,3310.9
30,535.65,3311.5
30,536.15,3312
30,536.65,3312
30,537.15,3312.1
30,537.65,3310.9
30,538.15,3310.7
30,538.65,3310.3
30,539.15,3310.8
30,539.65,3310.8
30,540.15,3311.2
30,540.65,3309.3
30,541.15,3311.1
30,541.65,3312
30,542.15,3311.7
30,542.65,3312
30,543.15,3312
30,543.65,3311.5
30,544.15,3311.7
30,544.65,3312.2
30,545.15,3311.6
30,545.65,3311.7
30,546.15,3311.9
30,546.65,3311
30,547.15,3311
30,547.65,3311.6
30,548.15,3311.1
30,548.65,3311
30,549.15,3310.7
30,549.65,3310.3
30,550.15,3310.3
30,550.65,3310.1
30,551.15,3310
30,551.65,3310
30,552.15,3310
30,552.65,3310
30,553.15,3310.3
30,553.65,3310.1
30,554.15,3310.7
30,554.65,3311.6
30,555.15,3312.8
30,555.65,3312.3
30,556.15,3312.8
30,556.65,3313.3
30,557.15,3312.5
30,557.65,3312.5
30,558.15,3313
30,558.65,3313.5
30,559.15,3313
30,559.65,3313
30,560.15,3312
30,560.65,3312.8
30,561.15,3312.7
30,561.65,3312.9
30,562.15,3312.4
30,562.65,3313
30,563.15,3313
30,563.65,3312.3
30,564.15,3314.2
30,564.65,3313.7
30,565.15,3312.9
30,565.65,3312.4
30,566.15,3312
30,566.65,3312.5
30,567.15,3312.5
30,567.65,3311.6
30,568.15,3312
30,568.65,3311.6
30,569.15,3311.6
30,569.65,3307.7
30,570.15,3301.4
30,570.65,3306.9
30,571.15,3311.7
30,571.65,3312.7
30,572.15,3312.8
30,572.65,3312.9
30,573.15,3312.4
30,573.65,3312
30,574.15,3311.6
30,574.65,3311.3
30,575.15,3312
30,575.65,3311.1
30,576.15,3311.1
30,576.65,3310.2
30,577.15,3310.3
30,577.65,3310
30,578.15,3309
30,578.65,3310
30,579.15,3309.6
30,579.65,3309.8
30,580.15,3309.7
30,580.65,3308.5
30,581.15,3308
30,581.65,3306.9
30,582.15,3306.4
30,582.65,3307.2
30,583.15,3307.8
30,583.65,3307.2
30,584.15,3305.7
30,584.65,3304.4
30,585.15,3304.9
30,585.65,3304
30,586.15,3303.6
30,586.65,3303.7
30,587.15,3304.4
30,587.65,3305
30,588.15,3304.2
30,588.65,3306.8
30,589.15,3311.3
30,589.65,3314.1
30,590.15,3313.9
30,590.65,3313.9
30,591.15,3313.7
30,591.65,3313.2
30,592.15,3313.8
30,592.65,3311.8
30,593.15,3312.7
30,593.65,3314.4
30,594.15,3314.3
30,594.65,3313.2
30,595.15,3310.9
30,595.65,3309.8
30,596.15,3307.8
30,596.65,3306.7
30,597.15,3307.1
30,597.65,3306.9
30,598.15,3307.5
30,598.65,3307.8
30,599.15,3307.3
30,599.65,3306.9
30,600.15,3307.2
30,600.65,3307.9
30,601.15,3306.2
30,601.65,3305.5
30,602.15,3304
30,602.65,3303
30,603.15,3302.8
30,603.65,3304.1
30,604.15,3306
30,604.65,3307.1
30,605.15,3306.1
30,605.65,3304.3
30,606.15,3302.5
30,606.65,3301
30,607.15,3301.6
30,607.65,3302.4
30,608.15,3301
30,608.65,3300.4
30,609.15,3300.9
30,609.65,3300
30,610.15,3298.2
30,610.65,3300
30,611.15,3299.8
30,611.65,3300.1
30,612.15,3299.4
30,612.65,3301.8
30,613.15,3304.4
30,613.65,3303.6
30,614.15,3301.8
30,614.65,3302.6
30,615.15,3302.3
30,615.65,3301.2
30,616.15,3299.1
30,616.65,3300.2
30,617.15,3300.7
30,617.65,3299.4
30,618.15,3302.6
30,618.65,3301.8
30,619.15,3271.5
30,619.65,3251.6
30,620.15,3278.5
30,620.65,3292.9
30,621.15,3292.6
30,621.65,3291.1
30,622.15,3289.1
30,622.65,3288.5
30,623.15,3286.3
30,623.65,3281.2
30,624.15,3278.8
30,624.65,3273.7
30,625.15,3265.1
30,625.65,3256.3
30,626.15,3248.6
30,626.65,3245.2
30,627.15,3194.7
30,627.65,3086.8
30,628.15,3086.8
30,628.65,3197
30,629.16,3265.7
30,629.66,3282.3
30,630.16,3286
30,630.66,3247.7
30,631.16,3252.1
30,631.66,3288.9
30,632.16,3317.8
30,632.66,3321.6
30,633.16,3327.1
30,633.66,3335.1
30,634.16,3339.5
30,634.66,3353.9
30,635.16,3353.3
30,635.66,3357.1
30,636.16,3362.3
30,636.66,3363.9
30,637.16,3366
30,637.66,3371.3
30,638.16,3377.8
30,638.66,3382.2
30,639.16,3383.7
30,639.66,3386.3
30,640.16,3386.6
30,640.66,3385.3
30,641.16,3384.9
30,641.66,3386.8
30,642.16,3388
30,642.66,3389.5
30,643.16,3391.5
30,643.66,3394.3
30,644.16,3396.8
30,644.66,3397.3
30,645.16,3394
30,645.66,3383.2
30,646.16,3317.8
30,646.66,3232.8
30,647.16,3157.4
30,647.66,3113.2
30,648.16,3093.8
30,648.66,3079.4
30,649.16,3122.9
30,649.66,3087.6
30,650.16,3021.2
30,650.66,3035.5
30,651.16,3064.1
30,651.66,3087.9
30,652.16,3100.8
30,652.66,3096.3
30,653.16,3103.1
30,653.66,3120.5
30,654.16,3122.5
30,654.66,3119.5
30,655.16,3116.7
30,655.66,3118.1
30,656.16,3124.3
30,656.66,3137.1
30,657.16,3154.6
30,657.66,3177.3
30,658.16,3212.1
30,658.66,3219.9
30,659.16,3215
30,659.66,3211.1
30,660.16,3199.2
30,660.66,3184.5
30,661.16,3187
30,661.66,3180.2
30,662.16,3141.5
30,662.66,3118.9
30,663.16,3133.8
30,663.66,3150.8
30,664.16,3152.1
30,664.66,3153.2
30,665.16,3174.1
30,665.66,3257.3
30,666.16,3319.7
30,666.66,3325.4
30,667.16,3299.9
30,667.66,3290.9
30,668.16,3279.4
30,668.66,3272.7
30,669.16,3265.4
30,669.66,3257
30,670.16,3263.5
30,670.66,3255.8
30,671.16,3243.3
30,671.66,3245.7
30,672.16,3215.4
30,672.66,3222
30,673.16,3246.6
30,673.66,3277.1
30,674.16,3297.4
30,674.66,3275.5
30,675.16,3261.7
30,675.66,3254.9
30,676.16,3239.9
30,676.66,3248.7
30,677.16,3272.9
30,677.66,3248
30,678.16,3234.3
30,678.66,3224.1
30,679.16,3211
30,679.66,3204.9
30,680.16,3206.7
30,680.66,3211.3
30,681.16,3219.5
30,681.66,3218.3
30,682.16,3185.3
30,682.66,3184.9
30,683.16,3192.5
30,683.66,3193.7
30,684.16,3194.4
30,684.66,3200.8
30,685.16,3199.1
30,685.66,3195.5
30,686.16,3199.4
30,686.66,3195.2
30,687.16,3200.7
30,687.66,3206.3
30,688.16,3192.8
30,688.66,3131.8
30,689.16,3041.2
30,689.66,3008.4
30,690.16,3107.2
30,690.66,3170.6
30,691.16,3181.7
30,691.66,3181.8
30,692.16,3183.2
30,692.66,3177.6
30,693.16,3171.1
30,693.66,3168.8
30,694.16,3169.7
30,694.66,3174.4
30,695.16,3178.4
30,695.66,3181.9
30,696.16,3182
30,696.66,3180.9
30,697.16,3182.8
30,697.66,3185.8
30,698.16,3185.4
30,698.66,3191.3
30,699.16,3194.5
30,699.66,3189.8
30,700.16,3192.1
30,700.66,3202.5
30,701.16,3215.9
30,701.66,3232.7
30,702.16,3228.4
30,702.66,3207.2
30,703.16,3228.3
30,703.66,3238
30,704.16,3239.4
30,704.66,3250.4
30,705.16,3240.8
30,705.66,3242.6
30,706.16,3253.8
30,706.66,3249.1
30,707.16,3251.1
30,707.66,3255.4
30,708.16,3272.7
30,708.66,3299.8
30,709.16,3297.4
30,709.66,3290.4
30,710.16,3288.9
30,710.66,3283.4
30,711.16,3273.5
30,711.66,3271.2
30,712.16,3268.4
30,712.66,3252.6
30,713.16,3248.3
30,713.66,3254.8
30,714.16,3249.8
30,714.66,3242.9
30,715.16,3233
30,715.66,3263.4
30,716.16,3319.9
30,716.66,3320.3
30,717.16,3296.2
30,717.66,3289.6
30,718.16,3293
30,718.66,3298.3
30,719.16,3293.4
30,719.66,3291.7
30,720.16,3287.2
30,720.66,3287.5
30,721.16,3303.4
30,721.66,3334.9
30,722.16,3331.1
30,722.66,3289.5
30,723.16,3251.7
30,723.66,3235.2
30,724.16,3241.5
30,724.66,3283.3
30,725.16,3318
30,725.66,3319.3
30,726.16,3318.9
30,726.66,3338.6
30,727.16,3339.9
30,727.66,3333
30,728.16,3334.9
30,728.66,3346.4
30,729.16,3351
30,729.66,3358.6
30,730.16,3371.6
30,730.66,3387.8
30,731.16,3378.5
30,731.66,3380
30,732.16,3382.8
30,732.66,3387.3
30,733.16,3418.7
30,733.66,3407.5
30,734.16,3398.7
30,734.66,3410
30,735.16,3430.1
30,735.66,3439.2
30,736.16,3427.3
30,736.66,3432.9
30,737.16,3436.3
30,737.66,3425.4
30,738.16,3413.2
30,738.66,3365.5
30,739.16,3316.6
30,739.66,3277.1
30,740.16,3234.5
30,740.66,3203.3
30,741.16,3182.1
30,741.66,3145.9
30,742.16,3123.3
30,742.66,3094.1
30,743.16,3080.1
30,743.66,3060.3
30,744.16,3027.3
30,744.66,2977.4
30,745.16,2917.6
30,745.66,2896.1
30,746.16,2881.7
30,746.66,2872.7
30,747.16,2904.8
30,747.66,2946.5
30,748.16,3004.8
30,748.66,3011.2
30,749.16,2986.4
30,749.66,2980.4
30,750.16,3007.2
30,750.66,3048.8
30,751.16,3087.8
30,751.66,3171.8
30,752.16,3229.9
30,752.66,3268.4
30,753.16,3320.6
30,753.66,3395.5
30,754.16,3447.2
30,754.66,3400.7
30,755.16,3408
30,755.66,3407.4
30,756.16,3333.6
30,756.66,3037.6
30,757.16,2761.2
30,757.66,2527.2
30,758.16,2212.1
30,758.66,1939.2
30,759.16,1783.5
30,759.66,1731.8
30,760.16,1757.6
30,760.66,1866.1
30,761.16,1887.5
30,761.66,1836.1
30,762.16,1807.7
30,762.66,1811.9
30,763.16,1874.1
30,763.66,2046.3
30,764.16,2249.1
30,764.66,2386.9
30,765.16,2516.3
30,765.66,2598.3
30,766.16,2633.1
30,766.66,2656.2
30,767.16,2697.8
30,767.66,2767.8
30,768.16,2916
30,768.66,3049.5
30,769.16,3195.4
30,769.66,3186.5
30,770.16,3226
30,770.66,3300.4
30,771.16,3360.8
30,771.66,3376.6
30,772.16,3400.7
30,772.66,3423.2
30,773.16,3437.7
30,773.66,3451.2
30,774.16,3465.1
30,774.66,3486.5
30,775.16,3503.5
30,775.66,3504.9
30,776.16,3496.9
30,776.66,3475.6
30,777.16,3460
30,777.66,3457.4
30,778.16,3496.2
30,778.66,3552
30,779.16,3573.3
30,779.66,3575
30,780.16,3572.7
30,780.66,3569.8
30,781.16,3566
30,781.66,3565.5
30,782.16,3564.8
30,782.66,3568.2
30,783.16,3573
30,783.66,3571.8
30,784.16,3566.2
30,784.66,3579.3
30,785.16,3608.9
30,785.66,3649.1
30,786.16,3664.4
30,786.66,3654.8
30,787.16,3613.6
30,787.66,3544.9
30,788.16,3516.8
30,788.66,3541.2
30,789.16,3584.7
30,789.66,3556.9
30,790.16,3547.5
30,790.66,3553.1
30,791.16,3561.5
30,791.66,3577.9
30,792.16,3561.4
30,792.66,3555.9
30,793.16,3576.7
30,793.66,3594.7
30,794.16,3594.1
30,794.66,3586.7
30,795.16,3576.9
30,795.66,3578.9
30,796.16,3584.4
30,796.66,3584.7
30,797.16,3580.4
30,797.66,3545.6
30,798.16,3491.3
30,798.66,3413.7
30,799.16,3341
30,799.66,3281.5
30,800.16,3225
30,800.66,3134.8
30,801.16,2965.7
30,801.66,2772.4
30,802.16,2601.5
30,802.66,2464.9
30,803.16,2449.7
30,803.66,2479.8
30,804.16,2524.3
30,804.66,2634.3
30,805.16,2832.6
30,805.66,3033.6
30,806.16,3172.8
30,806.66,3274
30,807.16,3399
30,807.66,3478.4
30,808.16,3516.8
30,808.66,3550.3
30,809.16,3584.4
30,809.66,3609.3
30,810.16,3618.7
30,810.66,3630.1
30,811.16,3653.9
30,811.66,3669.6
30,812.16,3678.1
30,812.66,3689.1
30,813.16,3700.9
30,813.66,3718.3
30,814.16,3689.7
30,814.66,3647.6
30,815.16,3631.6
30,815.66,3624.3
30,816.16,3631.1
30,816.66,3666.6
30,817.16,3728
30,817.66,3797.5
30,818.16,3807.1
30,818.66,3762.6
30,819.16,3696.5
30,819.66,3652.8
30,820.16,3638.5
30,820.66,3655.2
30,821.16,3695.3
30,821.66,3716.3
30,822.16,3710.3
30,822.66,3704.6
30,823.16,3695.3
30,823.66,3663.3
30,824.16,3612.5
30,824.66,3602.3
30,825.16,3640.1
30,825.66,3723.2
30,826.16,3788.8
30,826.66,3777
30,827.16,3747.7
30,827.66,3723
30,828.16,3724.9
30,828.66,3710.9
30,829.16,3679.4
30,829.66,3649.9
30,830.16,3641.9
30,830.66,3641
30,831.16,3632.7
30,831.66,3643
30,832.16,3660.1
30,832.66,3676.7
30,833.16,3683.8
30,833.66,3684.7
30,834.16,3686.5
30,834.66,3688.6
30,835.16,3680.5
30,835.66,3666
30,836.16,3676.8
30,836.66,3703.8
30,837.16,3704.7
30,837.66,3692.3
30,838.16,3712.2
30,838.66,3725.5
30,839.16,3719.1
30,839.66,3707.7
30,840.16,3697.3
30,840.66,3686.3
30,841.16,3677.4
30,841.66,3668.3
30,842.16,3661.5
30,842.66,3673.4
30,843.16,3694.4
30,843.66,3700.7
30,844.16,3685.2
30,844.66,3679.9
30,845.16,3704.8
30,845.66,3711.8
30,846.16,3712.4
30,846.66,3732.5
30,847.16,3752.1
30,847.66,3755.8
30,848.16,3792.5
30,848.66,3850.7
30,849.16,3858.6
30,849.66,3813.2
30,850.16,3779.8
30,850.66,3807.2
30,851.16,3818.3
30,851.66,3808.7
30,852.16,3828
30,852.66,3841.4
30,853.16,3822.9
30,853.66,3790.2
30,854.16,3775.7
30,854.66,3832.3
30,855.16,3872.3
30,855.66,3867.9
30,856.16,3823.7
30,856.66,3824.6
30,857.16,3841.1
30,857.66,3849.8
30,858.16,3848.3
30,858.66,3841.9
30,859.16,3842.5
30,859.66,3838.5
30,860.16,3824.2
30,860.66,3820.9
30,861.16,3831.3
30,861.66,3795.9
30,862.16,3763.2
30,862.66,3758.2
30,863.16,3756.2
30,863.66,3747.1
30,864.16,3752.4
30,864.66,3756
30,865.16,3761.1
30,865.66,3768.8
30,866.16,3773.2
30,866.66,3773.3
30,867.16,3770.7
30,867.66,3777.6
30,868.16,3784.5
30,868.66,3774.4
30,869.16,3787.9
30,869.66,3804.4
30,870.16,3816.8
30,870.66,3832.4
30,871.16,3847.5
30,871.66,3848.7
30,872.16,3841.8
30,872.66,3845.6
30,873.16,3864.1
30,873.66,3873.3
30,874.16,3869.2
30,874.66,3874.3
30,875.16,3874.3
30,875.66,3885.8
30,876.16,3916.7
30,876.66,3939.7
30,877.16,3949.3
30,877.66,3949.6
30,878.16,3921.2
30,878.66,3897.2
30,879.16,3887.3
30,879.66,3892.8
30,880.16,3903.9
30,880.66,3895.2
30,881.16,3899
30,881.66,3914.5
30,882.16,3924.8
30,882.66,3865.3
30,883.16,3841.9
30,883.66,3859.5
30,884.16,3876.1
30,884.66,3886
30,885.16,3882.2
30,885.66,3892.7
30,886.16,3913.1
30,886.66,3919.3
30,887.16,3930.8
30,887.66,3944.1
30,888.16,3948.1
30,888.66,3946.3
30,889.16,3943.6
30,889.66,3930.6
30,890.16,3922.7
30,890.66,3929.7
30,891.16,3931
30,891.66,3933.8
30,892.16,3938.2
30,892.66,3936.1
30,893.16,3906.5
30,893.66,3901.2
30,894.16,3899.8
30,894.66,3883.4
30,895.16,3878.2
30,895.66,3874.7
30,896.16,3866.5
30,896.66,3863.2
30,897.16,3846.1
30,897.66,3848.8
30,898.16,3842.9
30,898.66,3843
30,899.16,3852.2
30,899.66,3868
30,900.16,3867.9
30,900.66,3854.7
30,901.16,3836.4
30,901.66,3833.7
30,902.16,3842.2
30,902.66,3858.5
30,903.16,3890.6
30,903.66,3951.2
30,904.16,3994.4
30,904.66,3975.2
30,905.16,3900.9
30,905.66,3879
30,906.16,3875.2
30,906.66,3877.5
30,907.16,3892.4
30,907.66,3901.3
30,908.16,3903.5
30,908.66,3900.7
30,909.16,3900.2
30,909.66,3902
30,910.16,3895.4
30,910.66,3876.2
30,911.16,3886
30,911.66,3921.9
30,912.16,3949.1
30,912.66,3947.9
30,913.16,3943.1
30,913.66,3942
30,914.16,3974.8
30,914.66,3988
30,915.16,3932.5
30,915.66,3929.5
30,916.16,4025.1
30,916.66,4088.3
30,917.16,4057.1
30,917.66,4035.5
30,918.16,4032.6
30,918.66,4040.7
30,919.16,4022.5
30,919.66,3992.2
30,920.16,3976.8
30,920.66,3991.6
30,921.16,4005.2
30,921.66,3992.7
30,922.16,3974.4
30,922.66,3959.6
30,923.16,3944.3
30,923.66,3937.6
30,924.16,3951.5
30,924.66,3943.9
30,925.16,3958.3
30,925.66,4036.2
30,926.16,4085.7
30,926.66,4057.5
30,927.16,4008.5
30,927.66,4006.1
30,928.16,4005.1
30,928.66,4003.3
30,929.16,4026
30,929.66,4052.4
30,930.16,4061.5
30,930.66,4058.4
30,931.16,4054.7
30,931.66,4071.9
30,932.16,4098.5
30,932.66,4094.9
30,933.16,4088.5
30,933.66,4082.4
30,934.16,4074.8
30,934.66,4064.1
30,935.16,4052.5
30,935.66,4042.5
30,936.16,4060.1
30,936.66,4094.5
30,937.16,4091.4
30,937.66,4075.1
30,938.16,4070.8
30,938.66,4068
30,939.16,4100
30,939.66,4104.1
30,940.16,4102.3
30,940.66,4105.7
30,941.16,4079.7
30,941.66,4053.6
30,942.16,4071.3
30,942.66,4109.3
30,943.16,4112.1
30,943.66,4068.8
30,944.16,4071.6
30,944.66,4124.9
30,945.16,4157.3
30,945.66,4113.1
30,946.16,4039.6
30,946.66,3990.3
30,947.16,3957.7
30,947.66,3936.3
30,948.16,3912.7
30,948.66,3862.4
30,949.16,3826.8
30,949.66,3807.7
30,950.16,3831.9
30,950.66,3853.8
30,951.16,3948
30,951.66,4044.6
30,952.16,4054.8
30,952.66,4054.9
30,953.16,4054.8
30,953.66,4083.3
30,954.16,3952.2
30,954.66,3932.9
30,955.16,3909.6
30,955.66,3844.1
30,956.16,3873.2
30,956.66,4001.7
30,957.16,4027.4
30,957.66,3988.3
30,958.16,3942.2
30,958.66,3889.7
30,959.16,3831.4
30,959.66,3819.5
30,960.16,3853.2
30,960.66,3868.7
30,961.16,3851.6
30,961.66,3865.4
30,962.16,3933.7
30,962.66,4019.9
30,963.16,4058
30,963.66,4081.1
30,964.16,4079
30,964.66,4042
30,965.16,3946
30,965.66,3843.5
30,966.16,3816.2
30,966.66,3804.2
30,967.16,3786.5
30,967.66,3853.1
30,968.16,3837
30,968.66,3988.4
30,969.16,4007.8
30,969.66,4001.4
30,970.16,3896.6
30,970.66,3917.9
30,971.16,3958
30,971.66,3979.1
30,972.16,3989.9
30,972.66,4022.1
30,973.16,3992.7
30,973.66,4008.9
30,974.16,4023.6
30,974.66,4041.5
30,975.16,4063.6
30,975.66,4077.8
30,976.16,4048.6
30,976.66,3944.1
30,977.16,3941.9
30,977.66,3976.1
30,978.16,3980.1
30,978.66,3920.5
30,979.16,3927.2
30,979.66,3983.3
30,980.16,4004.6
30,980.66,4005.4
30,981.15,3987.9
30,981.65,4014.4
30,982.15,4057
30,982.65,4075.8
30,983.15,4076
30,983.65,4065.8
30,984.15,4049.5
30,984.65,4036.8
30,985.15,4026.6
30,985.65,3975.3
30,986.15,4008.2
30,986.65,4038.1
30,987.15,4009.9
30,987.65,3980.9
30,988.15,3967.5
30,988.65,3846
30,989.15,3802.3
30,989.65,3826.7
30,990.15,3841.8
30,990.65,3858.6
30,991.15,3859.8
30,991.65,3877.8
30,992.15,3898.1
30,992.65,3892.3
30,993.15,3867.4
30,993.65,3857.3
30,994.15,3843.7
30,994.65,3809.3
30,995.15,3784.5
30,995.65,3762.8
30,996.15,3723
30,996.65,3704.8
30,997.15,3731.2
30,997.65,3759.2
30,998.15,3795.2
30,998.65,3803.6
30,999.15,3760.5
30,999.65,3734.4
30,1000.15,3724.4
30,1000.65,3715.5
30,1001.15,3705.3
30,1001.65,3705.6
30,1002.15,3695.2
30,1002.65,3679.1
30,1003.15,3667
30,1003.65,3667.9
30,1004.15,3653.9
30,1004.65,3644.5
30,1005.15,3663.8
30,1005.65,3696.2
30,1006.15,3711.3
30,1006.65,3707.3
30,1007.15,3712.4
30,1007.65,3733.2
30,1008.15,3751.2
30,1008.65,3772.8
30,1009.15,3766.1
30,1009.65,3753.7
30,1010.15,3761.8
30,1010.65,3750.7
30,1011.15,3734.1
30,1011.65,3721.7
30,1012.15,3717.6
30,1012.65,3713
30,1013.15,3704.9
30,1013.65,3697.2
30,1014.15,3689
30,1014.65,3674.7
30,1015.15,3645
30,1015.65,3628.2
30,1016.15,3603.3
30,1016.65,3591.5
30,1017.15,3550.6
30,1017.65,3544.9
40,0,6.1
40,0.5,4.3
40,1,3.2
40,1.5,2.8
40,2,0.8
40,2.5,0.8
40,3,0.1
40,3.5,0
40,4,0
40,4.49,0
40,4.99,0
40,5.49,0
40,5.99,0
40,6.49,0
40,6.99,0
40,7.49,0
40,7.99,0
40,8.49,0
40,8.99,0
40,9.49,0
40,9.99,0
40,10.49,0
40,10.99,0
40,11.49,0
40,11.99,0
40,12.49,0
40,12.98,0
40,13.48,0
40,13.98,0
40,14.48,0
40,14.98,0
40,15.48,0
40,15.98,0
40,16.48,0
40,16.98,0
40,17.48,0
40,17.98,0
40,18.48,0
40,18.98,0
40,19.48,0
40,19.98,1.1
40,20.48,2.2
40,20.98,4.4
40,21.47,8.7
40,21.97,16.7
40,22.47,21.3
40,22.97,24.4
40,23.47,29.4
40,23.97,34.3
40,24.47,38.3
40,24.97,45.8
40,25.47,54.1
40,25.97,60.9
40,26.47,64.8
40,26.97,68.9
40,27.47,71.2
40,27.97,71.8
40,28.47,73.6
40,28.97,77.8
40,29.47,77.5
40,29.96,77.7
40,30.46,79
40,30.96,80.2
40,31.46,81.4
40,31.96,81.6
40,32.46,82.7
40,32.96,82.8
40,33.46,82.7
40,33.96,82.1
40,34.46,82.4
40,34.96,82.5
40,35.46,82.2
40,35.96,81.9
40,36.46,81.1
40,36.96,80.1
40,37.46,80.1
40,37.96,80.2
40,38.45,80.3
40,38.95,78.9
40,39.45,78.3
40,39.95,78.1
40,40.45,76.6
40,40.95,75.7
40,41.45,74.6
40,41.95,74.2
40,42.45,73.7
40,42.95,73.3
40,43.45,73.5
40,43.95,73
40,44.45,71.3
40,44.95,70.4
40,45.45,69.6
40,45.95,68.8
40,46.45,67.9
40,46.94,66.8
40,47.44,65.7
40,47.94,65.3
40,48.44,64.4
40,48.94,64.1
40,49.44,63.3
40,49.94,62.5
40,50.44,62.4
40,50.94,62.6
40,51.44,63
40,51.94,63.3
40,52.44,63.5
40,52.94,64.3
40,53.44,65.6
40,53.94,66.4
40,54.44,68
40,54.94,68.6
40,55.43,67.7
40,55.93,67.2
40,56.43,67.6
40,56.93,68.7
40,57.43,69.6
40,57.93,70.6
40,58.43,71.8
40,58.93,73
40,59.43,74.3
40,59.93,75.9
40,60.43,78.4
40,60.93,81.4
40,61.43,84.8
40,61.93,87.1
40,62.43,91.6
40,62.93,96.5
40,63.43,98.2
40,63.93,100.3
40,64.42,103.4
40,64.92,107.6
40,65.42,111.5
40,65.92,116.3
40,66.42,121.5
40,66.92,132.9
40,67.42,136.1
40,67.92,139.7
40,68.42,142.4
40,68.92,141.8
40,69.42,140
40,69.92,142.5
40,70.42,145.1
40,70.92,147.6
40,71.42,150.2
40,71.92,152.2
40,72.42,154.3
40,72.91,156.9
40,73.41,158.6
40,73.91,161.3
40,74.41,164
40,74.91,167.2
40,75.41,170.1
40,75.91,172.9
40,76.41,176.2
40,76.91,179.8
40,77.41,184.6
40,77.91,190.1
40,78.41,195.2
40,78.91,200.6
40,79.41,204.9
40,79.91,208.6
40,80.41,212.3
40,80.91,214.7
40,81.4,214.9
40,81.9,216.1
40,82.4,217
40,82.9,217.3
40,83.4,217.5
40,83.9,219.1
40,84.4,221.7
40,84.9,224
40,85.4,226.3
40,85.9,228.2
40,86.4,231.1
40,86.9,233.8
40,87.4,238.2
40,87.9,242.2
40,88.4,246.2
40,88.9,250.3
40,89.4,254.7
40,89.89,259.1
40,90.39,265.1
40,90.89,271.6
40,91.39,276
40,91.89,280.1
40,92.39,281.6
40,92.89,279.8
40,93.39,277.3
40,93.89,309.3
40,94.39,316.4
40,94.89,321.9
40,95.39,326.6
40,95.89,330.7
40,96.39,335.3
40,96.89,339.5
40,97.39,344.1
40,97.89,347.3
40,98.38,349.9
40,98.88,353
40,99.38,355
40,99.88,357
40,100.38,359.2
40,100.88,361.6
40,101.38,364.9
40,101.88,368.6
40,102.38,373.3
40,102.88,378.1
40,103.38,383.1
40,103.88,388.2
40,104.38,393.3
40,104.88,398.9
40,105.38,406.5
40,105.88,415.2
40,106.38,423.1
40,106.87,433.8
40,107.37,442.3
40,107.87,452
40,108.37,459
40,108.87,466.1
40,109.37,474.8
40,109.87,484.4
40,110.37,494
40,110.87,502.9
40,111.37,512.1
40,111.87,520.7
40,112.37,529.4
40,112.87,537.6
40,113.37,544.4
40,113.87,550.8
40,114.37,558.7
40,114.87,567.2
40,115.36,572.3
40,115.86,575.8
40,116.36,580.7
40,116.86,585
40,117.36,588.4
40,117.86,591.2
40,118.36,595.2
40,118.86,599
40,119.36,602.8
40,119.86,607.6
40,120.36,612
40,120.86,616.9
40,121.36,621.1
40,121.86,625.1
40,122.36,627.4
40,122.86,630.7
40,123.36,637.2
40,123.85,644.3
40,124.35,648.1
40,124.85,651.8
40,125.35,655.8
40,125.85,659.1
40,126.35,661.6
40,126.85,663.8
40,127.35,666.9
40,127.85,671.6
40,128.35,674.9
40,128.85,677.8
40,129.35,680.4
40,129.85,683.8
40,130.35,687.6
40,130.85,691.4
40,131.35,694.7
40,131.85,698.3
40,132.34,701.7
40,132.84,705.1
40,133.34,708.3
40,133.84,711.4
40,134.34,719.9
40,134.84,730.1
40,135.34,740.1
40,135.84,750.3
40,136.34,762
40,136.84,774.4
40,137.34,783.6
40,137.84,797.5
40,138.34,807.4
40,138.84,811.8
40,139.34,818.8
40,139.84,824
40,140.34,831.9
40,140.84,842.8
40,141.34,849
40,141.84,850.1
40,142.34,852.6
40,142.84,856.3
40,143.34,859.1
40,143.84,864.2
40,144.34,867.4
40,144.84,869.6
40,145.34,873
40,145.84,878.7
40,146.34,886.2
40,146.84,873.2
40,147.34,861
40,147.84,860.1
40,148.34,864
40,148.84,869.7
40,149.34,873
40,149.84,875.7
40,150.34,878.3
40,150.84,880.3
40,151.34,883.1
40,151.84,885.9
40,152.34,888.7
40,152.84,891.5
40,153.34,892
40,153.84,874.2
40,154.34,836.1
40,154.84,812.1
40,155.34,806.4
40,155.84,828.2
40,156.34,886.8
40,156.84,934
40,157.34,945.7
40,157.84,946.1
40,158.34,955.2
40,158.84,964
40,159.34,974.1
40,159.84,986.6
40,160.34,999.5
40,160.84,1011.6
40,161.34,1020.8
40,161.84,1031
40,162.34,1050.4
40,162.84,1073.2
40,163.34,1094.7
40,163.84,1100.2
40,164.34,1100.3
40,164.84,1115.4
40,165.34,1122.1
40,165.84,1116.9
40,166.34,1128.6
40,166.84,1156.4
40,167.34,1188.7
40,167.84,1194.1
40,168.34,1213.7
40,168.84,1240.1
40,169.34,1273.1
40,169.84,1335
40,170.34,1451.2
40,170.84,1512.2
40,171.34,1484.7
40,171.84,1494.7
40,172.34,1554
40,172.84,1610.7
40,173.34,1673.8
40,173.84,1755.8
40,174.34,1824.6
40,174.84,1861.5
40,175.34,1920.8
40,175.84,1994.2
40,176.34,2090
40,176.84,2213
40,177.34,2315.6
40,177.84,2404
40,178.34,2508.3
40,178.84,2576.9
40,179.34,2619.3
40,179.84,2641.6
40,180.34,2697.9
40,180.84,2787.8
40,181.34,2873.2
40,181.84,2964
40,182.34,3044.9
40,182.84,3083.5
40,183.34,3089.6
40,183.84,3092
40,184.34,3093.2
40,184.84,3093.7
40,185.34,3096.8
40,185.84,3098.6
40,186.34,3098.9
40,186.84,3099.7
40,187.34,3100.7
40,187.84,3101
40,188.34,3101.1
40,188.84,3102.1
40,189.34,3103.2
40,189.84,3103.7
40,190.34,3104.5
40,190.84,3105.5
40,191.34,3106.5
40,191.84,3107.6
40,192.34,3105.3
40,192.84,3103.5
40,193.34,3103.1
40,193.84,3103.9
40,194.34,3105.5
40,194.84,3105.5
40,195.34,3104
40,195.84,3104.7
40,196.34,3104.8
40,196.84,3104.4
40,197.34,3106.5
40,197.84,3109.8
40,198.34,3111.7
40,198.84,3112
40,199.34,3117
40,199.84,3118
40,200.34,3114.5
40,200.84,3112.4
40,201.34,3110.7
40,201.84,3107.9
40,202.34,3105.7
40,202.84,3105.4
40,203.34,3105.8
40,203.84,3105.2
40,204.34,3105.1
40,204.84,3105.1
40,205.34,3104.4
40,205.84,3104.8
40,206.34,3104
40,206.84,3104.7
40,207.34,3109.7
40,207.84,3115
40,208.34,3122.3
40,208.84,3135.6
40,209.34,3142.5
40,209.84,3142.2
40,210.34,3136.1
40,210.84,3131.1
40,211.34,3126.1
40,211.84,3119.2
40,212.34,3116
40,212.84,3113.7
40,213.34,3111.4
40,213.84,3109.7
40,214.34,3110.9
40,214.84,3111.8
40,215.34,3111
40,215.84,3110.8
40,216.34,3110.1
40,216.84,3110.2
40,217.34,3111.9
40,217.84,3113.4
40,218.34,3114.9
40,218.84,3116.3
40,219.34,3117.6
40,219.84,3116.1
40,220.34,3115.3
40,220.84,3114.1
40,221.34,3111.9
40,221.84,3106.5
40,222.34,3100.8
40,222.84,3098.5
40,223.34,3095.6
40,223.84,3091.4
40,224.34,3087.4
40,224.84,3083.5
40,225.34,3072.1
40,225.84,3064.4
40,226.34,3062.6
40,226.84,3059
40,227.34,3057.5
40,227.84,3055.7
40,228.34,3050.9
40,228.84,3040.9
40,229.34,3035.5
40,229.84,3031.2
40,230.34,3029.8
40,230.84,3032
40,231.34,3039.2
40,231.84,3047.2
40,232.34,3050.5
40,232.85,3050.3
40,233.35,3050.1
40,233.85,3049.1
40,234.35,3047.8
40,234.85,3044.7
40,235.35,3048
40,235.85,3054.6
40,236.35,3058.6
40,236.85,3060.4
40,237.35,3063.2
40,237.85,3067.4
40,238.35,3071.2
40,238.85,3076
40,239.35,3077
40,239.85,3080.2
40,240.35,3082.4
40,240.85,3081.3
40,241.35,3081.5
40,241.85,3079.8
40,242.35,3079.6
40,242.85,3080.8
40,243.35,3079.5
40,243.85,3077.7
40,244.35,3076.4
40,244.85,3076.1
40,245.35,3074.2
40,245.85,3075.9
40,246.35,3078.5
40,246.85,3077.5
40,247.35,3078.8
40,247.85,3078
40,248.35,3078.3
40,248.85,3080.9
40,249.35,3086.5
40,249.85,3089.2
40,250.35,3089.8
40,250.85,3090.5
40,251.35,3090.8
40,251.85,3091
40,252.35,3090.9
40,252.85,3092.8
40,253.35,3094.1
40,253.85,3093.2
40,254.35,3090
40,254.85,3088.5
40,255.35,3089.6
40,255.85,3091.1
40,256.35,3092.9
40,256.85,3095.6
40,257.35,3096.4
40,257.85,3096
40,258.35,3096
40,258.85,3096.1
40,259.35,3093.8
40,259.85,3093.2
40,260.35,3092.8
40,260.85,3092
40,261.35,3092.3
40,261.85,3092.9
40,262.35,3093.5
40,262.85,3092
40,263.35,3091.3
40,263.85,3091
40,264.35,3091.6
40,264.85,3092.1
40,265.35,3093.2
40,265.85,3094
40,266.35,3093.3
40,266.85,3093.3
40,267.35,3093.5
40,267.85,3092.4
40,268.35,3091.4
40,268.85,3089.2
40,269.35,3088.1
40,269.85,3090.8
40,270.35,3094.2
40,270.85,3095.6
40,271.35,3098.3
40,271.85,3099
40,272.35,3097.7
40,272.85,3094.8
40,273.35,3091.9
40,273.85,3086.1
40,274.35,3084
40,274.85,3082.2
40,275.35,3083
40,275.85,3083.4
40,276.35,3080.1
40,276.85,3079.7
40,277.35,3080.3
40,277.85,3077.5
40,278.35,3081.7
40,278.85,3083.9
40,279.35,3082.2
40,279.85,3088.4
40,280.35,3092.5
40,280.85,3091.4
40,281.35,3093.4
40,281.85,3097.1
40,282.35,3099.4
40,282.85,3090.2
40,283.35,3078.6
40,283.85,3071.6
40,284.35,3066.6
40,284.85,3060.7
40,285.35,3058.5
40,285.85,3056.4
40,286.35,3056.7
40,286.85,3059.2
40,287.35,3060.7
40,287.85,3061.6
40,288.35,3062.8
40,288.85,3062.9
40,289.35,3068.4
40,289.85,3073.5
40,290.35,3072.7
40,290.85,3067.2
40,291.35,3058.2
40,291.85,3064
40,292.35,3077.1
40,292.85,3091.3
40,293.35,3089.4
40,293.85,3087
40,294.35,3087.9
40,294.85,3083.4
40,295.35,3083.1
40,295.85,3083.2
40,296.35,3084.2
40,296.85,3082.5
40,297.35,3079.7
40,297.85,3068.2
40,298.35,3057.3
40,298.85,3055.8
40,299.35,3057.2
40,299.85,3056.2
40,300.35,3057.4
40,300.85,3070.5
40,301.35,3078.1
40,301.85,3074.5
40,302.35,3073
40,302.85,3078.3
40,303.35,3080.6
40,303.85,3080.2
40,304.35,3075.8
40,304.85,3076.3
40,305.35,3079.9
40,305.85,3079.8
40,306.35,3082.3
40,306.85,3088.1
40,307.35,3087.1
40,307.85,3092.1
40,308.35,3098
40,308.85,3090.2
40,309.35,3097.5
40,309.85,3107.8
40,310.35,3110.6
40,310.85,3116.7
40,311.35,3123.1
40,311.85,3125.8
40,312.35,3127.9
40,312.85,3132.6
40,313.35,3134.8
40,313.85,3129.4
40,314.35,3118.5
40,314.85,3113.2
40,315.35,3113.4
40,315.85,3110.7
40,316.35,3110.6
40,316.85,3111.9
40,317.35,3114
40,317.85,3115.9
40,318.35,3119.3
40,318.85,3122.4
40,319.34,3121.1
40,319.84,3123.1
40,320.34,3123.9
40,320.84,3126.2
40,321.34,3130.5
40,321.84,3136.3
40,322.34,3140.1
40,322.84,3145.8
40,323.34,3154.9
40,323.84,3160.1
40,324.34,3157.4
40,324.84,3150
40,325.34,3145.5
40,325.84,3142.1
40,326.34,3137.3
40,326.84,3132.1
40,327.34,3129.4
40,327.84,3128
40,328.34,3124.6
40,328.84,3123.4
40,329.34,3123
40,329.84,3119.3
40,330.34,3116.5
40,330.84,3114.2
40,331.34,3112.4
40,331.84,3112.6
40,332.34,3115.2
40,332.84,3118.5
40,333.34,3119.3
40,333.84,3121.1
40,334.34,3128.9
40,334.84,3132.2
40,335.34,3128.1
40,335.84,3126.4
40,336.34,3126
40,336.84,3121
40,337.34,3116.8
40,337.84,3116.7
40,338.34,3117.7
40,338.84,3117.2
40,339.34,3118.5
40,339.84,3122.4
40,340.34,3121.8
40,340.84,3122.1
40,341.34,3124.3
40,341.84,3126
40,342.34,3126.4
40,342.84,3131
40,343.34,3138.1
40,343.84,3140.9
40,344.34,3145.5
40,344.84,3152.3
40,345.34,3153.4
40,345.84,3149.4
40,346.34,3143.3
40,346.84,3138.6
40,347.34,3133.6
40,347.84,3128.5
40,348.34,3125.8
40,348.84,3123.9
40,349.34,3123.1
40,349.84,3123.7
40,350.34,3124.5
40,350.84,3125
40,351.34,3123.1
40,351.84,3122.8
40,352.34,3123.6
40,352.84,3123.4
40,353.34,3120.8
40,353.84,3118.8
40,354.34,3116
40,354.84,3112.7
40,355.34,3108.4
40,355.84,3111.6
40,356.34,3117.7
40,356.84,3121.6
40,357.34,3121.1
40,357.84,3119.7
40,358.34,3120.2
40,358.84,3120.4
40,359.34,3121.3
40,359.84,3121.5
40,360.34,3121.1
40,360.84,3121.3
40,361.34,3122.6
40,361.84,3118.7
40,362.34,3115.1
40,362.84,3119.3
40,363.34,3121.7
40,363.84,3123.6
40,364.34,3126.2
40,364.84,3127.7
40,365.34,3129.9
40,365.84,3126.6
40,366.34,3121
40,366.84,3119.9
40,367.34,3118.5
40,367.84,3115.6
40,368.34,3112.6
40,368.84,3111.8
40,369.34,3110.2
40,369.84,3109.7
40,370.34,3108.2
40,370.84,3103.7
40,371.34,3098.3
40,371.84,3093.6
40,372.34,3088.6
40,372.84,3081.5
40,373.34,3072.5
40,373.84,3053.4
40,374.34,3047.8
40,374.84,3047
40,375.34,3042.3
40,375.84,3035.5
40,376.34,3002.8
40,376.84,2977.1
40,377.34,3049.2
40,377.84,3117.2
40,378.34,3123
40,378.84,3128.1
40,379.34,3138.2
40,379.84,3150.9
40,380.34,3154.9
40,380.84,3159.8
40,381.34,3165.7
40,381.84,3173.3
40,382.34,3177.9
40,382.84,3180.3
40,383.34,3182.1
40,383.84,3186.6
40,384.34,3191.2
40,384.84,3195.5
40,385.34,3196.4
40,385.84,3198.7
40,386.34,3205.7
40,386.84,3213.7
40,387.34,3224.1
40,387.84,3231.2
40,388.34,3236.2
40,388.84,3231
40,389.34,3226.9
40,389.84,3228.5
40,390.34,3226.3
40,390.84,3226.5
40,391.34,3235.5
40,391.84,3237.2
40,392.34,3225.2
40,392.84,3214.8
40,393.34,3230.8
40,393.84,3262.9
40,394.34,3274.7
40,394.84,3284.9
40,395.34,3290.1
40,395.84,3295.2
40,396.34,3291.8
40,396.84,3278.3
40,397.34,3268.5
40,397.84,3262.2
40,398.34,3261.7
40,398.84,3268
40,399.34,3273.8
40,399.84,3278.8
40,400.34,3280.8
40,400.84,3275.1
40,401.34,3257.6
40,401.84,3250.7
40,402.34,3248.1
40,402.84,3246.6
40,403.34,3246.3
40,403.84,3246
40,404.34,3247.6
40,404.84,3251.7
40,405.34,3252.7
40,405.84,3252.5
40,406.34,3250.1
40,406.84,3244.9
40,407.34,3242.3
40,407.84,3234
40,408.34,3224.6
40,408.84,3218.7
40,409.34,3218.5
40,409.84,3219
40,410.34,3216.4
40,410.84,3206.4
40,411.34,3200.4
40,411.84,3202.4
40,412.34,3203
40,412.84,3203.7
40,413.34,3203.3
40,413.84,3201.8
40,414.34,3201.7
40,414.84,3202.1
40,415.34,3202.2
40,415.84,3199.7
40,416.34,3185.8
40,416.84,3167.2
40,417.34,3163.8
40,417.84,3165
40,418.34,3166.3
40,418.84,3167
40,419.34,3163.6
40,419.84,3151.2
40,420.34,3137.5
40,420.84,3139.2
40,421.34,3147
40,421.84,3149
40,422.34,3138.3
40,422.84,3126
40,423.34,3107.8
40,423.84,3064.9
40,424.34,2991.7
40,424.84,2936.1
40,425.34,2879.9
40,425.84,2807.1
40,426.34,2729.2
40,426.84,2549.1
40,427.34,2356.9
40,427.84,2210
40,428.34,2023.1
40,428.84,1920.1
40,429.34,1915.7
40,429.84,1942.3
40,430.34,1914.8
40,430.84,1866.7
40,431.34,1834.8
40,431.84,1841.1
40,432.34,1824.9
40,432.84,1790.2
40,433.34,1715.7
40,433.84,1632.4
40,434.34,1546.4
40,434.84,1513.4
40,435.34,1486.9
40,435.84,1440.1
40,436.34,1381.4
40,436.84,1334
40,437.34,1331.8
40,437.84,1327.5
40,438.34,1326.3
40,438.84,1334.4
40,439.34,1378.3
40,439.84,1448.5
40,440.34,1545.3
40,440.84,1678.8
40,441.34,1845.8
40,441.84,1897.9
40,442.34,1819
40,442.84,1779
40,443.34,1824
40,443.84,1912.1
40,444.34,1997.2
40,444.84,2149.3
40,445.34,2343.6
40,445.84,2610.1
40,446.34,2871
40,446.84,2944.6
40,447.34,3001
40,447.84,3111.2
40,448.34,3136.4
40,448.84,3227.3
40,449.34,3480.5
40,449.84,3717
40,450.34,3852.3
40,450.84,3891.8
40,451.34,3887.5
40,451.84,3943.7
40,452.34,3987.8
40,452.84,4017.2
40,453.34,4074.1
40,453.84,4115.8
40,454.34,4160.3
40,454.84,4209
40,455.34,4245.4
40,455.84,4279.7
40,456.34,4312.2
40,456.84,4335.1
40,457.34,4334.6
40,457.84,4348.8
40,458.34,4388.3
40,458.84,4424.7
40,459.34,4459.2
40,459.84,4486.6
40,460.34,4510.6
40,460.84,4519.7
40,461.34,4522.2
40,461.84,4522
40,462.34,4519.9
40,462.84,4518
40,463.34,4519.1
40,463.84,4519.9
40,464.34,4518.9
40,464.84,4514.6
40,465.34,4509.1
40,465.84,4505.3
40,466.34,4503.1
40,466.84,4501.4
40,467.34,4500.6
40,467.84,4500.7
40,468.34,4501
40,468.84,4506.2
40,469.34,4509.6
40,469.84,4511.2
40,470.34,4511.7
40,470.84,4512.4
40,471.34,4513.6
40,471.84,4519
40,472.34,4524.6
40,472.84,4531
40,473.34,4536.4
40,473.84,4538.9
40,474.34,4539.7
40,474.84,4540
40,475.34,4539.4
40,475.84,4540
40,476.34,4539.7
40,476.84,4540
40,477.34,4540
40,477.84,4539.8
40,478.34,4539.4
40,478.84,4538.6
40,479.34,4537.6
40,479.84,4535.5
40,480.34,4535.4
40,480.84,4533.9
40,481.34,4532.9
40,481.84,4533.5
40,482.34,4531.2
40,482.84,4531.8
40,483.34,4531.4
40,483.84,4528.5
40,484.34,4526.9
40,484.84,4530.4
40,485.34,4527
40,485.84,4524.3
40,486.34,4524.4
40,486.84,4523.9
40,487.34,4525
40,487.84,4525
40,488.34,4523.8
40,488.84,4523
40,489.34,4522.5
40,489.84,4522
40,490.34,4520.6
40,490.84,4519.9
40,491.34,4520
40,491.84,4520.3
40,492.34,4521.1
40,492.84,4521
40,493.34,4522
40,493.84,4522
40,494.34,4522
40,494.84,4522
40,495.34,4522
40,495.84,4522.5
40,496.34,4523.3
40,496.84,4523.5
40,497.34,4523
40,497.84,4523
40,498.34,4521.8
40,498.84,4520.6
40,499.34,4520.1
40,499.84,4520
40,500.34,4520.4
40,500.84,4522.2
40,501.34,4523.2
40,501.84,4524
40,502.34,4524
40,502.84,4525
40,503.34,4525.3
40,503.84,4524.9
40,504.34,4524.3
40,504.84,4523.8
40,505.34,4524.7
40,505.84,4528
40,506.34,4528.1
40,506.84,4528
40,507.34,4527.7
40,507.84,4525.5
40,508.34,4525.6
40,508.84,4528.2
40,509.34,4529.1
40,509.83,4529.6
40,510.33,4528.6
40,510.83,4526.3
40,511.33,4522.5
40,511.83,4520.5
40,512.33,4521
40,512.83,4519.2
40,513.33,4523.3
40,513.83,4529.8
40,514.33,4535
40,514.83,4534.9
40,515.33,4534.8
40,515.83,4533.4
40,516.33,4540.4
40,516.83,4541.2
40,517.33,4542.1
40,517.83,4552.1
40,518.33,4560
40,518.83,4559.9
40,519.33,4569.7
40,519.83,4571.7
40,520.33,4572
40,520.83,4572.9
40,521.33,4575.6
40,521.83,4574.9
40,522.33,4578.1
40,522.83,4578.4
40,523.33,4577
40,523.83,4577.6
40,524.33,4574.3
40,524.83,4573.3
40,525.33,4574.8
40,525.83,4568
40,526.33,4567.4
40,526.83,4564.4
40,527.33,4555.3
40,527.83,4557.5
40,528.33,4559.7
40,528.83,4560.6
40,529.33,4562.8
40,529.83,4556.8
40,530.33,4551.9
40,530.83,4539.8
40,531.33,4533.1
40,531.83,4535.3
40,532.33,4545.9
40,532.83,4544.7
40,533.33,4537.3
40,533.83,4534.7
40,534.33,4530.6
40,534.83,4526.3
40,535.33,4526.4
40,535.83,4529.3
40,536.33,4531.7
40,536.83,4532.9
40,537.33,4533
40,537.83,4529.7
40,538.33,4526.3
40,538.83,4522.8
40,539.33,4520.6
40,539.83,4519.3
40,540.33,4519.4
40,540.83,4520.7
40,541.33,4522.8
40,541.83,4523.2
40,542.33,4522
40,542.83,4519.5
40,543.33,4515.1
40,543.83,4509.4
40,544.33,4502.7
40,544.83,4498.9
40,545.33,4497.4
40,545.83,4497.3
40,546.33,4498.7
40,546.83,4503.8
40,547.33,4508.9
40,547.83,4512.4
40,548.33,4515.6
40,548.83,4518.9
40,549.33,4520.3
40,549.83,4523
40,550.33,4527.6
40,550.83,4533.1
40,551.33,4537.5
40,551.83,4541
40,552.33,4544.6
40,552.83,4548
40,553.33,4549
40,553.83,4555.5
40,554.33,4564.7
40,554.83,4564.5
40,555.33,4562.9
40,555.83,4562.7
40,556.33,4564.4
40,556.83,4565.1
40,557.33,4561.4
40,557.83,4562.1
40,558.33,4568.6
40,558.83,4570.4
40,559.33,4570.8
40,559.83,4565
40,560.33,4557.1
40,560.83,4561.6
40,561.33,4568
40,561.83,4566.2
40,562.33,4564.2
40,562.83,4561.6
40,563.33,4559.2
40,563.83,4543.9
40,564.33,4542.1
40,564.83,4548.2
40,565.33,4552.5
40,565.83,4559.1
40,566.33,4557.9
40,566.83,4563
40,567.33,4560.8
40,567.83,4541.5
40,568.33,4533.2
40,568.83,4546.2
40,569.33,4551.2
40,569.83,4552.5
40,570.33,4555.9
40,570.83,4557.8
40,571.33,4553.2
40,571.83,4543
40,572.33,4535.6
40,572.83,4526
40,573.33,4516.7
40,573.83,4512.5
40,574.33,4512.1
40,574.83,4516.7
40,575.33,4513.9
40,575.83,4510.9
40,576.33,4508.8
40,576.83,4505.8
40,577.33,4503.9
40,577.83,4504
40,578.33,4503.8
40,578.83,4504.6
40,579.33,4504.9
40,579.83,4504.3
40,580.33,4499.3
40,580.83,4490.6
40,581.33,4480.5
40,581.83,4474.8
40,582.33,4474.4
40,582.83,4474.1
40,583.33,4474.4
40,583.83,4473.8
40,584.33,4472.1
40,584.83,4469.8
40,585.33,4467.9
40,585.83,4464.9
40,586.33,4462.9
40,586.83,4465
40,587.33,4472.1
40,587.83,4469
40,588.33,4472.4
40,588.83,4484.5
40,589.33,4488.1
40,589.83,4471.9
40,590.33,4465.5
40,590.83,4476.6
40,591.33,4486.3
40,591.83,4492
40,592.33,4503.8
40,592.83,4536.1
40,593.33,4552.1
40,593.83,4545.5
40,594.33,4537.7
40,594.83,4536.7
40,595.33,4535.5
40,595.83,4521.6
40,596.33,4502.7
40,596.83,4495
40,597.33,4510.8
40,597.83,4510.1
40,598.33,4507.6
40,598.83,4510
40,599.33,4512.9
40,599.83,4515.5
40,600.33,4516.5
40,600.83,4517.5
40,601.33,4518
40,601.83,4518.1
40,602.33,4517.9
40,602.83,4516.6
40,603.33,4515
40,603.83,4512
40,604.33,4508.8
40,604.82,4506.9
40,605.32,4507.7
40,605.82,4508.4
40,606.32,4509.5
40,606.82,4510.8
40,607.32,4512.4
40,607.82,4514.3
40,608.32,4515.8
40,608.82,4516.2
40,609.32,4518.4
40,609.82,4519.9
40,610.32,4522.3
40,610.82,4523.3
40,611.32,4523.4
40,611.82,4522.5
40,612.32,4521.1
40,612.82,4518.8
40,613.32,4517.5
40,613.82,4516.6
40,614.32,4519.2
40,614.82,4522.9
40,615.32,4526.8
40,615.82,4532.1
40,616.32,4538.5
40,616.82,4544
40,617.32,4549.4
40,617.82,4553.5
40,618.32,4557
40,618.82,4560
40,619.32,4562.5
40,619.82,4565.1
40,620.32,4567.7
40,620.82,4569.8
40,621.32,4571.6
40,621.82,4573.5
40,622.32,4575.4
40,622.82,4577
40,623.32,4578
40,623.82,4578.7
40,624.32,4579.5
40,624.82,4578.8
40,625.32,4574.5
40,625.82,4567.3
40,626.32,4556.6
40,626.82,4545.6
40,627.32,4534.6
40,627.82,4528.2
40,628.32,4523.2
40,628.82,4519
40,629.32,4515.6
40,629.82,4510
40,630.32,4504.7
40,630.82,4501
40,631.32,4502
40,631.82,4503.4
40,632.32,4504.4
40,632.82,4504
40,633.32,4502.2
40,633.82,4499.2
40,634.32,4493.8
40,634.82,4493.7
40,635.32,4501.8
40,635.82,4505.4
40,636.32,4501.6
40,636.82,4494.5
40,637.32,4491.2
40,637.82,4489.6
40,638.32,4492.5
40,638.82,4500.1
40,639.32,4511.2
40,639.82,4522.4
40,640.32,4513
40,640.82,4496.6
40,641.32,4487.2
40,641.82,4481.2
40,642.32,4483.1
40,642.82,4488.5
40,643.32,4491.1
40,643.82,4498.8
40,644.32,4504.9
40,644.82,4511.6
40,645.32,4511.7
40,645.82,4503.5
40,646.32,4499.7
40,646.82,4507.6
40,647.32,4514
40,647.82,4516.6
40,648.32,4517.1
40,648.82,4517.5
40,649.32,4516.9
40,649.82,4516.3
40,650.32,4514
40,650.82,4511.5
40,651.32,4508.5
40,651.82,4505.8
40,652.32,4503.5
40,652.82,4500.3
40,653.32,4497.5
40,653.82,4494.3
40,654.32,4490.7
40,654.82,4487.6
40,655.32,4484.3
40,655.82,4482.4
40,656.32,4481.1
40,656.82,4481.4
40,657.32,4481.2
40,657.82,4482.1
40,658.32,4482.7
40,658.82,4482.5
40,659.32,4481.4
40,659.82,4480.4
40,660.32,4479.2
40,660.82,4477.8
40,661.32,4475.4
40,661.82,4472.7
40,662.32,4467.8
40,662.82,4462.5
40,663.32,4456.8
40,663.82,4449.4
40,664.32,4443.3
40,664.82,4438.3
40,665.32,4432
40,665.82,4428
40,666.32,4423.8
40,666.82,4419.9
40,667.32,4416.4
40,667.82,4416.4
40,668.32,4420.2
40,668.82,4426.8
40,669.32,4437.5
40,669.82,4450.4
40,670.32,4458.2
40,670.82,4455.4
40,671.32,4445.7
40,671.82,4456
40,672.31,4483.8
40,672.81,4471.9
40,673.31,4437.1
40,673.81,4399.9
40,674.31,4381.7
40,674.81,4386.1
40,675.31,4388.1
40,675.81,4387.4
40,676.31,4386.1
40,676.81,4384.3
40,677.31,4392.7
40,677.81,4414.7
40,678.31,4426.3
40,678.81,4430.8
40,679.31,4428.5
40,679.81,4427.1
40,680.31,4428.7
40,680.81,4424.1
40,681.31,4415.6
40,681.81,4411.2
40,682.31,4413.6
40,682.81,4410.7
40,683.31,4397.4
40,683.81,4392.3
40,684.31,4393.7
40,684.81,4392.5
40,685.31,4389.1
40,685.81,4388
40,686.31,4387.2
40,686.81,4378.9
40,687.31,4376.2
40,687.81,4384.8
40,688.31,4398.1
40,688.81,4409.8
40,689.31,4413.4
40,689.81,4413.6
40,690.31,4416
40,690.81,4418
40,691.31,4417.2
40,691.81,4417.1
40,692.31,4418.5
40,692.81,4420.1
40,693.31,4419.9
40,693.81,4421.7
40,694.31,4423.3
40,694.81,4424.3
40,695.31,4424.6
40,695.81,4425.3
40,696.31,4427.4
40,696.81,4431
40,697.31,4434.2
40,697.81,4433
40,698.31,4436.5
40,698.81,4438
40,699.31,4432.8
40,699.81,4430.8
40,700.31,4435.8
40,700.81,4440.6
40,701.31,4437.7
40,701.81,4437.5
40,702.31,4444.8
40,702.81,4457.7
40,703.31,4457.6
40,703.81,4452.3
40,704.31,4450.6
40,704.81,4452.6
40,705.31,4458.4
40,705.81,4460.8
40,706.31,4460.1
40,706.81,4462.7
40,707.31,4461.7
40,707.81,4454.4
40,708.31,4449.9
40,708.81,4448
40,709.31,4441
40,709.81,4426.4
40,710.31,4410.1
40,710.81,4398.3
40,711.31,4389.5
40,711.81,4387.5
40,712.31,4390.2
40,712.81,4401.6
40,713.31,4425.2
40,713.81,4448.4
40,714.31,4464.7
40,714.81,4466.3
40,715.31,4470.8
40,715.81,4476.1
40,716.31,4473.3
40,716.81,4476.4
40,717.31,4500.1
40,717.81,4480.7
40,718.31,4441.9
40,718.81,4465.8
40,719.31,4507.5
40,719.81,4520
40,720.31,4510.9
40,720.81,4499.8
40,721.31,4494.3
40,721.81,4491.6
40,722.31,4491
40,722.81,4490.6
40,723.31,4490
40,723.81,4489.5
40,724.31,4490.5
40,724.81,4487.9
40,725.31,4483.3
40,725.81,4481.5
40,726.31,4483
40,726.81,4484.4
40,727.31,4485
40,727.81,4490.5
40,728.31,4493.8
40,728.81,4515
40,729.31,4531.6
40,729.81,4525.1
40,730.31,4501.1
40,730.81,4466.6
40,731.31,4429.1
40,731.81,4411.7
40,732.31,4413.7
40,732.81,4406.6
40,733.31,4384.5
40,733.81,4375.3
40,734.31,4370.3
40,734.81,4343.3
40,735.31,4318.8
40,735.8,4352
40,736.3,4391.8
40,736.8,4409.5
40,737.3,4425
40,737.8,4417.5
40,738.3,4407.2
40,738.8,4394.2
40,739.3,4377.4
40,739.8,4362.2
40,740.3,4351.3
40,740.8,4351.6
40,741.3,4348.2
40,741.8,4346.4
40,742.3,4328.8
40,742.8,4251.6
40,743.3,4206.5
40,743.8,4186.4
40,744.3,4151.3
40,744.8,4134.4
40,745.3,4138.8
40,745.8,4165.3
40,746.3,4183.7
40,746.8,4182.1
40,747.3,4189
40,747.8,4151.7
40,748.3,4122.6
40,748.8,4128.9
40,749.3,4127.1
40,749.8,4075.2
40,750.3,3971.1
40,750.8,3838.3
40,751.3,3706.7
40,751.8,3528.1
40,752.3,3348
40,752.8,3218.7
40,753.3,3095.5
40,753.8,3020.4
40,754.3,2978.1
40,754.8,2898.3
40,755.3,2753.6
40,755.8,2572.7
40,756.3,2445.1
40,756.8,2399.2
40,757.3,2330.9
40,757.8,2130.7
40,758.3,2069.4
40,758.8,2271.3
40,759.3,2387.5
40,759.8,2441.8
40,760.3,2568.5
40,760.8,2753
40,761.3,3056.2
40,761.8,3344.5
40,762.3,3549.2
40,762.8,3689.7
40,763.3,3775.1
40,763.8,3837
40,764.3,3922.9
40,764.8,4033.3
40,765.3,4116.7
40,765.8,4175.1
40,766.3,4246.1
40,766.8,4298.3
40,767.3,4367.9
40,767.8,4430.6
40,768.3,4498.3
40,768.8,4542.4
40,769.3,4572
40,769.8,4589.8
40,770.3,4585.4
40,770.8,4588.1
40,771.3,4601.6
40,771.8,4560
40,772.3,4552.7
40,772.8,4551.9
40,773.3,4552.7
40,773.8,4547.9
40,774.3,4543.8
40,774.8,4550.3
40,775.3,4549.6
40,775.8,4543.1
40,776.3,4544.1
40,776.8,4549.6
40,777.3,4548.3
40,777.8,4548.2
40,778.3,4521.3
40,778.8,4499.7
40,779.3,4486.6
40,779.8,4488.3
40,780.3,4487.8
40,780.8,4478
40,781.3,4475.2
40,781.8,4486.1
40,782.3,4500.7
40,782.8,4507.2
40,783.3,4507.3
40,783.8,4504.3
40,784.3,4504
40,784.8,4510.8
40,785.29,4515.3
40,785.79,4517.5
40,786.29,4520.2
40,786.79,4526.8
40,787.29,4533.9
40,787.79,4539.5
40,788.29,4543.9
40,788.79,4547.8
40,789.29,4554
40,789.79,4564.2
40,790.29,4571.9
40,790.79,4575.8
40,791.29,4572.2
40,791.79,4562.8
40,792.29,4548.9
40,792.79,4530.3
40,793.29,4508.7
40,793.79,4482.3
40,794.29,4450.8
40,794.79,4418.4
40,795.29,4391
40,795.79,4371.6
40,796.29,4357.5
40,796.79,4344.2
40,797.29,4334.1
40,797.79,4328.6
40,798.29,4324.6
40,798.79,4320.9
40,799.29,4318.1
40,799.79,4317
40,800.29,4316.1
40,800.79,4315.2
40,801.29,4313.2
40,801.79,4311.7
40,802.29,4312.3
40,802.79,4313.7
40,803.29,4314.2
40,803.79,4314.1
40,804.29,4311.2
40,804.79,4306.4
40,805.29,4301.9
40,805.79,4298.7
40,806.29,4299.4
40,806.79,4304.6
40,807.29,4320.8
40,807.79,4344
40,808.29,4372.3
40,808.79,4407.1
40,809.29,4448.8
40,809.79,4491.6
40,810.29,4532.5
40,810.79,4567.5
40,811.29,4597.7
40,811.79,4623
40,812.29,4643.8
40,812.79,4642.3
40,813.29,4633.3
40,813.79,4623.3
40,814.29,4613.1
40,814.79,4605.1
40,815.29,4599.7
40,815.79,4596
40,816.29,4594.9
40,816.79,4596.5
40,817.29,4601.3
40,817.79,4603.8
40,818.29,4602.6
40,818.79,4591.5
40,819.29,4566.1
40,819.79,4537.8
40,820.29,4506.2
40,820.79,4471.2
40,821.29,4438.1
40,821.79,4406.9
40,822.29,4380.4
40,822.79,4361.3
40,823.29,4355.1
40,823.79,4368
40,824.29,4400.6
40,824.79,4441.7
40,825.29,4479.9
40,825.79,4469.5
40,826.29,4454.3
40,826.79,4441.9
40,827.29,4430.5
40,827.79,4419.9
40,828.29,4413
40,828.79,4410.5
40,829.29,4410.7
40,829.79,4411.5
40,830.29,4412.2
40,830.79,4416.5
40,831.29,4424.2
40,831.79,4431.4
40,832.29,4437.3
40,832.79,4440.9
40,833.29,4439.8
40,833.79,4430
40,834.29,4411
40,834.78,4387.3
40,835.28,4361.9
40,835.78,4334.1
40,836.28,4307.7
40,836.78,4281.1
40,837.28,4253.1
40,837.78,4226.3
40,838.28,4205.5
40,838.78,4199.3
40,839.28,4206.9
40,839.78,4218.6
40,840.28,4231.4
40,840.78,4240
40,841.28,4251.1
40,841.78,4266.2
40,842.28,4285
40,842.78,4309.8
40,843.28,4344.3
40,843.78,4381.5
40,844.28,4428.1
40,844.78,4477.2
40,845.28,4532.1
40,845.78,4594.4
40,846.28,4657.4
40,846.78,4716.6
40,847.28,4783.9
40,847.78,4846.9
40,848.28,4885.6
40,848.78,4919.3
40,849.28,4951.3
40,849.78,4951.5
40,850.28,4951.9
40,850.78,4946.5
40,851.28,4944.3
40,851.78,4943.3
40,852.28,4945.7
40,852.78,4953.4
40,853.28,4963.4
40,853.78,4973.8
40,854.28,4982.5
40,854.78,4988.7
40,855.28,4992.9
40,855.78,4995.9
40,856.28,4996.8
40,856.78,4995.6
40,857.28,4993.8
40,857.78,4987.9
40,858.28,4981
40,858.78,4973.8
40,859.28,4968.5
40,859.78,4967.8
40,860.28,4964.9
40,860.78,4962.5
40,861.28,4962.2
40,861.78,4962.7
40,862.28,4961.7
40,862.78,4960.7
40,863.28,4956
40,863.78,4953.2
40,864.28,4953.6
40,864.78,4957.5
40,865.28,4963.2
40,865.78,4970.3
40,866.28,4974.5
40,866.78,4980
40,867.28,4986.2
40,867.78,4990.5
40,868.28,4993.3
40,868.78,4995.5
40,869.28,4997.2
40,869.78,4999.2
40,870.28,4999.8
40,870.78,5000.7
40,871.28,5001.7
40,871.78,5002.5
40,872.28,5003.2
40,872.78,5004.7
40,873.28,5007.1
40,873.78,5010.7
50,0,4619.3
50,0.5,4611.9
50,1,4603.7
50,1.5,4597.9
50,2,4600.2
50,2.5,4608.2
50,3,4611
50,3.5,4606
50,4,4598.6
50,4.5,4589.5
50,5,4579.5
50,5.5,4571.4
50,6,4565.8
50,6.5,4564.3
50,7,4569.4
50,7.5,4580.4
50,8,4592.7
50,8.5,4594.4
50,9,4594.6
50,9.5,4595.4
50,10,4599.3
50,10.5,4604.3
50,11,4610.7
50,11.5,4618.3
50,12,4627
50,12.5,4637.4
50,13,4647.4
50,13.5,4654.9
50,14,4661.9
50,14.5,4666.2
50,15,4670.4
50,15.5,4674.4
50,16,4676
50,16.5,4675
50,17,4675.3
50,17.49,4678.5
50,17.99,4681.9
50,18.49,4686.8
50,18.99,4692.9
50,19.49,4700
50,19.99,4708.1
50,20.49,4715.7
50,20.99,4722.1
50,21.49,4727.5
50,21.99,4730.3
50,22.49,4731.2
50,22.99,4732
50,23.49,4733.3
50,23.99,4736.7
50,24.49,4738.9
50,24.99,4738
50,25.49,4735
50,25.99,4733.1
50,26.49,4731.2
50,26.99,4730.8
50,27.49,4732.6
50,27.99,4733.2
50,28.49,4737
50,28.99,4738.6
50,29.49,4739.9
50,29.99,4738.8
50,30.49,4737.9
50,30.99,4736.9
50,31.49,4736.8
50,31.99,4736.3
50,32.49,4736.3
50,32.99,4737.4
50,33.49,4738.4
50,33.99,4739.1
50,34.49,4739.8
50,34.99,4740.1
50,35.49,4740.8
50,35.99,4741.4
50,36.49,4742.3
50,36.99,4743.5
50,37.49,4744
50,37.99,4741.8
50,38.49,4741
50,38.99,4740.5
50,39.49,4739.5
50,39.99,4740.1
50,40.49,4740.8
50,40.99,4742.5
50,41.49,4743.9
50,41.99,4743.8
50,42.49,4743.9
50,42.99,4745
50,43.49,4745.1
50,43.99,4746.7
50,44.49,4746.6
50,44.99,4746
50,45.49,4745.3
50,45.99,4745.4
50,46.49,4744.2
50,46.99,4740.5
50,47.49,4729.8
50,47.99,4724.5
50,48.49,4712
50,48.99,4710.8
50,49.49,4694.5
50,49.99,4700.8
50,50.49,4695.9
50,50.99,4708.9
50,51.49,4715.1
50,51.98,4726.2
50,52.48,4727.7
50,52.98,4723.5
50,53.48,4688.9
50,53.98,4651.3
50,54.48,4638.3
50,54.98,4646.2
50,55.48,4674.4
50,55.98,4704.9
50,56.48,4719.3
50,56.98,4721.8
50,57.48,4727.7
50,57.98,4735.6
50,58.48,4738.2
50,58.98,4737.9
50,59.48,4739.1
50,59.98,4741.4
50,60.48,4740.2
50,60.98,4735.8
50,61.48,4730.2
50,61.98,4726.3
50,62.48,4722.6
50,62.98,4718.8
50,63.48,4718.2
50,63.98,4719.1
50,64.48,4722.5
50,64.98,4727.3
50,65.48,4730.9
50,65.98,4734
50,66.48,4738.4
50,66.98,4741.9
50,67.48,4741.8
50,67.98,4743.2
50,68.48,4746.7
50,68.98,4754.6
50,69.48,4768.7
50,69.98,4786.6
50,70.48,4799.2
50,70.98,4803.6
50,71.48,4803.6
50,71.98,4802.9
50,72.48,4802.7
50,72.98,4802.1
50,73.48,4801.7
50,73.98,4801
50,74.48,4801.2
50,74.98,4800.9
50,75.48,4803.7
50,75.98,4804.3
50,76.48,4805.2
50,76.98,4806.1
50,77.48,4803.1
50,77.98,4794.1
50,78.48,4798.3
50,78.98,4801.3
50,79.48,4800.1
50,79.98,4790.8
50,80.48,4776.1
50,80.98,4769.9
50,81.48,4763.1
50,81.98,4750.6
50,82.48,4730.3
50,82.98,4715.5
50,83.48,4723.7
50,83.98,4747.9
50,84.48,4763.4
50,84.98,4762.6
50,85.48,4761.5
50,85.98,4756.7
50,86.47,4757.4
50,86.97,4758.5
50,87.47,4769.9
50,87.97,4777.9
50,88.47,4774.6
50,88.97,4771.6
50,89.47,4774.1
50,89.97,4770.7
50,90.47,4762.3
50,90.97,4739.2
50,91.47,4711.9
50,91.97,4746.8
50,92.47,4792.5
50,92.97,4799
50,93.47,4800
50,93.97,4801.2
50,94.47,4803.3
50,94.97,4807
50,95.47,4807.5
50,95.97,4810.8
50,96.47,4811.7
50,96.97,4811.1
50,97.47,4808.2
50,97.97,4804.3
50,98.47,4802
50,98.97,4801
50,99.47,4800.5
50,99.97,4801
50,100.47,4800.3
50,100.97,4798.4
50,101.47,4795.9
50,101.97,4792.1
50,102.47,4788.5
50,102.97,4783
50,103.47,4775.7
50,103.97,4765.7
50,104.47,4754.7
50,104.97,4743.5
50,105.47,4733.4
50,105.97,4722.9
50,106.47,4712.8
50,106.97,4702.3
50,107.47,4693.5
50,107.97,4686.9
50,108.47,4684.4
50,108.97,4683.4
50,109.47,4684.5
50,109.97,4688.4
50,110.47,4693.7
50,110.97,4699.4
50,111.47,4705.1
50,111.97,4711.8
50,112.47,4721.1
50,112.97,4731.7
50,113.47,4744.4
50,113.97,4757.4
50,114.47,4769.9
50,114.97,4779.1
50,115.47,4780.1
50,115.97,4778
50,116.47,4776.2
50,116.97,4778.9
50,117.47,4787.9
50,117.97,4799.1
50,118.47,4810.8
50,118.97,4819.1
50,119.47,4823.8
50,119.97,4824.6
50,120.46,4819.6
50,120.96,4814.3
50,121.46,4809.9
50,121.96,4805.6
50,122.46,4800.4
50,122.96,4796.2
50,123.46,4790.7
50,123.96,4784.7
50,124.46,4778.2
50,124.96,4774.3
50,125.46,4771.9
50,125.96,4769.4
50,126.46,4767.2
50,126.96,4764.6
50,127.46,4765
50,127.96,4767.6
50,128.46,4771.4
50,128.96,4774.5
50,129.46,4776.7
50,129.96,4779.5
50,130.46,4781.5
50,130.96,4782.5
50,131.46,4783.4
50,131.96,4785.1
50,132.46,4785.2
50,132.96,4787.1
50,133.46,4792.1
50,133.96,4799.5
50,134.46,4805.3
50,134.96,4811.6
50,135.46,4816.4
50,135.96,4818.8
50,136.46,4820.6
50,136.96,4821.8
50,137.46,4823.2
50,137.96,4825.9
50,138.46,4829
50,138.96,4833.1
50,139.46,4837.5
50,139.96,4842.6
50,140.46,4846.4
50,140.96,4849.7
50,141.46,4852.1
50,141.96,4854.5
50,142.46,4855.8
50,142.96,4855.2
50,143.46,4851.6
50,143.96,4845.5
50,144.46,4837.6
50,144.96,4826.5
50,145.46,4811.7
50,145.96,4794
50,146.46,4775.4
50,146.96,4757.6
50,147.46,4743.5
50,147.96,4735.3
50,148.46,4729.5
50,148.96,4725.5
50,149.46,4724.4
50,149.96,4734.1
50,150.46,4745.3
50,150.96,4758.1
50,151.46,4773.9
50,151.96,4788.8
50,152.46,4797.6
50,152.96,4800.6
50,153.46,4801
50,153.95,4801.1
50,154.45,4803.5
50,154.95,4806.6
50,155.45,4809.8
50,155.95,4812.5
50,156.45,4814.2
50,156.95,4814.8
50,157.45,4816
50,157.95,4817.5
50,158.45,4819.2
50,158.95,4821
50,159.45,4824.1
50,159.95,4826.6
50,160.45,4829.4
50,160.95,4832
50,161.45,4834.4
50,161.95,4835.9
50,162.45,4836.9
50,162.95,4838.3
50,163.45,4838.5
50,163.95,4837.8
50,164.45,4837.2
50,164.95,4835.1
50,165.45,4834.9
50,165.95,4835.9
50,166.45,4837
50,166.95,4838.9
50,167.45,4841.3
50,167.95,4843.9
50,168.45,4845.6
50,168.95,4843.9
50,169.45,4840.2
50,169.95,4832.7
50,170.45,4821.6
50,170.95,4810.6
50,171.45,4814
50,171.95,4828.8
50,172.45,4846.4
50,172.95,4858.5
50,173.45,4861.4
50,173.95,4863.2
50,174.45,4865.8
50,174.95,4871.7
50,175.45,4878.9
50,175.95,4882.9
50,176.45,4885.2
50,176.95,4881.1
50,177.45,4873
50,177.95,4862.4
50,178.45,4849.2
50,178.95,4835.2
50,179.45,4822.9
50,179.95,4812.5
50,180.45,4804.8
50,180.95,4800
50,181.45,4797.5
50,181.95,4795.7
50,182.44,4797.4
50,182.94,4800.7
50,183.44,4803.9
50,183.94,4805.9
50,184.44,4807
50,184.94,4808.1
50,185.44,4809.9
50,185.94,4811.2
50,186.44,4813.6
50,186.94,4809.5
50,187.44,4801.3
50,187.94,4796.3
50,188.44,4805.6
50,188.94,4831.3
50,189.44,4830.4
50,189.94,4816.6
50,190.44,4818
50,190.94,4835.8
50,191.44,4855.6
50,191.94,4880.9
50,192.44,4905.4
50,192.94,4917.4
50,193.44,4910.5
50,193.94,4906.2
50,194.44,4920.5
50,194.94,4918.5
50,195.44,4916
50,195.94,4933
50,196.44,4939.7
50,196.94,4940.2
50,197.44,4928.1
50,197.94,4916.2
50,198.44,4908
50,198.94,4919.3
50,199.44,4937.6
50,199.94,4954.1
50,200.44,4962.6
50,200.94,4957.2
50,201.44,4949.2
50,201.94,4938.6
50,202.44,4922.5
50,202.94,4904.4
50,203.44,4887.4
50,203.94,4885.1
50,204.44,4890.3
50,204.94,4897.6
50,205.44,4900.3
50,205.94,4899.7
50,206.44,4898.5
50,206.94,4895.8
50,207.44,4893
50,207.94,4892.4
50,208.44,4892.4
50,208.94,4891.4
50,209.44,4889.2
50,209.94,4888.6
50,210.44,4889.2
50,210.93,4890
50,211.43,4891.8
50,211.93,4892.6
50,212.43,4893.4
50,212.93,4895.7
50,213.43,4899
50,213.93,4902.2
50,214.43,4906
50,214.93,4909.9
50,215.43,4914.2
50,215.93,4918.1
50,216.43,4921.7
50,216.93,4923.8
50,217.43,4926.4
50,217.93,4926.9
50,218.43,4929
50,218.93,4929.6
50,219.43,4930.9
50,219.93,4934.2
50,220.43,4938.2
50,220.93,4942.9
50,221.43,4946.8
50,221.93,4950.2
50,222.43,4951.9
50,222.93,4954.2
50,223.43,4958
50,223.93,4964.6
50,224.43,4966.6
50,224.93,4968.8
50,225.43,4970.4
50,225.93,4968.8
50,226.43,4945.9
50,226.93,4916.3
50,227.43,4894.3
50,227.93,4892.2
50,228.43,4906
50,228.93,4919
50,229.43,4927
50,229.93,4932
50,230.43,4935.1
50,230.93,4939.6
50,231.43,4946.1
50,231.93,4954.3
50,232.43,4964.2
50,232.93,4975.5
50,233.43,4988.5
50,233.93,5001.3
50,234.43,5011.2
50,234.93,5019
50,235.43,5023.6
50,235.93,5023.6
50,236.43,5015.1
50,236.93,5003.4
50,237.43,4991.5
50,237.93,4980
50,238.43,4969.1
50,238.93,4959.8
50,239.42,4952.9
50,239.92,4946.6
50,240.42,4942.1
50,240.92,4938.3
50,241.42,4935.9
50,241.92,4936
50,242.42,4935.4
50,242.92,4936.5
50,243.42,4938.8
50,243.92,4942.2
50,244.42,4946.4
50,244.92,4950.4
50,245.42,4956.4
50,245.92,4962.5
50,246.42,4968.7
50,246.92,4975
50,247.42,4981.8
50,247.92,4988.5
50,248.42,4993.8
50,248.92,4998.9
50,249.42,5003.7
50,249.92,5007.7
50,250.42,5011.9
50,250.92,5015.1
50,251.42,5017.1
50,251.92,5018.7
50,252.42,5019
50,252.92,5019
50,253.42,5019.2
50,253.92,5024.7
50,254.42,5030.4
50,254.92,5036
50,255.42,5040.7
50,255.92,5045.2
50,256.42,5048.2
50,256.92,5049.7
50,257.42,5049.5
50,257.92,5050
50,258.42,5051.1
50,258.92,5052
50,259.42,5051.4
50,259.92,5049.6
50,260.42,5043.9
50,260.92,5032.7
50,261.42,5019.1
50,261.92,5005.2
50,262.42,4996.1
50,262.92,4990.5
50,263.42,4985.7
50,263.92,4982.3
50,264.42,4981.4
50,264.92,4977.7
50,265.42,4969.4
50,265.92,4953.3
50,266.42,4931.8
50,266.92,4913.3
50,267.42,4909.5
50,267.91,4911
50,268.41,4915.2
50,268.91,4922.7
50,269.41,4932.6
50,269.91,4941.9
50,270.41,4949.9
50,270.91,4958.1
50,271.41,4968.6
50,271.91,4979.2
50,272.41,4990.1
50,272.91,4997.5
50,273.41,5003.1
50,273.91,5005.5
50,274.41,5007.2
50,274.91,5006.8
50,275.41,5006.1
50,275.91,5004.2
50,276.41,5002.1
50,276.91,4998
50,277.41,4994.2
50,277.91,4991.1
50,278.41,4988.1
50,278.91,4985.8
50,279.41,4984.8
50,279.91,4987.2
50,280.41,4991.5
50,280.91,4994.8
50,281.41,4981.6
50,281.91,4976.6
50,282.41,4986.4
50,282.91,4995.3
50,283.41,5003.6
50,283.91,5009.2
50,284.41,5014.2
50,284.91,5018.2
50,285.41,5020.8
50,285.91,5023.6
50,286.41,5027.3
50,286.91,5030.5
50,287.41,5032.9
50,287.91,5034.5
50,288.41,5036.3
50,288.91,5038
50,289.41,5038
50,289.91,5038.8
50,290.41,5038.3
50,290.91,5035.7
50,291.41,5032
50,291.91,5025.9
50,292.41,5020.6
50,292.91,5014
50,293.41,5006.5
50,293.91,4999.7
50,294.41,4993.8
50,294.91,4984.8
50,295.41,4973.6
50,295.9,4963.8
55,0,171.5
55,0.5,186.9
55,1,198.5
55,1.5,261.5
55,2,327.7
55,2.5,311.3
55,3,314.7
55,3.5,334.1
55,4,454.7
55,4.5,587.2
55,5,610.3
55,5.5,607.7
55,6,637.3
55,6.5,721.3
55,7,746.9
55,7.5,715.9
55,8,551.6
55,8.5,409.6
55,9,379.6
55,9.5,387.2
55,10,402.7
55,10.5,425.5
55,11,453.7
55,11.5,484
55,12,518.1
55,12.5,566.2
55,13,643.7
55,13.5,730.6
55,14,802.1
55,14.5,853.7
55,15,902.6
55,15.5,914
55,16.01,866.1
55,16.51,795
55,17.01,739.3
55,17.51,702.3
55,18.01,677.2
55,18.51,664.3
55,19.01,661.6
55,19.51,666.5
55,20.01,691.8
55,20.51,753.7
55,21.01,818.6
55,21.51,860.8
55,22.01,885.7
55,22.51,892.6
55,23.01,876.7
55,23.51,853.2
55,24.01,842.1
55,24.51,847.6
55,25.01,866
55,25.51,887.2
55,26.01,911.4
55,26.51,935.3
55,27.01,957.1
55,27.51,975.3
55,28.01,994.5
55,28.51,1008.3
55,29.01,1020.1
55,29.51,1030.8
55,30.01,1033.6
55,30.51,1052.1
55,31.01,1101
55,31.51,1166.9
55,32.01,1222.5
55,32.51,1242.6
55,33.01,1246.5
55,33.51,1253.7
55,34.01,1259.4
55,34.51,1263.6
55,35.01,1297.3
55,35.51,1351.9
55,36.01,1368.2
55,36.51,1346.3
55,37.01,1327.3
55,37.51,1326.3
55,38.01,1318.3
55,38.51,1317.8
55,39.01,1334.6
55,39.51,1359.5
55,40.01,1373.8
55,40.51,1370.8
55,41.01,1372.9
55,41.51,1381.2
55,42.01,1373.6
55,42.51,1357.6
55,43.01,1354
55,43.51,1358.5
55,44.01,1355
55,44.51,1342.7
55,45.01,1326.5
55,45.51,1318.2
55,46.01,1318.1
55,46.51,1315.8
55,47.01,1307.9
55,47.51,1303.7
55,48.02,1305.8
55,48.52,1309.8
55,49.02,1323.4
55,49.52,1348.8
55,50.02,1375.1
55,50.52,1392.4
55,51.02,1441.5
55,51.52,1498.7
55,52.02,1525
55,52.52,1544.1
55,53.02,1565.4
55,53.52,1566.8
55,54.02,1560.3
55,54.52,1545.4
55,55.02,1502.9
55,55.52,1444
55,56.02,1403
55,56.52,1388.7
55,57.02,1399
55,57.52,1414.6
55,58.02,1382.4
55,58.52,1328.3
55,59.02,1299.6
55,59.52,1285.7
55,60.02,1272.5
55,60.52,1256.3
55,61.02,1244.4
55,61.52,1240
55,62.02,1234.5
55,62.52,1221.1
55,63.02,1210.4
55,63.52,1207.7
55,64.02,1205.7
55,64.52,1201.7
55,65.02,1196.1
55,65.52,1189.4
55,66.02,1187
55,66.52,1182.2
55,67.02,1175.1
55,67.52,1168.6
55,68.02,1165.1
55,68.52,1163.2
55,69.02,1161.2
55,69.52,1159.5
55,70.02,1158.5
55,70.52,1158
55,71.02,1157.2
55,71.52,1154.6
55,72.02,1151.4
55,72.52,1150.9
55,73.02,1151.7
55,73.52,1151.9
55,74.02,1149.8
55,74.52,1145.8
55,75.02,1144.9
55,75.52,1147.1
55,76.02,1148.6
55,76.52,1150.1
55,77.02,1151.3
55,77.52,1152.5
55,78.02,1152.6
55,78.52,1152
55,79.02,1151.3
55,79.52,1151.6
55,80.03,1152.6
55,80.53,1156.1
55,81.03,1159.8
55,81.53,1162.9
55,82.03,1166.1
55,82.53,1169.4
55,83.03,1173.7
55,83.53,1179.2
55,84.03,1204.9
55,84.53,1249.6
55,85.03,1253.1
55,85.53,1233.8
55,86.03,1224.1
55,86.53,1228.3
55,87.03,1238.2
55,87.53,1249.7
55,88.03,1263.2
55,88.53,1276.1
55,89.03,1278.7
55,89.53,1275.2
55,90.03,1271
55,90.53,1268
55,91.03,1267.6
55,91.53,1270.4
55,92.03,1275.2
55,92.53,1281.5
55,93.03,1291.1
55,93.53,1303.2
55,94.03,1315.9
55,94.53,1331.6
55,95.03,1349.1
55,95.53,1365.9
55,96.03,1367.3
55,96.53,1349
55,97.03,1330.5
55,97.53,1321.5
55,98.03,1325.6
55,98.53,1341.4
55,99.03,1371
55,99.53,1412.3
55,100.03,1435.2
55,100.53,1422.3
55,101.03,1421.5
55,101.53,1473.1
55,102.03,1530.2
55,102.53,1575.1
55,103.03,1634.7
55,103.53,1694.3
55,104.03,1724.7
55,104.53,1746
55,105.03,1762
55,105.53,1759.8
55,106.03,1726.7
55,106.53,1668.1
55,107.03,1619.9
55,107.53,1588
55,108.03,1568
55,108.53,1559
55,109.03,1557.6
55,109.53,1561.3
55,110.03,1574
55,110.53,1596.2
55,111.03,1618.8
55,111.54,1644.9
55,112.04,1680.1
55,112.54,1729.3
55,113.04,1789
55,113.54,1842.4
55,114.04,1896.3
55,114.54,1942.4
55,115.04,1973.9
55,115.54,1995.6
55,116.04,2027.9
55,116.54,2045.4
55,117.04,2071.2
55,117.54,2111.9
55,118.04,2156.4
55,118.54,2215.8
55,119.04,2288.8
55,119.54,2348.8
55,120.04,2385.4
55,120.54,2412.4
55,121.04,2401.1
55,121.54,2350.4
55,122.04,2346.5
55,122.54,2360.4
55,123.04,2338.7
55,123.54,2321.8
55,124.04,2343.8
55,124.54,2363.5
55,125.04,2368.2
55,125.54,2395.5
55,126.04,2433.4
55,126.54,2452.5
55,127.04,2476.1
55,127.54,2520.4
55,128.04,2531
55,128.54,2554.6
55,129.04,2601.5
55,129.54,2607.6
55,130.04,2610.2
55,130.54,2616.4
55,131.04,2639.5
55,131.54,2696
55,132.04,2789.4
55,132.54,2875.6
55,133.04,2924.1
55,133.54,2943.7
55,134.04,2929.8
55,134.54,2893.4
55,135.04,2894.6
55,135.54,2962.3
55,136.04,3005
55,136.54,3024.2
55,137.04,3028.5
55,137.54,3029.9
55,138.04,3038.1
55,138.54,3047.3
55,139.04,3043.1
55,139.54,3019.7
55,140.04,2984.2
55,140.54,2958.6
55,141.04,2951.6
55,141.54,2955.8
55,142.04,2968.8
55,142.54,2990.4
55,143.04,3028.6
55,143.55,3085.3
55,144.05,3130.9
55,144.55,3147.7
55,145.05,3153.2
55,145.55,3155.2
55,146.05,3153.2
55,146.55,3152.5
55,147.05,3157.1
55,147.55,3160.3
55,148.05,3160.6
55,148.55,3161.7
55,149.05,3178.3
55,149.55,3209.2
55,150.05,3225.4
55,150.55,3233.4
55,151.05,3236.3
55,151.55,3233.9
55,152.05,3231.1
55,152.55,3235.3
55,153.05,3239.8
55,153.55,3243.2
55,154.05,3246.8
55,154.55,3248.7
55,155.05,3250.7
55,155.55,3255
55,156.05,3265.1
55,156.55,3275.2
55,157.05,3279.4
55,157.55,3277.9
55,158.05,3266.9
55,158.55,3247.9
55,159.05,3234.4
55,159.55,3230.6
55,160.05,3224.6
55,160.55,3212.4
55,161.05,3207.1
55,161.55,3194.3
55,162.05,3144.8
55,162.55,3080.6
55,163.05,3064.9
55,163.55,3075.1
55,164.05,3097.2
55,164.55,3131.5
55,165.05,3163.1
55,165.55,3193.8
55,166.05,3236.7
55,166.55,3286
55,167.05,3320.4
55,167.55,3341.8
55,168.05,3357.6
55,168.55,3370
55,169.05,3383.2
55,169.55,3394.2
55,170.05,3405.5
55,170.55,3419.2
55,171.05,3432.7
55,171.55,3444.2
55,172.05,3453.4
55,172.55,3460.6
55,173.05,3465.4
55,173.55,3468.3
55,174.05,3474.5
55,174.55,3483.7
55,175.06,3491.8
55,175.55,3506.9
55,176.05,3520.1
55,176.55,3530.3
55,177.05,3535.1
55,177.55,3542.1
55,178.05,3554.2
55,178.55,3568
55,179.05,3576.5
55,179.55,3582.6
55,180.05,3588.8
55,180.55,3597
55,181.05,3603.2
55,181.55,3608.5
55,182.05,3611.4
55,182.55,3615.4
55,183.05,3621.9
55,183.55,3629.9
55,184.05,3637.6
55,184.55,3644
55,185.05,3654.1
55,185.55,3663.4
55,186.05,3671.3
55,186.55,3677.8
55,187.05,3682.5
55,187.55,3691.2
55,188.05,3697
55,188.55,3700.3
55,189.05,3705
55,189.55,3702.5
55,190.05,3700.6
55,190.55,3697.3
55,191.05,3697.6
55,191.55,3698.2
55,192.05,3700.5
55,192.55,3703.6
55,193.05,3707.3
55,193.55,3711.3
55,194.05,3716.7
55,194.55,3722.7
55,195.05,3724.3
55,195.55,3719
55,196.05,3717.5
55,196.55,3727
55,197.05,3739.5
55,197.55,3739.5
55,198.05,3734.8
55,198.55,3739.8
55,199.05,3748.5
55,199.55,3750.2
55,200.05,3750
55,200.55,3745.6
55,201.05,3743.1
55,201.55,3740.8
55,202.05,3739
55,202.55,3749.5
55,203.05,3750
55,203.55,3747
55,204.05,3747.9
55,204.55,3743.1
55,205.05,3730.8
55,205.55,3718.2
55,206.05,3706.5
55,206.55,3709
55,207.05,3751.9
55,207.55,3764.6
55,208.05,3764.7
55,208.55,3768.6
55,209.05,3795.1
55,209.55,3826.8
55,210.05,3837.7
55,210.55,3842
55,211.05,3844.1
55,211.55,3846.2
55,212.05,3847.2
55,212.55,3848.3
55,213.05,3849.9
55,213.55,3852.5
55,214.04,3852.3
55,214.54,3851.8
55,215.04,3852.2
55,215.54,3852.7
55,216.04,3853.7
55,216.54,3855.8
55,217.04,3856
55,217.54,3857.5
55,218.04,3858.6
55,218.54,3860.7
55,219.04,3862.9
55,219.54,3867.3
55,220.04,3868.5
55,220.54,3868
55,221.04,3869.5
55,221.54,3869.3
55,222.04,3870.6
55,222.54,3870.5
55,223.04,3871.6
55,223.54,3871.3
55,224.04,3871.9
55,224.54,3873.1
55,225.04,3873.7
55,225.54,3874.4
55,226.04,3874
55,226.54,3874.5
55,227.04,3876
55,227.54,3876.5
55,228.04,3877.7
55,228.54,3879.5
55,229.04,3879.1
55,229.54,3879.2
55,230.04,3880.3
55,230.54,3881.7
55,231.04,3882.3
55,231.54,3882.8
55,232.04,3883.5
55,232.54,3884.6
55,233.04,3884.9
55,233.54,3886.7
55,234.04,3888
55,234.54,3889
55,235.04,3889.2
55,235.54,3890.1
55,236.04,3890.9
55,236.54,3892.4
55,237.04,3893.6
55,237.54,3895.3
55,238.04,3894.4
55,238.54,3893.6
55,239.04,3893.9
55,239.54,3894
55,240.04,3895.2
55,240.54,3897.2
55,241.04,3898
55,241.54,3898.6
55,242.04,3899.3
55,242.54,3900
55,243.04,3900.7
55,243.54,3902.5
55,244.04,3902.9
55,244.54,3903.7
55,245.04,3904.8
55,245.54,3906.4
55,246.04,3908.7
55,246.54,3910.6
55,247.04,3912
55,247.54,3914.2
55,248.04,3917.1
55,248.54,3919.7
55,249.04,3924.3
55,249.54,3941.1
55,250.04,3957.4
55,250.54,3962.1
55,251.04,3952
55,251.54,3929.2
55,252.04,3918.4
55,252.54,3917.5
55,253.03,3918.4
55,253.53,3923.4
55,254.03,3928.8
55,254.53,3930.8
55,255.03,3929.5
55,255.53,3926.4
55,256.03,3925.5
55,256.53,3926.6
55,257.03,3929.4
55,257.53,3931.6
55,258.03,3935
55,258.53,3940.3
55,259.03,3952.4
55,259.53,3961.1
55,260.03,3965.5
55,260.53,3967.9
55,261.03,3976
55,261.53,3979.8
55,262.03,3989.5
55,262.53,3995.1
55,263.03,4002.5
55,263.53,4004.4
55,264.03,4004.8
55,264.53,4002.9
55,265.03,4007.5
55,265.53,4015
55,266.03,4013.5
55,266.53,4011.4
55,267.03,4011.3
55,267.53,4011.2
55,268.03,4011.1
55,268.53,4010.5
55,269.03,4010
55,269.53,4008.9
55,270.03,4010
55,270.53,4012.4
55,271.03,4013.4
55,271.53,4015.6
55,272.03,4016.6
55,272.53,4017.2
55,273.03,4018.3
55,273.53,4020.1
55,274.03,4022
55,274.53,4025.8
55,275.03,4030.2
55,275.53,4030.8
55,276.03,4032
55,276.53,4031.5
55,277.03,4028.6
55,277.53,4028.9
55,278.03,4030.1
55,278.53,4028.8
55,279.03,4029.4
55,279.53,4032.2
55,280.03,4036.7
55,280.53,4043.2
55,281.03,4045.7
55,281.53,4047.4
55,282.03,4053.3
55,282.53,4057.5
55,283.03,4058.9
55,283.53,4065
55,284.03,4071.4
55,284.53,4075.5
55,285.03,4076.6
55,285.53,4079.4
55,286.03,4102.2
55,286.53,4110.4
55,287.03,4125.5
55,287.53,4148.5
55,288.03,4170.5
55,288.53,4181
55,289.03,4184.9
55,289.53,4183.6
55,290.03,4180.2
55,290.53,4176.9
55,291.03,4173
55,291.53,4168.6
55,292.02,4166.8
55,292.52,4164.6
55,293.02,4163.6
55,293.52,4164.3
55,294.02,4164.2
55,294.52,4163.1
55,295.02,4162.8
55,295.52,4162
55,296.02,4161.9
55,296.52,4161.8
55,297.02,4161.7
55,297.52,4162.3
55,298.02,4163.5
55,298.52,4164
55,299.02,4165
55,299.52,4165.2
55,300.02,4165.3
55,300.52,4166.8
55,301.02,4168.8
55,301.52,4171.4
55,302.02,4175.7
55,302.52,4177.8
55,303.02,4182.2
55,303.52,4199.1
55,304.02,4203.6
55,304.52,4199
55,305.02,4200.5
55,305.52,4205.8
55,306.02,4203.5
55,306.52,4208.9
55,307.02,4216.3
55,307.52,4219.2
55,308.02,4219.1
55,308.52,4220
55,309.02,4217.1
55,309.52,4216.7
55,310.02,4217.1
55,310.52,4217.9
55,311.02,4218.3
55,311.52,4222.3
55,312.02,4228.5
55,312.52,4229.5
55,313.02,4234.1
55,313.52,4238.3
55,314.02,4242.3
55,314.52,4247.3
55,315.02,4251
55,315.52,4256.7
55,316.02,4258.8
55,316.52,4258.2
55,317.02,4259.2
55,317.52,4262.5
55,318.02,4268.1
55,318.52,4269.2
55,319.02,4266.5
55,319.52,4266.9
55,320.02,4279.9
55,320.52,4281.3
55,321.02,4279.2
55,321.52,4280.9
55,322.02,4285.6
55,322.52,4289.9
55,323.02,4289.6
60,0,0
60,0.5,0.9
60,1,1
60,1.5,1.1
60,2,6.3
60,2.49,17.5
60,2.99,21.7
60,3.49,22.9
60,3.99,18.2
60,4.49,9.8
60,4.99,5.6
60,5.49,3.8
60,5.99,5.7
60,6.49,5.4
60,6.98,1.3
60,7.48,0
60,7.98,0
60,8.48,0
60,8.98,0
60,9.48,0
60,9.98,0
60,10.48,0
60,10.98,0
60,11.48,0
60,11.97,0
60,12.47,0
60,12.97,0
60,13.47,0
60,13.97,0
60,14.47,0
60,14.97,0
60,15.47,0
60,15.97,0
60,16.46,0
60,16.96,0
60,17.46,0
60,17.96,0
60,18.46,0
60,18.96,0
60,19.46,0
60,19.96,0
60,20.46,0
60,20.95,0
60,21.45,0
60,21.95,0
60,22.45,0
60,22.95,0
60,23.45,0
60,23.95,0
60,24.45,0
60,24.95,0
60,25.44,0.8
60,25.94,0
60,26.44,0
60,26.94,0
60,27.44,0
60,27.94,0
60,28.44,0
60,28.94,0
60,29.44,0
60,29.94,1.1
60,30.43,12.2
60,30.93,19.1
60,31.43,19.4
60,31.93,21.2
60,32.43,24.1
60,32.93,27
60,33.43,29.9
60,33.93,31.9
60,34.43,34.8
60,34.92,36.6
60,35.42,38.1
60,35.92,39.7
60,36.42,41.3
60,36.92,42.8
60,37.42,42.4
60,37.92,42
60,38.42,43.5
60,38.92,44.3
60,39.41,45.7
60,39.91,47.3
60,40.41,48.2
60,40.91,49.4
60,41.41,51
60,41.91,52
60,42.41,60.3
60,42.91,58.3
60,43.41,57.6
60,43.91,56
60,44.4,57.2
60,44.9,59.8
60,45.4,61.4
60,45.9,62.1
60,46.4,62
60,46.9,62.9
60,47.4,64.2
60,47.9,65.5
60,48.4,66.9
60,48.89,68.2
60,49.39,69.3
60,49.89,70
60,50.39,71.4
60,50.89,75.2
60,51.39,77.8
60,51.89,77.4
60,52.39,78.5
60,52.89,79.6
60,53.38,80.1
60,53.88,80.9
60,54.38,79.4
60,54.88,79.1
60,55.38,80
60,55.88,80.8
60,56.38,82.2
60,56.88,84.4
60,57.38,85
60,57.87,84
60,58.37,84.4
60,58.87,85.7
60,59.37,87
60,59.87,87.7
60,60.37,87.9
60,60.87,88
60,61.37,87.8
60,61.87,88.6
60,62.37,87.8
60,62.86,87
60,63.36,87
60,63.86,87.5
60,64.36,88.2
60,64.86,90.1
60,65.35,90.2
60,65.85,90
60,66.35,90.1
60,66.85,89.3
60,67.35,88.1
60,67.84,88.5
60,68.34,88
60,68.84,87.4
60,69.34,85.2
60,69.83,80
60,70.33,76.4
60,70.83,78.6
60,71.33,80.5
60,71.83,75.5
60,72.32,66.6
60,72.82,70.9
60,73.32,78.3
60,73.82,91.4
60,74.32,97
60,74.81,100
60,75.31,101.6
60,75.81,106.4
60,76.31,114.1
60,76.81,118
60,77.3,135.7
60,77.8,149.9
60,78.3,182.2
60,78.8,267.3
60,79.3,344
60,79.79,389.9
60,80.29,450.9
60,80.79,551.3
60,81.29,631
60,81.79,688.5
60,82.28,721.6
60,82.78,791.8
60,83.28,878.7
60,83.78,946.5
60,84.27,1009.4
60,84.77,1050
60,85.27,1139.5
60,85.77,1216.5
60,86.27,1286.4
60,86.76,1321.6
60,87.26,1298.4
60,87.76,1282.2
60,88.26,1327.5
60,88.76,1408.9
60,89.25,1526.8
60,89.75,1629.8
60,90.25,1708.2
60,90.75,1748.9
60,91.25,1788.7
60,91.74,1864.1
60,92.24,1917.1
60,92.74,1981.1
60,93.24,2038
60,93.74,2091.1
60,94.23,2132.8
60,94.73,2165.2
60,95.23,2150.7
60,95.73,2133.9
60,96.22,2161.6
60,96.72,2247.3
60,97.22,2340.8
60,97.72,2382.4
60,98.22,2441.9
60,98.71,2507.3
60,99.21,2572.8
60,99.71,2642.4
60,100.21,2701.5
60,100.71,2755.1
60,101.2,2765.7
60,101.7,2733.4
60,102.2,2731.5
60,102.7,2768.2
60,103.2,2884.9
60,103.69,2975.9
60,104.19,2991
60,104.69,2989.7
60,105.19,2997.1
60,105.69,3063.3
60,106.18,3120.1
60,106.68,3125.1
60,107.18,3129.2
60,107.68,3143.1
60,108.17,3154.8
60,108.67,3166.4
60,109.17,3178.4
60,109.67,3186.1
60,110.17,3195
60,110.66,3206
60,111.16,3217.2
60,111.66,3225.3
60,112.16,3231.9
60,112.66,3244.7
60,113.15,3258.2
60,113.65,3268.2
60,114.15,3280.6
60,114.65,3294.6
60,115.15,3309.1
60,115.65,3321.2
60,116.15,3327.7
60,116.65,3334.6
60,117.15,3343.7
60,117.65,3352.1
60,118.15,3359.5
60,118.65,3366.3
60,119.15,3374.1
60,119.65,3380.7
60,120.15,3386.4
60,120.65,3391.7
60,121.15,3398.9
60,121.65,3403.6
60,122.15,3406.8
60,122.65,3412.3
60,123.15,3417.4
60,123.64,3422.5
60,124.14,3429.1
60,124.64,3435.8
60,125.14,3441.8
60,125.64,3449
60,126.14,3455.3
60,126.64,3462.9
60,127.14,3471.3
60,127.64,3478.7
60,128.14,3484.3
60,128.64,3489.5
60,129.14,3498.8
60,129.64,3505.1
60,130.14,3510.9
60,130.64,3513.7
60,131.14,3519.8
60,131.64,3530.6
60,132.14,3539.1
60,132.64,3545.6
60,133.14,3549.5
60,133.64,3557.7
60,134.14,3565.1
60,134.64,3569.2
60,135.14,3577.4
60,135.64,3586.3
60,136.14,3596.2
60,136.64,3606.9
60,137.14,3616.9
60,137.64,3623.7
60,138.14,3628.9
60,138.64,3636.9
60,139.14,3636.8
60,139.64,3637.1
60,140.14,3642
60,140.64,3646.3
60,141.14,3646.7
60,141.64,3647.9
60,142.14,3651.7
60,142.64,3656.8
60,143.14,3662.2
60,143.64,3666.7
60,144.14,3670
60,144.64,3678.4
60,145.14,3686.1
60,145.64,3692.2
60,146.14,3696.6
60,146.64,3701.9
60,147.14,3706.7
60,147.64,3712.3
60,148.14,3719.8
60,148.64,3723.4
60,149.14,3727.5
60,149.64,3733.9
60,150.14,3738.5
60,150.64,3741.1
60,151.14,3744.8
60,151.64,3754.8
60,152.14,3766.1
60,152.64,3764.2
60,153.13,3763
60,153.63,3768.8
60,154.13,3776
60,154.63,3776.4
60,155.13,3780.3
60,155.63,3784.6
60,156.13,3784.3
60,156.63,3786.7
60,157.13,3793.4
60,157.63,3795.9
60,158.13,3797
60,158.63,3798.4
60,159.13,3800.4
60,159.63,3798.3
60,160.13,3801.3
60,160.63,3809.3
60,161.13,3815.5
60,161.63,3818.5
60,162.13,3824.8
60,162.63,3830
60,163.13,3831.6
60,163.63,3833.3
60,164.13,3834.2
60,164.63,3832.2
60,165.13,3836.3
60,165.63,3838.7
60,166.13,3843.9
60,166.63,3845.8
60,167.13,3841.7
60,167.63,3837.7
60,168.13,3834.2
60,168.63,3830.3
60,169.13,3828.1
60,169.63,3830.3
60,170.13,3837.9
60,170.63,3857.8
60,171.13,3883.2
60,171.63,3893.5
60,172.13,3886.2
60,172.63,3879.7
60,173.13,3884.6
60,173.63,3888.4
60,174.13,3886.6
60,174.63,3884.7
60,175.13,3884.4
60,175.63,3883.1
60,176.13,3883.7
60,176.63,3895
60,177.13,3906.9
60,177.63,3914.7
60,178.13,3919.8
60,178.63,3929.3
60,179.13,3936.8
60,179.63,3937.1
60,180.13,3946.5
60,180.63,3953.6
60,181.13,3953.3
60,181.63,3951.6
60,182.13,3949.3
60,182.63,3953.5
60,183.12,3959.2
60,183.62,3964
60,184.12,3969.7
60,184.62,3973.6
60,185.12,3975.6
60,185.62,3974.8
60,186.12,3970.9
60,186.62,3971
60,187.12,3977.7
60,187.62,3983.8
60,188.12,3988
60,188.62,3992.4
60,189.12,3994.6
60,189.62,3998.4
60,190.12,4003.2
60,190.62,4005.5
60,191.12,4009.9
60,191.62,4013.5
60,192.12,4017.4
60,192.62,4020.6
60,193.12,4022.8
60,193.62,4025
60,194.12,4028.2
60,194.62,4031.3
60,195.12,4035
60,195.62,4037
60,196.12,4040.5
60,196.62,4044.6
60,197.12,4043.9
60,197.62,4040.8
60,198.12,4037.3
60,198.62,4035.8
60,199.12,4033.6
60,199.62,4029
60,200.12,4007.5
60,200.62,3949.5
60,201.12,3901
60,201.62,3841
60,202.12,3791.3
60,202.62,3769.7
60,203.12,3762.4
60,203.62,3759
60,204.12,3744
60,204.62,3726.2
60,205.12,3716
60,205.62,3707.7
60,206.12,3728.6
60,206.62,3744.2
60,207.12,3746.2
60,207.62,3749.8
60,208.12,3759.5
60,208.62,3770.3
60,209.12,3787.3
60,209.62,3818.5
60,210.12,3860.3
60,210.62,3887
60,211.12,3894.8
60,211.61,3909.5
60,212.11,3930.3
60,212.61,3954.9
60,213.11,3965.8
60,213.61,3964.4
60,214.11,3983.2
60,214.61,4030.1
60,215.11,4042.9
60,215.61,4049
60,216.11,4054.5
60,216.61,4060.7
60,217.11,4064.1
60,217.61,4065.3
60,218.11,4067.1
60,218.61,4069
60,219.11,4071.9
60,219.61,4065.8
60,220.11,4043.6
60,220.61,4057.8
60,221.11,4089.1
60,221.61,4106.4
60,222.11,4117.6
60,222.61,4127.2
60,223.11,4133.4
60,223.61,4140.7
60,224.11,4149.3
60,224.61,4155.1
60,225.11,4159.7
60,225.61,4164.9
60,226.11,4169.3
60,226.61,4171.1
60,227.11,4174.5
60,227.61,4177.1
60,228.11,4178.9
60,228.61,4181.5
60,229.11,4183
60,229.61,4186.7
60,230.11,4191.4
60,230.61,4196.9
60,231.11,4201.3
60,231.61,4203.5
60,232.11,4205.1
60,232.61,4205.3
60,233.11,4205.4
60,233.61,4206
60,234.11,4205.8
60,234.61,4205.3
60,235.11,4204.7
60,235.61,4204.3
60,236.11,4203.7
60,236.61,4203.7
60,237.11,4203.5
60,237.61,4203
60,238.11,4204.4
60,238.61,4205.5
60,239.11,4207.6
60,239.61,4209.5
60,240.1,4212.5
60,240.6,4218.8
60,241.1,4224.7
60,241.6,4230.1
60,242.1,4237.1
60,242.6,4243.1
60,243.1,4249.7
60,243.6,4254.5
60,244.1,4255
60,244.6,4254.8
60,245.1,4255.4
60,245.6,4255.6
60,246.1,4256.6
60,246.6,4256
60,247.1,4254.9
60,247.6,4254.7
60,248.1,4255.1
60,248.6,4255.8
60,249.1,4257.2
60,249.6,4258
60,250.1,4259.5
60,250.6,4259.8
60,251.1,4260.7
60,251.6,4262.4
60,252.1,4265.2
60,252.6,4266.5
60,253.1,4269.7
60,253.6,4271.2
60,254.1,4271.9
60,254.6,4272.9
60,255.1,4273.8
60,255.6,4274.5
60,256.1,4276.1
60,256.6,4277.5
60,257.1,4279.5
60,257.6,4280
60,258.1,4281.6
60,258.6,4283
60,259.1,4285.5
60,259.6,4287.6
60,260.1,4289.5
60,260.6,4290.6
60,261.1,4292.2
60,261.6,4293
60,262.1,4295.1
60,262.6,4296.3
60,263.1,4298.1
60,263.6,4299.6
60,264.1,4301.4
60,264.6,4302.3
60,265.1,4301.8
60,265.6,4309.2
60,266.1,4314.6
60,266.6,4313.8
60,267.1,4315.1
60,267.6,4312.5
60,268.09,4314.3
60,268.59,4317.2
60,269.09,4319.5
60,269.59,4320
60,270.09,4320
60,270.59,4321.3
60,271.09,4324.3
60,271.59,4325.8
60,272.09,4327.8
60,272.59,4330.3
60,273.09,4333
60,273.59,4335
60,274.09,4336.3
60,274.59,4317.2
60,275.09,4172.4
60,275.59,4025.5
60,276.09,3923.4
60,276.59,3836
60,277.09,3785.3
60,277.59,3759.2
60,278.09,3761
60,278.59,3797.1
60,279.09,3812.4
60,279.59,3821.1
60,280.09,3889.7
60,280.59,3969.8
60,281.09,4055.3
60,281.59,4137.4
60,282.09,4202.7
60,282.59,4212.2
60,283.09,4260.2
60,283.59,4266.4
60,284.09,4251.9
60,284.59,4230.3
60,285.09,4220.7
60,285.59,4214.7
60,286.09,4217.8
60,286.59,4219.5
60,287.09,4216.8
60,287.59,4209.8
60,288.09,4203.9
60,288.59,4196.2
60,289.09,4187
60,289.59,4169.9
60,290.09,4142.3
60,290.59,4117.2
60,291.09,4094.6
60,291.59,4069.6
60,292.09,4049.4
60,292.59,4017.6
60,293.09,3933.5
60,293.58,3773.8
60,294.08,3573.3
60,294.58,3344.3
60,295.08,3134.1
60,295.58,2999.7
60,296.08,2980.5
60,296.58,3004
60,297.08,3004.7
60,297.58,3010.3
60,298.08,3014.9
60,298.58,3010
60,299.08,3004
60,299.58,3000.8
60,300.08,3001.8
60,300.58,3004
60,301.08,3008.8
60,301.58,3075.6
60,302.08,3289.6
60,302.58,3544.3
60,303.08,3771.1
60,303.58,3941.4
60,304.08,4020.1
60,304.58,4033.8
60,305.08,4078.9
60,305.58,4136.6
60,306.08,4151.3
60,306.58,4137
60,307.08,4145.9
60,307.58,4162.5
60,308.08,4184.7
60,308.58,4221.3
60,309.08,4259.5
60,309.58,4283
60,310.08,4302.8
60,310.58,4323.5
60,311.08,4347.5
60,311.58,4377.2
60,312.08,4407.7
60,312.58,4436.3
60,313.08,4452.6
60,313.58,4464.3
60,314.08,4477.9
60,314.58,4494.6
60,315.08,4505.5
60,315.58,4508.9
60,316.08,4511.1
60,316.58,4507.4
60,317.08,4503.6
60,317.58,4501.3
60,318.08,4498.8
60,318.58,4494.5
60,319.07,4490.6
60,319.57,4485.2
60,320.07,4479.6
60,320.57,4471.4
60,321.07,4465
60,321.57,4466.4
60,322.07,4473.5
60,322.57,4480.9
60,323.07,4486.8
60,323.57,4492.1
60,324.07,4497
60,324.57,4501.1
60,325.07,4504.1
60,325.57,4506.9
60,326.07,4508.7
60,326.57,4510.4
60,327.07,4510.9
60,327.57,4511.1
60,328.07,4509.5
60,328.57,4508.2
60,329.07,4506.9
60,329.57,4505.5
60,330.07,4505
60,330.57,4504.7
60,331.07,4505.6
60,331.57,4506.9
60,332.07,4509.3
60,332.57,4511.8
60,333.07,4514.5
60,333.57,4521.4
60,334.07,4527.9
60,334.57,4542.5
60,335.07,4539.2
60,335.57,4536.1
60,336.07,4530.3
60,336.57,4524.3
60,337.07,4522.5
60,337.57,4521.4
60,338.07,4520
60,338.57,4518.9
60,339.07,4516.5
60,339.57,4515
60,340.07,4515.9
60,340.57,4515.1
60,341.07,4513.9
60,341.57,4512.4
60,342.07,4512.7
60,342.57,4512.8
60,343.07,4514
60,343.57,4512.9
60,344.06,4512.2
60,344.56,4510.6
60,345.06,4510.1
60,345.56,4510.8
60,346.06,4511.1
60,346.56,4508.9
60,347.06,4510.8
60,347.56,4520.2
60,348.06,4524.2
60,348.56,4522.2
60,349.06,4517.5
60,349.56,4512.2
60,350.06,4508.5
60,350.56,4512.8
60,351.06,4518.6
60,351.56,4518.8
60,352.06,4519.4
60,352.56,4521.1
60,353.06,4522
60,353.56,4522.9
60,354.06,4528.5
60,354.56,4534.9
60,355.06,4526.6
60,355.56,4520.7
60,356.06,4518.1
60,356.56,4518.7
60,357.06,4519.5
60,357.56,4520.9
60,358.06,4520.5
60,358.56,4520.3
60,359.06,4519.8
60,359.56,4505.6
60,360.06,4482.8
60,360.56,4470
60,361.06,4468.1
60,361.56,4484
60,362.06,4500.7
60,362.56,4512
60,363.06,4518.7
60,363.56,4524.6
60,364.06,4530.2
60,364.56,4533.6
60,365.06,4542.4
60,365.56,4555.4
60,366.06,4579.8
60,366.56,4593
60,367.06,4592.3
60,367.56,4596.5
60,368.06,4596
60,368.56,4596.6
60,369.05,4609.9
60,369.55,4626.1
60,370.05,4635.7
60,370.55,4640.2
60,371.05,4641
60,371.55,4640.9
60,372.05,4641
60,372.55,4637.5
60,373.05,4634.4
60,373.55,4634
60,374.05,4636.9
60,374.55,4638.3
60,375.05,4640.2
60,375.55,4640.1
60,376.05,4640.1
60,376.55,4638.5
60,377.05,4631.8
60,377.55,4620.4
60,378.05,4615.8
60,378.55,4630.7
60,379.05,4643.4
60,379.55,4647.6
60,380.05,4651
60,380.55,4650.6
60,381.05,4645.9
60,381.55,4641.9
60,382.05,4636.4
60,382.55,4603.8
60,383.05,4603.1
60,383.55,4602.8
60,384.05,4602.2
60,384.55,4599.2
60,385.05,4601.7
60,385.55,4599.6
60,386.05,4600.4
60,386.55,4599.2
60,387.05,4600.3
60,387.55,4594.8
60,388.05,4591.9
60,388.55,4596.6
60,389.05,4596.7
60,389.55,4597.9
60,390.05,4598.8
60,390.55,4600.2
60,391.05,4602
60,391.55,4604.3
60,392.05,4607.2
60,392.55,4613.3
60,393.05,4624.8
60,393.54,4641.7
60,394.04,4636.5
60,394.54,4615.1
60,395.04,4606.3
60,395.54,4598
60,396.04,4594.5
60,396.54,4594.2
60,397.04,4595.8
60,397.54,4600.1
60,398.04,4603.5
60,398.54,4606.7
60,399.04,4608.8
60,399.54,4611.1
60,400.04,4613.9
60,400.54,4617.2
60,401.04,4620.8
60,401.54,4626.4
60,402.04,4631.6
60,402.54,4633.5
60,403.04,4631.8
60,403.54,4630.2
60,404.04,4628.1
60,404.54,4628.3
60,405.04,4630.3
60,405.54,4631.2
60,406.04,4630.5
60,406.54,4628.1
60,407.04,4625.7
60,407.54,4626.2
60,408.04,4629.5
60,408.54,4635.8
60,409.04,4641
60,409.54,4640.2
60,410.04,4637.3
60,410.54,4633.8
60,411.04,4630.4
60,411.54,4629.7
60,412.04,4631
60,412.54,4631.6
60,413.04,4631.7
60,413.54,4630
60,414.04,4630.2
60,414.54,4629.3
60,415.04,4628.4
60,415.54,4625.4
60,416.04,4622.8
60,416.54,4618.7
60,417.04,4613.5
60,417.54,4609.1
60,418.04,4604.4
60,418.54,4601.4
60,419.04,4600.6
60,419.54,4597.6
60,420.04,4592.4
60,420.54,4587
60,421.04,4583.9
60,421.54,4582.7
60,422.04,4578.9
60,422.54,4575.5
60,423.04,4577.1
60,423.54,4581.6
60,424.04,4589.5
60,424.53,4602.4
60,425.03,4620.7
60,425.53,4642.8
60,426.03,4667.9
60,426.53,4692.6
60,427.03,4716.6
60,427.53,4736.2
60,428.03,4750.4
60,428.53,4756
60,429.03,4755.8
60,429.53,4754.3
60,430.03,4753.7
60,430.53,4752.2
60,431.03,4750.6
60,431.53,4751.4
60,432.03,4749.7
60,432.53,4746.4
60,433.03,4745.3
60,433.53,4745.5
60,434.03,4747.5
60,434.53,4752
60,435.03,4758.4
60,435.53,4764.9
60,436.03,4770.9
60,436.53,4774.8
60,437.03,4778.9
60,437.53,4783.8
60,438.03,4787.1
60,438.53,4791
60,439.03,4798.6
60,439.53,4808.8
60,440.03,4819.6
60,440.53,4830.8
60,441.03,4830.9
60,441.53,4804.9
60,442.03,4790
60,442.53,4789.3
60,443.03,4789.3
60,443.53,4787.6
60,444.03,4790.2
60,444.53,4793.8
60,445.03,4793.8
60,445.53,4793.4
60,446.03,4791.3
60,446.53,4792
60,447.03,4794.6
60,447.53,4797.2
60,448.03,4800.8
60,448.53,4802.3
60,449.03,4805.7
60,449.53,4809.6
60,450.03,4811.8
60,450.53,4814.6
60,451.03,4818.5
60,451.53,4822.4
60,452.03,4823.7
60,452.53,4827
60,453.03,4829.5
60,453.53,4831.1
60,454.03,4832.8
60,454.53,4833.9
60,455.03,4836.9
60,455.53,4843.4
60,456.03,4841.7
60,456.53,4837.1
60,457.03,4843.9
60,457.53,4852.2
60,458.03,4852.2
60,458.53,4845.3
60,459.03,4839.6
60,459.53,4833.8
60,460.03,4830.8
60,460.53,4830
60,461.03,4828.6
60,461.53,4827.2
60,462.03,4827.4
60,462.53,4828.1
60,463.03,4828.9
60,463.53,4830.2
60,464.03,4832.4
60,464.53,4834.2
60,465.03,4836
60,465.53,4837.3
60,466.03,4838.5
60,466.53,4839.1
60,467.03,4839.3
60,467.53,4841.6
60,468.03,4844.1
60,468.53,4840.8
60,469.03,4836
60,469.53,4831.1
60,470.03,4827.6
60,470.53,4826.5
60,471.02,4826.5
60,471.52,4827
60,472.02,4826.3
60,472.52,4825.6
60,473.02,4824.7
60,473.52,4824.8
60,474.02,4826.1
60,474.52,4828.4
60,475.02,4831.6
60,475.52,4833.6
60,476.02,4836.4
60,476.52,4838.2
60,477.02,4838.3
60,477.52,4837.4
60,478.02,4835.2
60,478.52,4831.8
60,479.02,4828.2
60,479.52,4838.6
60,480.02,4840.4
60,480.52,4832.7
60,481.02,4829.9
60,481.52,4831.6
60,482.02,4830.1
60,482.52,4827.6
60,483.02,4823.2
60,483.52,4821.5
60,484.02,4822.2
60,484.52,4823.1
60,485.02,4823.6
60,485.52,4823
60,486.02,4823.7
60,486.52,4822.9
60,487.02,4821.7
60,487.52,4822.9
60,488.02,4824
60,488.52,4823.5
60,489.02,4822.6
60,489.52,4824.2
60,490.02,4825
60,490.52,4823.9
60,491.02,4822.1
60,491.52,4822.4
60,492.02,4821.8
60,492.52,4821.6
60,493.02,4821.5
60,493.52,4821
60,494.02,4820.1
60,494.52,4819.7
60,495.02,4820.4
60,495.52,4820.7
60,496.02,4820.8
60,496.52,4821.4
60,497.02,4822.1
60,497.52,4822.8
60,498.02,4822.8
60,498.52,4823.7
60,499.01,4823.5
60,499.51,4823.7
60,500.01,4826.3
60,500.51,4820.3
60,501.01,4811.9
60,501.51,4809.4
60,502.01,4810.9
60,502.51,4812
60,503.01,4813.5
60,503.51,4814.6
60,504.01,4815.8
60,504.51,4817.3
60,505.01,4819.7
60,505.51,4821.5
60,506.01,4823.9
60,506.51,4824
60,507.01,4826.9
60,507.51,4825.7
60,508.01,4827.6
60,508.51,4829.8
60,509.01,4829.7
60,509.51,4830.9
60,510.01,4831.4
60,510.51,4827
60,511.01,4800.8
60,511.51,4768.3
60,512.01,4745.8
60,512.51,4727.5
60,513.01,4721.9
60,513.51,4710.9
60,514.01,4701.6
60,514.51,4704.2
60,515.01,4726.4
60,515.51,4764.9
60,516.01,4799.3
60,516.51,4821
60,517.01,4839.8
60,517.51,4854
60,518.01,4855.1
60,518.51,4862.4
60,519.01,4869.9
60,519.5,4870.2
60,520,4862.4
60,520.5,4836.6
60,521,4825.1
60,521.5,4821
60,522,4807.2
60,522.5,4795.3
60,523,4787.3
60,523.5,4783.2
60,524,4804.2
60,524.5,4824.4
60,525,4831.6
60,525.5,4835.4
60,526,4836.5
60,526.5,4835.7
60,527,4834.2
60,527.5,4827.4
60,528,4819.2
60,528.5,4807
60,529,4792.4
60,529.5,4773.5
60,530,4751.7
60,530.5,4724.2
60,531,4693.7
60,531.5,4660.5
60,532,4636
60,532.5,4623.7
60,533,4646.5
60,533.5,4676.9
60,534,4698.6
60,534.5,4709.5
60,535,4707.5
60,535.5,4704.7
60,536,4714.9
60,536.5,4733.1
60,537,4747.3
60,537.5,4770.5
60,538,4777.3
60,538.5,4777.3
60,539,4776.2
60,539.5,4766.4
60,540,4747.8
60,540.49,4722.1
60,540.99,4692.4
60,541.49,4655.9
60,541.99,4620
60,542.49,4622.2
60,542.99,4662.7
60,543.49,4690.6
60,543.99,4707
60,544.49,4716.5
60,544.99,4724.1
60,545.49,4733.4
60,545.99,4745.9
60,546.49,4764.9
60,546.99,4786.4
60,547.49,4808.5
60,547.99,4827.1
60,548.49,4825.9
60,548.99,4796.2
60,549.49,4756
60,549.99,4728
60,550.49,4705.8
60,550.99,4683.4
60,551.49,4660.4
60,551.99,4639.5
60,552.49,4620.9
60,552.99,4604.6
60,553.49,4597
60,553.99,4593
60,554.49,4594.5
60,554.99,4607
60,555.49,4625.8
60,555.99,4644.3
60,556.49,4660.2
60,556.99,4671.2
60,557.49,4676.9
60,557.99,4683.4
60,558.49,4696.4
60,558.99,4716.5
60,559.49,4739.4
60,559.99,4761.3
60,560.49,4781.3
60,560.98,4796.7
60,561.48,4805.6
60,561.98,4807.9
60,562.48,4804.4
60,562.98,4796.5
60,563.48,4786.1
60,563.98,4770.7
60,564.48,4752.7
60,564.98,4734.2
60,565.48,4721.7
60,565.98,4715.2
60,566.48,4709.6
60,566.98,4705.8
60,567.48,4704.7
60,567.98,4706.7
60,568.48,4710
60,568.98,4713.5
60,569.48,4716.7
60,569.98,4720
60,570.48,4723.2
60,570.98,4725
60,571.48,4726.9
60,571.98,4728
60,572.48,4729.2
60,572.98,4729.4
60,573.48,4729.5
60,573.98,4730.4
60,574.48,4731.5
60,574.98,4734.3
60,575.48,4737.4
60,575.98,4738.7
60,576.48,4739.9
60,576.98,4740.2
60,577.48,4745.4
60,577.98,4755.3
60,578.48,4765.4
60,578.98,4774.6
60,579.48,4782.4
60,579.98,4787.9
60,580.48,4792.2
60,580.98,4795.7
60,581.47,4797.4
60,581.97,4796.5
60,582.47,4793.3
60,582.97,4785.6
60,583.47,4772.8
60,583.97,4756.7
60,584.47,4735.5
60,584.97,4707
60,585.47,4667.1
60,585.97,4622.2
60,586.47,4583.1
60,586.97,4570.1
60,587.47,4572.4
60,587.97,4574.6
60,588.47,4575.9
60,588.97,4573.1
60,589.47,4569.1
60,589.97,4568.2
60,590.47,4571.2
60,590.97,4574.5
60,591.47,4578.2
60,591.97,4585.4
60,592.47,4596.7
60,592.97,4609.3
60,593.47,4623.5
60,593.97,4638.6
60,594.47,4654.8
60,594.97,4669.5
60,595.47,4684.1
60,595.97,4699.2
60,596.47,4713
60,596.97,4724.1
60,597.47,4733.4
60,597.97,4740.5
60,598.47,4747.6
60,598.97,4753.7
60,599.47,4759.2
60,599.97,4764.7
60,600.47,4769.8
60,600.97,4774.9
60,601.47,4779.4
60,601.96,4783.7
60,602.46,4787.1
60,602.96,4790.3
60,603.46,4792.5
60,603.96,4794.8
60,604.46,4797.1
60,604.96,4799
60,605.46,4800.2
60,605.96,4802.2
60,606.46,4803.4
60,606.96,4804.6
60,607.46,4805.8
60,607.96,4807
60,608.46,4807
60,608.96,4807.1
60,609.46,4807.1
60,609.96,4806.8
60,610.46,4806.1
60,610.96,4804.6
60,611.46,4803.3
60,611.96,4801.2
60,612.46,4798.7
60,612.96,4795.2
60,613.46,4791.2
60,613.96,4786.8
60,614.46,4784.2
60,614.96,4782
60,615.46,4780.9
60,615.96,4781.3
60,616.46,4782.6
60,616.96,4784
60,617.46,4784.9
60,617.96,4785.2
60,618.46,4785.2
60,618.96,4784.3
60,619.46,4784.3
60,619.96,4785.6
60,620.46,4789.2
60,620.96,4793.5
60,621.46,4796.4
60,621.96,4799.3
60,622.45,4801.4
60,622.95,4804.5
60,623.45,4809.9
60,623.95,4814.8
60,624.45,4818.7
60,624.95,4820.7
60,625.45,4821.4
60,625.95,4818.7
60,626.45,4814.8
60,626.95,4808.8
60,627.45,4801.8
60,627.95,4794.2
60,628.45,4787.2
60,628.95,4781.2
60,629.45,4776.5
60,629.95,4772
60,630.45,4768.8
60,630.95,4766.4
60,631.45,4764.1
60,631.95,4761.5
60,632.45,4760.5
60,632.95,4759.8
60,633.45,4758.2
60,633.95,4757
60,634.45,4755.9
60,634.95,4755.1
60,635.45,4752.6
60,635.95,4751
60,636.45,4748.9
60,636.95,4751.2
60,637.45,4754.5
60,637.95,4761.5
60,638.45,4766.6
60,638.95,4765.7
60,639.45,4752.8
60,639.95,4716
60,640.45,4713.5
60,640.95,4744.9
60,641.45,4797.1
60,641.95,4844.9
60,642.45,4862.9
60,642.94,4878.6
60,643.44,4900.7
60,643.94,4918.4
60,644.44,4929
60,644.94,4925
60,645.44,4911
60,645.94,4908
60,646.44,4911.1
60,646.94,4904.7
60,647.44,4895.3
60,647.94,4891.9
60,648.44,4906
60,648.94,4921.4
60,649.44,4921.5
60,649.94,4926.7
60,650.44,4948.2
60,650.94,4962
60,651.44,4961.5
60,651.94,4957.7
60,652.44,4955.6
60,652.94,4946.2
60,653.44,4920.7
60,653.94,4904.1
60,654.44,4917.6
60,654.94,4927.9
60,655.44,4921.3
60,655.94,4919.7
60,656.44,4915.9
60,656.94,4903.3
60,657.44,4886.3
60,657.94,4876.9
60,658.44,4883.5
60,658.94,4887.2
60,659.44,4887.5
60,659.94,4892.2
60,660.44,4897.1
60,660.94,4897.5
60,661.44,4894
60,661.94,4883.3
60,662.44,4871.3
60,662.94,4859.6
60,663.43,4851.8
60,663.93,4847
60,664.43,4844.8
60,664.93,4850.6
60,665.43,4860.3
60,665.93,4849.5
60,666.43,4852.4
60,666.93,4855.3
60,667.43,4854.7
60,667.93,4854.9
60,668.43,4855.8
60,668.93,4856.1
60,669.43,4851.2
60,669.93,4848.4
60,670.43,4846.4
60,670.93,4842.7
60,671.43,4833.2
60,671.93,4828.2
60,672.43,4830.7
60,672.93,4835
60,673.43,4843
60,673.93,4846.3
60,674.43,4843.4
60,674.93,4842.6
60,675.43,4843.2
60,675.93,4845.8
60,676.43,4849.4
60,676.93,4854.8
60,677.43,4860.2
60,677.93,4864.8
60,678.43,4867.6
60,678.93,4867.8
60,679.43,4866.1
60,679.93,4864
60,680.43,4859.1
60,680.93,4854.8
60,681.43,4848.1
60,681.93,4841.3
60,682.43,4834
60,682.93,4825.7
60,683.43,4817.6
60,683.92,4809.2
60,684.42,4800.8
60,684.92,4793
60,685.42,4786.5
60,685.92,4781.2
60,686.42,4777.8
60,686.92,4776
60,687.42,4774.9
60,687.92,4775.4
60,688.42,4779
60,688.92,4783.4
60,689.42,4787.2
60,689.92,4791.4
60,690.42,4797.2
60,690.92,4803.2
60,691.42,4808.9
60,691.92,4814.7
60,692.42,4821.9
60,692.92,4828.5
60,693.42,4833.6
60,693.92,4836.4
60,694.42,4837.9
60,694.92,4837.2
60,695.42,4837
60,695.92,4834.9
60,696.42,4834.7
60,696.92,4833.5
60,697.42,4830.9
60,697.92,4825.9
60,698.42,4816.5
60,698.92,4802.6
60,699.42,4780.4
60,699.92,4756.5
60,700.42,4741.3
60,700.92,4745.1
60,701.42,4756
60,701.92,4765.4
60,702.42,4772.8
60,702.92,4780.7
60,703.42,4788.6
60,703.92,4796.5
60,704.41,4806.3
60,704.91,4815.1
60,705.41,4824.3
60,705.91,4831.6
60,706.41,4833.5
60,706.91,4832
60,707.41,4827.8
60,707.91,4822.3
60,708.41,4815.8
60,708.91,4808.7
60,709.41,4803.3
60,709.91,4798.3
60,710.41,4794.5
60,710.91,4794.4
60,711.41,4800
60,711.91,4810.3
60,712.41,4818.8
60,712.91,4816.6
60,713.41,4804.4
60,713.91,4795.3
60,714.41,4787.7
60,714.91,4785.6
60,715.41,4784.9
60,715.91,4787
60,716.41,4791.6
60,716.91,4796.3
60,717.41,4803.4
60,717.91,4812.3
60,718.41,4824.8
60,718.91,4839.9
60,719.41,4857.5
60,719.91,4869.2
60,720.41,4875.8
60,720.91,4881.6
60,721.41,4886.2
60,721.91,4886.7
60,722.41,4886.8
60,722.9,4886.2
60,723.4,4884.3
60,723.9,4878.5
60,724.4,4870.5
60,724.9,4863.9
60,725.4,4855
60,725.9,4846.3
60,726.4,4839.8
60,726.9,4832.6
60,727.4,4825
60,727.9,4819.2
60,728.4,4818.9
60,728.9,4821.7
60,729.4,4824.5
60,729.9,4828
60,730.4,4831.5
60,730.9,4833.2
60,731.4,4833.9
60,731.9,4833.2
60,732.4,4830.8
60,732.9,4824.8
60,733.4,4812.8
60,733.9,4795.6
60,734.4,4774.5
60,734.9,4756.1
60,735.4,4746.7
60,735.9,4768.5
60,736.4,4792.1
60,736.9,4814.6
60,737.4,4835.3
60,737.9,4854.1
60,738.4,4870.4
60,738.9,4882.4
60,739.4,4889.4
60,739.9,4888.3
60,740.4,4882.6
60,740.9,4872.3
60,741.39,4862.2
60,741.89,4852
60,742.39,4847.9
60,742.89,4853.3
60,743.39,4872.2
60,743.89,4892
60,744.39,4909
60,744.89,4919.7
60,745.39,4922.5
60,745.89,4917.4
60,746.39,4913.2
60,746.89,4915.5
60,747.39,4922.4
60,747.89,4930.9
60,748.39,4936.7
60,748.89,4943.6
60,749.39,4953.7
60,749.89,4949.3
60,750.39,4929.7
60,750.89,4929.3
60,751.39,4954.7
60,751.89,4967.7
60,752.39,4949.6
60,752.89,4901
60,753.39,4894.5
60,753.89,4920.3
60,754.39,4978.1
60,754.89,4979.8
60,755.39,4938.3
60,755.89,4892.8
60,756.39,4935.3
60,756.89,4964
60,757.39,4956.6
60,757.89,4905.3
60,758.39,4917.8
60,758.89,4905.7
60,759.38,4855.5
60,759.88,4859.9
60,760.38,4881.2
60,760.88,4914.4
60,761.38,4901.5
60,761.88,4913.3
60,762.38,4933.1
60,762.88,4920.6
60,763.38,4905.6
60,763.88,4911.7
60,764.38,4920.4
60,764.88,4906.9
60,765.38,4894.7
60,765.88,4910.7
60,766.38,4922.8
60,766.88,4917.8
60,767.38,4927.1
60,767.88,4942.3
60,768.38,4948.2
60,768.88,4968.8
60,769.38,4997.7
60,769.88,5021
60,770.38,5022.5
60,770.88,5027.2
60,771.38,5021.2
60,771.88,4996.3
60,772.38,4967.7
60,772.88,4950.2
60,773.38,4926.9
60,773.88,4920.9
60,774.38,4940.1
60,774.88,4951.2
60,775.38,4941
60,775.88,4935.1
60,776.38,4937.1
60,776.88,4930.8
60,777.38,4928.7
60,777.87,4915.9
60,778.37,4909
60,778.87,4912.8
60,779.37,4891.6
60,779.87,4821.8
60,780.37,4740.9
60,780.87,4682.4
60,781.37,4635.7
60,781.87,4578.4
60,782.37,4527.7
60,782.87,4496.9
60,783.37,4480.6
60,783.87,4462.1
60,784.37,4449.7
60,784.87,4470.8
60,785.37,4474.3
60,785.87,4465.8
60,786.37,4457
60,786.87,4462.3
60,787.37,4473
60,787.87,4471.6
60,788.37,4466
60,788.87,4470.4
60,789.37,4498.5
60,789.87,4567
60,790.37,4740
60,790.87,4909
60,791.37,4971.9
60,791.87,4993
60,792.37,4986.6
60,792.87,4984.2
60,793.37,4979.9
60,793.87,4965.5
60,794.37,4951.8
60,794.87,4941.1
60,795.37,4941.4
60,795.87,4945.4
60,796.36,4951.4
60,796.86,4954.7
60,797.36,4963.9
60,797.86,5001.3
60,798.36,5065.5
60,798.86,5104.4
60,799.36,5110.7
60,799.86,5104.3
60,800.36,5068.3
60,800.86,5038.7
60,801.36,5026.4
60,801.86,5019
60,802.36,5028.5
60,802.86,5046.8
60,803.36,5062.1
60,803.86,5063.3
60,804.36,5055
60,804.86,5048.6
60,805.36,5046.7
60,805.86,5051.5
60,806.36,5071.5
60,806.86,5079.1
60,807.36,5095.9
60,807.86,5103.7
60,808.36,5116.8
60,808.86,5139.3
60,809.36,5156.3
60,809.86,5170.5
60,810.36,5168.3
60,810.86,5131.9
60,811.36,5116.1
60,811.86,5110.9
60,812.36,5097.6
60,812.86,5100.9
60,813.36,5115.9
60,813.86,5123.1
60,814.35,5130.5
60,814.85,5131.5
60,815.35,5127.9
60,815.85,5124.8
60,816.35,5143.4
60,816.85,5147.1
60,817.35,5122.4
60,817.85,5121.4
60,818.35,5139.9
60,818.85,5151.9
60,819.35,5157.1
60,819.85,5139.5
60,820.35,5117.8
60,820.85,5116.6
60,821.35,5120.3
60,821.85,5103.1
60,822.35,5096.4
60,822.85,5097.6
60,823.35,5089.5
60,823.85,5081.6
60,824.35,5064
60,824.85,5058.6
60,825.35,5088
60,825.85,5118.9
60,826.35,5127.6
60,826.85,5113.9
60,827.35,5100.9
60,827.85,5120.8
60,828.35,5121.5
60,828.85,5097
60,829.35,5079.4
60,829.85,5105.5
60,830.35,5097.2
60,830.85,5094.5
60,831.35,5099.4
60,831.85,5107
60,832.35,5115.7
60,832.84,5132.5
60,833.34,5146
60,833.84,5153.3
60,834.34,5160.6
60,834.84,5170.8
60,835.34,5175.8
60,835.84,5171.5
60,836.34,5164.8
60,836.84,5159.9
60,837.34,5152
60,837.84,5143.9
60,838.34,5136.5
60,838.84,5130.5
60,839.34,5123.5
60,839.84,5117.2
60,840.34,5111.2
60,840.84,5107.6
60,841.34,5106.1
60,841.84,5106.6
60,842.34,5109.5
60,842.84,5113.3
60,843.34,5119.4
60,843.84,5122.8
60,844.34,5122.5
60,844.84,5122.1
60,845.34,5123.3
60,845.84,5125.7
60,846.34,5133
60,846.84,5142.1
60,847.34,5153.9
60,847.84,5168.7
60,848.34,5187
60,848.84,5209.1
60,849.34,5239.8
60,849.84,5275.7
60,850.34,5314.4
60,850.83,5347
60,851.33,5353.4
60,851.83,5344.3
60,852.33,5334
60,852.83,5322.4
60,853.33,5317.8
60,853.83,5317.4
60,854.33,5317.3
60,854.83,5319.3
60,855.33,5327.4
60,855.83,5335.9
60,856.33,5337.3
60,856.83,5331.6
60,857.33,5319.9
60,857.83,5297.3
60,858.33,5265.9
60,858.83,5232.4
60,859.33,5203.4
60,859.83,5177.1
60,860.33,5155.1
60,860.83,5135.9
60,861.33,5121.4
60,861.83,5113.3
60,862.33,5108.9
60,862.83,5108.7
60,863.33,5111.7
60,863.83,5117.5
60,864.33,5125.6
60,864.83,5132.5
60,865.33,5139.2
60,865.83,5145.8
60,866.33,5153.8
60,866.83,5168.2
60,867.33,5183.6
60,867.82,5196.2
60,868.32,5201.7
60,868.82,5202
60,869.32,5200.9
60,869.82,5198.6
60,870.32,5198.1
60,870.82,5200.3
60,871.32,5205.6
60,871.82,5214.7
60,872.32,5224.6
60,872.82,5232.1
60,873.32,5237.6
60,873.82,5238.5
60,874.32,5231.8
60,874.82,5243.2
60,875.32,5244.7
60,875.82,5241.6
60,876.32,5216.1
60,876.82,5205
60,877.32,5246.8
60,877.82,5213
60,878.32,5177.6
60,878.82,5171.2
60,879.32,5182.1
60,879.82,5205.6
60,880.32,5208
60,880.82,5164.5
60,881.32,5182.5
60,881.82,5207.7
60,882.32,5202.3
60,882.82,5209.7
60,883.32,5211.1
60,883.82,5233
60,884.32,5244.8
60,884.81,5221.4
60,885.31,5188.8
60,885.81,5188.3
60,886.31,5189
60,886.81,5185.9
60,887.31,5181.2
60,887.81,5172.8
60,888.31,5170.5
60,888.81,5169.8
60,889.31,5168.3
60,889.81,5168.9
60,890.31,5190.9
60,890.81,5226
60,891.31,5235.8
60,891.81,5223.9
60,892.31,5216.2
60,892.81,5211.1
60,893.31,5202.1
60,893.81,5184.6
60,894.31,5170.8
60,894.81,5171.8
60,895.31,5178.6
60,895.81,5182.4
60,896.31,5182.7
60,896.81,5183.7
60,897.31,5182.8
60,897.81,5183.1
60,898.31,5185.3
60,898.81,5190
60,899.31,5194.7
60,899.81,5200.4
60,900.31,5207.8
60,900.81,5214.4
60,901.31,5221.3
60,901.8,5228.4
60,902.3,5234.4
60,902.8,5237.9
60,903.3,5239.8
60,903.8,5240.9
60,904.3,5244
60,904.8,5247.1
60,905.3,5247.7
60,905.8,5245.5
60,906.3,5244
60,906.8,5242.6
60,907.3,5243.1
60,907.8,5243.5
60,908.3,5243.6
60,908.8,5243
60,909.3,5240.5
60,909.8,5233.7
60,910.3,5223.1
60,910.8,5210.5
60,911.3,5198.9
60,911.8,5169.3
60,912.3,5171.7
60,912.8,5216.5
60,913.3,5205
60,913.8,5204.4
60,914.3,5219.1
60,914.8,5235
60,915.3,5240.3
60,915.8,5243.9
60,916.3,5254.7
60,916.8,5253.4
60,917.3,5235
60,917.8,5194.3
60,918.29,5162.2
60,918.79,5122.7
60,919.29,5070.8
60,919.79,5072.9
60,920.29,5132.8
60,920.79,5172.8
60,921.29,5168.7
60,921.79,5158.3
60,922.29,5143.8
60,922.79,5127.8
60,923.29,5109.9
60,923.79,5093.3
60,924.29,5074.4
60,924.79,5054.6
60,925.29,5034.8
60,925.79,5015.3
60,926.29,5003.4
60,926.79,5005.3
60,927.29,5018.5
60,927.79,5034
60,928.29,5049.1
60,928.79,5060.2
60,929.29,5066.7
60,929.79,5067
60,930.29,5058.9
60,930.79,5043.2
60,931.29,5021.2
60,931.79,4996.7
60,932.29,4969.8
60,932.79,4943.6
60,933.29,4918.1
60,933.79,4899
60,934.29,4884.8
60,934.79,4873.4
60,935.28,4866.6
60,935.78,4868.2
60,936.28,4878.1
60,936.78,4897.7
60,937.28,4926.3
60,937.78,4960.3
60,938.28,4993.7
60,938.78,5017.9
60,939.28,5031.1
60,939.78,5036
60,940.28,5034.2
60,940.78,5028.9
60,941.28,5018.2
60,941.78,5007.2
60,942.28,5009.3
60,942.78,5014.7
60,943.28,5025.1
60,943.78,5029
60,944.28,5008.8
60,944.78,5007.2
60,945.28,4997.7
60,945.78,4990.7
60,946.28,4990.7
60,946.78,4986.7
60,947.28,4973.1
60,947.78,4965
60,948.28,4990.6
60,948.78,5006.7
60,949.28,5003.6
60,949.78,5042.2
60,950.28,5095.2
60,950.78,5104.9
60,951.28,5088.7
60,951.78,5078.3
60,952.27,5071.4
60,952.77,5060.7
60,953.27,5051
60,953.77,5060.5
60,954.27,5073.5
60,954.77,5069.5
60,955.27,5062.1
60,955.77,5065.4
60,956.27,5058.1
60,956.77,5063.7
60,957.27,5060.7
60,957.77,5039.9
60,958.27,5024.4
60,958.77,5040.8
60,959.27,5052.3
60,959.77,5056.4
60,960.27,5061
60,960.77,5064.8
60,961.27,5068.6
60,961.77,5070.1
60,962.27,5072.1
60,962.77,5075.3
60,963.27,5075.3
60,963.77,5074.9
60,964.27,5075
60,964.77,5074.3
60,965.27,5075.7
60,965.77,5076.3
60,966.27,5077.9
60,966.77,5080.5
60,967.27,5082.8
60,967.77,5084.1
60,968.27,5084.4
60,968.76,5083.7
60,969.26,5082.2
60,969.76,5079.7
60,970.26,5077
60,970.76,5075.2
60,971.26,5072.5
60,971.76,5071.3
60,972.26,5071.4
60,972.76,5073.1
60,973.26,5075.8
60,973.76,5079.7
60,974.26,5084.8
60,974.76,5089.7
60,975.26,5094.8
60,975.76,5100.7
60,976.26,5107.6
60,976.76,5114.4
60,977.26,5120.2
60,977.76,5126
60,978.26,5130.4
60,978.76,5132.4
60,979.26,5133.3
60,979.76,5130.7
60,980.26,5120.9
60,980.76,5106.7
60,981.26,5091.2
60,981.76,5074.6
60,982.26,5057.9
60,982.76,5041.3
60,983.26,5026.7
60,983.76,5014
60,984.26,5013.2
60,984.76,5025.8
60,985.26,5042.3
60,985.75,5054.4
60,986.25,5061.1
60,986.75,5062
60,987.25,5058.8
60,987.75,5051.1
60,988.25,5040.9
60,988.75,5030.1
60,989.25,5019.5
60,989.75,5011.5
60,990.25,5006.6
60,990.75,5003
60,991.25,5000.6
60,991.75,4997.9
60,992.25,4994.6
60,992.75,4990.5
60,993.25,4986.7
60,993.75,4983.2
60,994.25,4980.3
60,994.75,4978.5
60,995.25,4978.6
60,995.75,4981
60,996.25,4984.6
60,996.75,4988.5
60,997.25,4991.4
60,997.75,4993.8
60,998.25,4995.3
60,998.75,4993.5
60,999.25,4989.1
60,999.75,4983.3
60,1000.25,4976.7
60,1000.75,4969.4
60,1001.25,4962.4
60,1001.75,4956.7
60,1002.24,4953.7
60,1002.74,4952.8
60,1003.24,4951.8
60,1003.74,4953.2
60,1004.24,4958.6
60,1004.74,4965.5
60,1005.24,4974.1
60,1005.74,4983
60,1006.24,4991.4
60,1006.74,4998.5
60,1007.24,5005.6
60,1007.74,5011.8
60,1008.24,5016.8
60,1008.74,5020.9
60,1009.24,5026.4
60,1009.74,5032.3
60,1010.24,5037.9
60,1010.74,5042.6
60,1011.24,5044.9
60,1011.74,5046.9
60,1012.24,5049.9
60,1012.74,5056.4
60,1013.24,5065.5
60,1013.74,5076.8
60,1014.24,5087.8
60,1014.74,5097.4
60,1015.24,5105
60,1015.74,5109.4
60,1016.24,5112.2
60,1016.74,5112.7
60,1017.24,5113
60,1017.73,5112.6
60,1018.23,5098.5
60,1018.73,5072.3
60,1019.23,5049.8
60,1019.73,5047.7
60,1020.23,5048.8
60,1020.73,5066.5
60,1021.23,5057.3
60,1021.73,5047.5
60,1022.23,5039.6
60,1022.73,5041.1
60,1023.23,5022.1
60,1023.73,5006
60,1024.23,5011.7
60,1024.73,5033.9
60,1025.23,5040.4
60,1025.73,5023.9
60,1026.23,5018.5
60,1026.73,5015.4
60,1027.23,5030.5
60,1027.73,5042.9
60,1028.23,5041.4
60,1028.73,5035.2
60,1029.23,5042.8
60,1029.73,5047.9
60,1030.23,5087.8
60,1030.73,5094.1
60,1031.23,5086.1
60,1031.73,5067.2
60,1032.23,5070.1
60,1032.73,5073.4
60,1033.22,5070.2
60,1033.72,5072.7
60,1034.22,5069.7
60,1034.72,5084.1
60,1035.22,5090.4
60,1035.72,5092
60,1036.22,5079.7
60,1036.72,5053.6
60,1037.22,5056.6
60,1037.72,5050.8
60,1038.22,5054.2
60,1038.72,5032.9
60,1039.22,5011.9
60,1039.72,5001.9
60,1040.22,4971
60,1040.72,4954.4
60,1041.22,4958.7
60,1041.72,4976.6
60,1042.22,4990
60,1042.72,4990.5
60,1043.22,4995.3
60,1043.72,4995.8
60,1044.22,4999
60,1044.72,4994
60,1045.22,4979.2
60,1045.72,4966.8
60,1046.22,4973.7
60,1046.72,4979.1
60,1047.22,4974.5
60,1047.72,4969.3
60,1048.21,4968.1
60,1048.71,4968.7
60,1049.21,4967.3
60,1049.71,4965.5
60,1050.21,4964.2
60,1050.71,4967.1
60,1051.21,4971.3
60,1051.71,4975.7
60,1052.21,4972
60,1052.71,4957.8
60,1053.21,4941.6
60,1053.71,4951.9
60,1054.21,4976.9
60,1054.71,4990.7
60,1055.21,4995.8
60,1055.71,4992.2
60,1056.21,4972.7
60,1056.71,4941.7
60,1057.21,4905.7
60,1057.71,4868.8
60,1058.21,4829.1
60,1058.71,4789.6
60,1059.21,4755.1
60,1059.71,4723.8
60,1060.21,4703.2
60,1060.71,4709.9
60,1061.21,4732.6
60,1061.71,4757
60,1062.21,4778.8
60,1062.71,4801.6
60,1063.21,4827.1
60,1063.7,4852.1
60,1064.2,4879.6
60,1064.7,4913.5
60,1065.2,4954.3
60,1065.7,4997.6
60,1066.2,5040.9
60,1066.7,5082.3
60,1067.2,5120.6
60,1067.7,5139
60,1068.2,5115.1
60,1068.7,5071.8
60,1069.2,5029.3
60,1069.7,4983.9
60,1070.2,4940
60,1070.7,4901.7
60,1071.2,4870.6
60,1071.7,4856
60,1072.2,4871.2
60,1072.7,4894
60,1073.2,4919.1
60,1073.7,4945
60,1074.2,4959.6
60,1074.7,5003.1
60,1075.2,5068.2
60,1075.7,5098.2
60,1076.2,5142
60,1076.7,5167.6
60,1077.2,5175.9
60,1077.7,5167.9
60,1078.2,5155.9
60,1078.69,5152.4
60,1079.19,5154.1
60,1079.69,5162.8
60,1080.19,5159.6
60,1080.69,5166.4
60,1081.19,5188.9
60,1081.69,5199.3
60,1082.19,5204.3
60,1082.69,5206.8
60,1083.19,5208.3
60,1083.69,5209.9
60,1084.19,5208.9
60,1084.69,5205.8
60,1085.19,5200.9
60,1085.69,5198.7
60,1086.19,5192.5
60,1086.69,5182.5
60,1087.19,5176.6
60,1087.69,5156.9
60,1088.19,5139.8
60,1088.69,5129.4
60,1089.19,5124.2
60,1089.69,5104.6
60,1090.19,5074.7
60,1090.69,5067.2
60,1091.19,5073.5
60,1091.69,5069.1
60,1092.19,5062.5
60,1092.69,5063.1
60,1093.19,5027
60,1093.69,4933.5
60,1094.18,4927.3
60,1094.68,4941.1
60,1095.18,4964.3
60,1095.68,4981.9
60,1096.18,4993.8
60,1096.68,5011.6
60,1097.18,5032.3
60,1097.68,5061.1
60,1098.18,5084.2
60,1098.68,5105.2
60,1099.18,5124.3
60,1099.68,5136.2
60,1100.18,5146.2
60,1100.68,5146.7
60,1101.18,5133.5
60,1101.68,5105.7
60,1102.18,5078.6
60,1102.68,5062.6
60,1103.18,5085.6
60,1103.68,5116.3
60,1104.18,5132.3
60,1104.68,5128.1
60,1105.18,5116.4
60,1105.68,5101.9
60,1106.18,5089.7
60,1106.68,5076.9
60,1107.18,5057.2
60,1107.68,5025.7
60,1108.18,4983.8
60,1108.68,4943.5
60,1109.17,4918.5
60,1109.67,4907.9
60,1110.17,4897.3
60,1110.67,4885.3
60,1111.17,4869.7
60,1111.67,4840.8
60,1112.17,4815.9
60,1112.67,4786.8
60,1113.17,4783.6
60,1113.67,4781.7
60,1114.17,4778.4
60,1114.67,4810.2
60,1115.17,4875.9
60,1115.67,4931.9
60,1116.17,4973.1
60,1116.67,5021
60,1117.17,5063.1
60,1117.67,5081
60,1118.17,5077.8
60,1118.67,5066.3
60,1119.17,5026.5
60,1119.67,4989.6
60,1120.17,4995
60,1120.67,5050.3
60,1121.17,5115.2
60,1121.67,5146.4
60,1122.17,5171.2
60,1122.67,5202.5
60,1123.17,5229.4
60,1123.67,5254.5
60,1124.17,5275.8
60,1124.66,5296.5
60,1125.16,5323.7
60,1125.66,5351.5
60,1126.16,5371.5
60,1126.66,5388
60,1127.16,5397
60,1127.66,5396.6
60,1128.16,5390.5
60,1128.66,5386.1
60,1129.16,5369.4
60,1129.66,5347.9
60,1130.16,5341
60,1130.66,5335.3
60,1131.16,5336.8
60,1131.66,5343.6
60,1132.16,5348.4
60,1132.66,5357.7
60,1133.16,5361
60,1133.66,5361.7
60,1134.16,5348.9
60,1134.66,5318.1
60,1135.16,5284.8
60,1135.66,5253.9
60,1136.16,5226.7
60,1136.66,5209.6
60,1137.16,5203.3
60,1137.66,5203.8
60,1138.16,5211
60,1138.66,5219.2
60,1139.16,5234.1
60,1139.65,5251.2
60,1140.15,5266.8
60,1140.65,5280.8
60,1141.15,5292.3
60,1141.65,5290.9
60,1142.15,5284.6
60,1142.65,5279.4
60,1143.15,5278.1
60,1143.65,5278.6
60,1144.15,5271.3
60,1144.65,5267.9
60,1145.15,5265.5
60,1145.65,5262.4
60,1146.15,5254.2
60,1146.65,5240.7
60,1147.15,5208.3
60,1147.65,5175.3
60,1148.15,5041.3
60,1148.65,4879.1
60,1149.15,4738.1
60,1149.65,4695.2
60,1150.15,4658.7
63.3,-14.8,29.2
63.3,-14.3,31.5
63.3,-13.81,33.4
63.3,-13.32,34.6
63.3,-12.82,37.7
63.3,-12.33,39.9
63.3,-11.84,42.6
63.3,-11.34,44.6
63.3,-10.85,48.1
63.3,-10.36,50
63.3,-9.86,52.8
63.3,-9.37,61.1
63.3,-8.88,62.7
63.3,-8.38,64.3
63.3,-7.89,66.5
63.3,-7.4,68.3
63.3,-6.9,70
63.3,-6.41,74
63.3,-5.92,74.9
63.3,-5.42,74
63.3,-4.93,76.9
63.3,-4.44,77.1
63.3,-3.95,76.5
63.3,-3.45,77.3
63.3,-2.96,80.7
63.3,-2.47,83.4
63.3,-1.97,83.3
63.3,-1.48,84.3
63.3,-0.99,85.5
63.3,-0.49,85.4
63.3,0,85.8
63.3,0.49,86
63.3,0.99,87.8
63.3,1.48,89.8
63.3,1.97,90
63.3,2.47,90.5
63.3,2.96,92.1
63.3,3.45,93.9
63.3,3.95,93.2
63.3,4.44,99
63.3,4.93,98.5
63.3,5.42,97.6
63.3,5.92,96.6
63.3,6.41,98.3
63.3,6.9,99.5
63.3,7.4,99.3
63.3,7.89,99.8
63.3,8.38,100.3
63.3,8.88,101
63.3,9.37,102.2
63.3,9.86,103
63.3,10.36,105.4
63.3,10.85,112
63.3,11.34,112.9
63.3,11.84,115.1
63.3,12.33,117
63.3,12.82,122.5
63.3,13.32,126.4
63.3,13.81,128.2
63.3,14.3,131.7
63.3,14.8,137.5
63.3,15.29,151.1
63.3,15.78,164.5
63.3,16.27,175.6
63.3,16.77,186.2
63.3,17.26,198.2
63.3,17.75,210.9
63.3,18.25,216.7
63.3,18.74,224.1
63.3,19.23,234.7
63.3,19.73,245.2
63.3,20.22,258
63.3,20.71,267.4
63.3,21.21,281.6
63.3,21.7,296.5
63.3,22.19,303.6
63.3,22.69,313.6
63.3,23.19,321.3
63.3,23.69,331.4
63.3,24.19,345.5
63.3,24.69,359.7
63.3,25.19,373.1
63.3,25.69,388.3
63.3,26.19,396.6
63.3,26.69,408.4
63.3,27.19,419.6
63.3,27.69,425.3
63.3,28.19,432.7
63.3,28.69,445.1
63.3,29.19,449.8
63.3,29.69,472.5
63.3,30.19,486.7
63.3,30.69,488.9
63.3,31.19,492.7
63.3,31.69,505.8
63.3,32.19,521.8
63.3,32.69,538.4
63.3,33.19,551.9
63.3,33.69,561.8
63.3,34.19,569.6
63.3,34.69,577.4
63.3,35.19,586.1
63.3,35.69,596.7
63.3,36.19,608.8
63.3,36.69,617
63.3,37.19,626.4
63.3,37.69,637.4
63.3,38.19,645.2
63.3,38.69,654.8
63.3,39.19,667.5
63.3,39.69,687
63.3,40.19,699
63.3,40.69,707.7
63.3,41.19,727.8
63.3,41.69,768.1
63.3,42.19,826.4
63.3,42.69,892.6
63.3,43.19,962.5
63.3,43.68,1025.4
63.3,44.18,1078.8
63.3,44.68,1127.6
63.3,45.18,1175.1
63.3,45.68,1221.8
63.3,46.18,1226
63.3,46.68,1284.8
63.3,47.18,1349.2
63.3,47.68,1409.5
63.3,48.18,1467.4
63.3,48.68,1527.5
63.3,49.18,1663.2
63.3,49.68,1723.5
63.3,50.18,1764.4
63.3,50.68,1809.1
63.3,51.18,1842.5
63.3,51.68,1923.9
63.3,52.18,2026.7
63.3,52.68,2093.2
63.3,53.18,2129
63.3,53.68,2152.9
63.3,54.18,2170
63.3,54.68,2212.7
63.3,55.18,2259.2
63.3,55.68,2304.9
63.3,56.18,2365.6
63.3,56.68,2407.3
63.3,57.18,2442.7
63.3,57.68,2481.9
63.3,58.18,2522.1
63.3,58.68,2562.1
63.3,59.18,2595.1
63.3,59.68,2626
63.3,60.18,2643.3
63.3,60.68,2653.9
63.3,61.18,2654.7
63.3,61.68,2649.5
63.3,62.18,2655.5
63.3,62.68,2631.1
63.3,63.18,2582.9
63.3,63.68,2542.9
63.3,64.18,2525.1
63.3,64.68,2533.5
63.3,65.18,2545.7
63.3,65.68,2549.6
63.3,66.18,2543.2
63.3,66.68,2535.5
63.3,67.18,2524.2
63.3,67.68,2512.7
63.3,68.18,2512
63.3,68.68,2514
63.3,69.18,2509.4
63.3,69.68,2509.3
63.3,70.17,2511.3
63.3,70.67,2510.1
63.3,71.17,2508.6
63.3,71.67,2517.7
63.3,72.17,2546.4
63.3,72.67,2592.1
63.3,73.17,2600.2
63.3,73.67,2516.5
63.3,74.17,2499.4
63.3,74.67,2473.3
63.3,75.17,2427.7
63.3,75.67,2347.2
63.3,76.17,2294.2
63.3,76.67,2317.8
63.3,77.17,2350.6
63.3,77.67,2367.2
63.3,78.17,2410.4
63.3,78.67,2542.2
63.3,79.17,2724.2
63.3,79.67,2845.9
63.3,80.17,2841.4
63.3,80.67,2805.4
63.3,81.17,2883.9
63.3,81.67,2920.1
63.3,82.17,2884.9
63.3,82.67,2879.6
63.3,83.17,2899.7
63.3,83.67,2922
63.3,84.17,3016
63.3,84.67,3098.1
63.3,85.17,3169.1
63.3,85.67,3190
63.3,86.17,3187.8
63.3,86.67,3209.7
63.3,87.17,3266.9
63.3,87.67,3338.7
63.3,88.17,3384.6
63.3,88.67,3410.8
63.3,89.17,3428
63.3,89.67,3443.5
63.3,90.17,3459.4
63.3,90.67,3470.2
63.3,91.17,3492.5
63.3,91.67,3504.4
63.3,92.17,3518.9
63.3,92.67,3537.7
63.3,93.17,3557.7
63.3,93.67,3578.7
63.3,94.17,3593.1
63.3,94.67,3598.2
63.3,95.17,3604.7
63.3,95.67,3614.1
63.3,96.17,3627.6
63.3,96.66,3635.2
63.3,97.16,3640.1
63.3,97.66,3644.7
63.3,98.16,3646
63.3,98.66,3650.2
63.3,99.16,3650.8
63.3,99.66,3652.6
63.3,100.16,3652.2
63.3,100.66,3644.7
63.3,101.16,3640.9
63.3,101.66,3643.8
63.3,102.16,3646.4
63.3,102.66,3649.4
63.3,103.16,3649.8
63.3,103.66,3648.8
63.3,104.16,3649.1
63.3,104.66,3653.4
63.3,105.16,3659.6
63.3,105.66,3662.6
63.3,106.16,3660.9
63.3,106.66,3660.8
63.3,107.16,3664.4
63.3,107.66,3678.3
63.3,108.16,3708.7
63.3,108.66,3705.1
63.3,109.16,3702.2
63.3,109.66,3711.2
63.3,110.16,3711.9
63.3,110.66,3711.7
63.3,111.16,3715.4
63.3,111.66,3728.8
63.3,112.16,3738.9
63.3,112.66,3744.3
63.3,113.16,3741.6
63.3,113.66,3739.4
63.3,114.16,3737.8
63.3,114.66,3737.3
63.3,115.16,3742.8
63.3,115.66,3746.8
63.3,116.16,3744.1
63.3,116.66,3743.5
63.3,117.16,3746.7
63.3,117.66,3750
63.3,118.16,3754.7
63.3,118.66,3767.9
63.3,119.16,3769.4
63.3,119.66,3777.7
63.3,120.16,3787.2
63.3,120.66,3791.8
63.3,121.16,3796.7
63.3,121.66,3800.2
63.3,122.16,3802.8
63.3,122.65,3807.1
63.3,123.15,3813.6
63.3,123.65,3813.5
63.3,124.15,3817.4
63.3,124.65,3822.4
63.3,125.15,3827
63.3,125.65,3829.6
63.3,126.15,3830.4
63.3,126.65,3837.2
63.3,127.15,3840.9
63.3,127.65,3840.7
63.3,128.15,3850.6
63.3,128.65,3855.3
63.3,129.15,3849.8
63.3,129.65,3854.4
63.3,130.15,3863.1
63.3,130.65,3866.5
63.3,131.15,3872.5
63.3,131.65,3880
63.3,132.15,3879.6
63.3,132.65,3881.4
63.3,133.15,3877.8
63.3,133.65,3879.8
63.3,134.15,3885.8
63.3,134.65,3889.3
63.3,135.15,3885.6
63.3,135.65,3883.9
63.3,136.15,3888
63.3,136.65,3893.8
63.3,137.15,3897.6
63.3,137.65,3900.4
63.3,138.15,3901.9
63.3,138.65,3906.1
63.3,139.15,3908.2
63.3,139.65,3907.4
63.3,140.15,3908.5
63.3,140.65,3910.5
63.3,141.15,3909.3
63.3,141.65,3910.5
63.3,142.15,3910.7
63.3,142.65,3912.7
63.3,143.15,3914
63.3,143.65,3914.3
63.3,144.15,3915.8
63.3,144.65,3918.7
63.3,145.15,3922
63.3,145.65,3924.6
63.3,146.15,3928.9
63.3,146.65,3932.7
63.3,147.15,3934.7
63.3,147.64,3934.7
63.3,148.14,3935.7
63.3,148.64,3939.6
63.3,149.14,3942
63.3,149.64,3945.9
63.3,150.14,3945
63.3,150.64,3945.4
63.3,151.14,3946.2
63.3,151.64,3947.6
63.3,152.14,3950.3
63.3,152.64,3951.3
63.3,153.14,3945
63.3,153.64,3945.6
63.3,154.14,3943.8
63.3,154.64,3942.5
63.3,155.14,3943.1
63.3,155.64,3944.3
63.3,156.14,3945.4
63.3,156.64,3947.1
63.3,157.14,3948.4
63.3,157.64,3950
63.3,158.14,3952.5
63.3,158.64,3955.7
63.3,159.14,3958.4
63.3,159.64,3961
63.3,160.14,3962.2
63.3,160.64,3964.6
63.3,161.14,3966.7
63.3,161.64,3968.7
63.3,162.14,3970.3
63.3,162.64,3973.3
63.3,163.14,3973
63.3,163.64,3974.3
63.3,164.14,3975.4
63.3,164.64,3977.2
63.3,165.14,3977
63.3,165.64,3977.6
63.3,166.14,3978.4
63.3,166.64,3980.1
63.3,167.14,3982.6
63.3,167.64,3982.5
63.3,168.14,3984.7
63.3,168.64,3990.6
63.3,169.14,3994.7
63.3,169.64,3996.7
63.3,170.14,3999.3
63.3,170.64,3994.6
63.3,171.14,3973.4
63.3,171.63,3972.8
63.3,172.13,3983.6
63.3,172.63,3986
63.3,173.13,4012.5
63.3,173.63,4010.5
63.3,174.13,3996.3
63.3,174.63,3982.9
63.3,175.13,3983.1
63.3,175.63,3984.6
63.3,176.13,3979.4
63.3,176.63,3977.1
63.3,177.13,3982.9
63.3,177.63,3988.3
63.3,178.13,3987.7
63.3,178.63,3981.9
63.3,179.13,3982.3
63.3,179.63,3981.7
63.3,180.13,3988
63.3,180.63,3986.7
63.3,181.13,3982.2
63.3,181.63,3981.3
63.3,182.13,3982.5
63.3,182.63,3982.2
63.3,183.13,3980.8
63.3,183.63,3979
63.3,184.13,3968.2
63.3,184.63,3959
63.3,185.13,3953.2
63.3,185.63,3948.3
63.3,186.13,3943.9
63.3,186.63,3934.6
63.3,187.13,3926.8
63.3,187.63,3924.1
63.3,188.13,3928
63.3,188.63,3931.4
63.3,189.13,3933
63.3,189.63,3935.5
63.3,190.13,3938.5
63.3,190.63,3941
63.3,191.13,3944.5
63.3,191.63,3946.5
63.3,192.13,3950.2
63.3,192.63,3955.4
63.3,193.13,3958.3
63.3,193.63,3961.3
63.3,194.13,3963.3
63.3,194.63,3966.1
63.3,195.13,3976.8
63.3,195.62,3982
63.3,196.12,3989.4
63.3,196.62,3998.2
63.3,197.12,4005.4
63.3,197.62,4013.3
63.3,198.12,4015.3
63.3,198.62,4015.4
63.3,199.12,4021.8
63.3,199.62,4030.6
63.3,200.12,4029.7
63.3,200.62,4030.9
63.3,201.12,4032
63.3,201.62,4018.7
63.3,202.12,4043.1
63.3,202.62,4059.6
63.3,203.12,4072.5
63.3,203.62,4086.1
63.3,204.12,4099.7
63.3,204.62,4114
63.3,205.12,4127.2
63.3,205.62,4138.8
63.3,206.12,4150.2
63.3,206.62,4160.3
63.3,207.12,4167.9
63.3,207.62,4173
63.3,208.12,4175.3
63.3,208.62,4176.2
63.3,209.12,4176.5
63.3,209.62,4175.4
63.3,210.12,4175.3
63.3,210.62,4176.7
63.3,211.12,4177.9
63.3,211.62,4178.7
63.3,212.12,4183.5
63.3,212.62,4189.1
63.3,213.12,4196
63.3,213.62,4203.6
63.3,214.12,4208.9
63.3,214.62,4213.2
63.3,215.12,4215.8
63.3,215.62,4219
63.3,216.12,4224
63.3,216.62,4227.8
63.3,217.12,4232.1
63.3,217.62,4236
63.3,218.12,4240
63.3,218.62,4243.8
63.3,219.11,4246.5
63.3,219.61,4248.6
63.3,220.11,4251.2
63.3,220.61,4253
63.3,221.11,4254.5
63.3,221.61,4255.1
63.3,222.11,4254.3
63.3,222.61,4254.5
63.3,223.11,4266.3
63.3,223.61,4279.5
63.3,224.11,4291.2
63.3,224.61,4285.8
63.3,225.11,4275.3
63.3,225.61,4275.2
63.3,226.11,4276.1
63.3,226.61,4276.2
63.3,227.11,4278.5
63.3,227.61,4279
63.3,228.11,4277.5
63.3,228.61,4280.4
63.3,229.11,4281.1
63.3,229.61,4280.3
63.3,230.11,4278.5
63.3,230.61,4276.7
63.3,231.11,4273.3
63.3,231.61,4272.7
63.3,232.11,4293.7
63.3,232.61,4323
63.3,233.11,4335.5
63.3,233.61,4340
63.3,234.11,4339.9
63.3,234.61,4339.4
63.3,235.11,4350.2
63.3,235.61,4369.6
63.3,236.11,4381.9
63.3,236.61,4394.7
63.3,237.11,4407.2
63.3,237.61,4414.3
63.3,238.11,4418.3
63.3,238.61,4417.7
63.3,239.11,4420.4
63.3,239.61,4419.8
63.3,240.11,4415.2
63.3,240.61,4419.1
63.3,241.11,4426.2
63.3,241.61,4427.5
63.3,242.11,4426.4
63.3,242.61,4425.9
63.3,243.1,4435
63.3,243.6,4442.3
63.3,244.1,4441.8
63.3,244.6,4437.8
63.3,245.1,4440.8
63.3,245.6,4451.8
63.3,246.1,4461.8
63.3,246.6,4471.2
63.3,247.1,4483.4
63.3,247.6,4491.4
63.3,248.1,4496.7
63.3,248.6,4497
63.3,249.1,4497.6
63.3,249.6,4498
63.3,250.1,4496.7
63.3,250.6,4497
63.3,251.1,4497.1
63.3,251.6,4497
63.3,252.1,4497
63.3,252.6,4497
63.3,253.1,4497
63.3,253.6,4497.6
63.3,254.1,4498.2
63.3,254.6,4496.7
63.3,255.1,4489.2
63.3,255.6,4475.3
63.3,256.1,4464.1
63.3,256.6,4463.7
63.3,257.1,4470.7
63.3,257.6,4475.8
63.3,258.1,4482.2
63.3,258.6,4486.8
63.3,259.1,4488.7
63.3,259.6,4488
63.3,260.1,4487.6
63.3,260.6,4489.3
63.3,261.1,4490.6
63.3,261.6,4490.4
63.3,262.1,4488.2
63.3,262.6,4488.3
63.3,263.1,4485
63.3,263.6,4482.5
63.3,264.1,4484.6
63.3,264.6,4487.9
63.3,265.1,4491
63.3,265.6,4491
63.3,266.1,4490.9
63.3,266.6,4491.1
63.3,267.09,4493.1
63.3,267.59,4494.1
63.3,268.09,4495.7
63.3,268.59,4499
63.3,269.09,4503.1
63.3,269.59,4508.7
63.3,270.09,4516.9
63.3,270.59,4526.1
63.3,271.09,4533.4
63.3,271.59,4538
63.3,272.09,4543
63.3,272.59,4553.3
63.3,273.09,4564.4
63.3,273.59,4553
63.3,274.09,4545
63.3,274.59,4548.7
63.3,275.09,4552.7
63.3,275.59,4559.5
63.3,276.09,4565.4
63.3,276.59,4564.4
63.3,277.09,4561.7
63.3,277.59,4560.1
63.3,278.09,4560
63.3,278.59,4559.2
63.3,279.09,4558.3
63.3,279.59,4560.7
63.3,280.09,4563.2
63.3,280.59,4572.2
63.3,281.09,4577.6
63.3,281.59,4579.3
63.3,282.09,4582
63.3,282.59,4580.3
63.3,283.09,4574.9
63.3,283.59,4587.4
63.3,284.09,4597
63.3,284.59,4599
63.3,285.09,4598.4
63.3,285.59,4599.6
63.3,286.09,4601.7
63.3,286.59,4602.9
63.3,287.09,4602.6
63.3,287.59,4603.8
63.3,288.09,4610.9
63.3,288.59,4609
63.3,289.09,4598
63.3,289.58,4587.1
63.3,290.08,4580.6
63.3,290.58,4584.6
63.3,291.08,4597.7
63.3,291.58,4607.1
63.3,292.08,4610.9
63.3,292.58,4610.3
63.3,293.08,4610.5
63.3,293.58,4608.9
63.3,294.08,4608.8
63.3,294.58,4608.7
63.3,295.08,4609.8
63.3,295.58,4611.7
63.3,296.08,4612.9
63.3,296.58,4614.9
63.3,297.08,4616.6
63.3,297.58,4619.7
63.3,298.08,4623.2
63.3,298.58,4627
63.3,299.08,4629
63.3,299.58,4632.4
63.3,300.08,4634.5
63.3,300.58,4637
63.3,301.08,4638.3
63.3,301.58,4640.2
63.3,302.08,4641.5
63.3,302.58,4642.2
63.3,303.08,4644.4
63.3,303.58,4645.3
63.3,304.08,4646.3
63.3,304.58,4647.8
63.3,305.08,4647.8
63.3,305.58,4650.4
63.3,306.08,4651.4
63.3,306.58,4652.4
63.3,307.08,4653.3
63.3,307.58,4653.7
63.3,308.08,4652
63.3,308.58,4647.6
63.3,309.08,4645.4
63.3,309.58,4643.8
63.3,310.08,4644
63.3,310.58,4645.2
63.3,311.07,4647.5
63.3,311.57,4648.3
63.3,312.07,4646.7
63.3,312.57,4652.5
63.3,313.07,4651.7
63.3,313.57,4649.6
63.3,314.07,4651.2
63.3,314.57,4654.3
63.3,315.07,4661
63.3,315.57,4660.4
63.3,316.07,4659.4
63.3,316.57,4657.8
63.3,317.07,4660.2
63.3,317.57,4657.8
63.3,318.07,4658.2
63.3,318.57,4654.5
63.3,319.07,4654
63.3,319.57,4657.6
63.3,320.07,4658.5
63.3,320.57,4658.3
63.3,321.07,4659.9
63.3,321.57,4652.9
63.3,322.07,4620.9
63.3,322.57,4591.7
63.3,323.07,4591.8
63.3,323.57,4608.7
63.3,324.07,4615.1
63.3,324.57,4621.5
63.3,325.07,4648.9
63.3,325.57,4663.3
63.3,326.07,4665
63.3,326.57,4665.4
63.3,327.07,4666.3
63.3,327.57,4667.2
63.3,328.07,4667
63.3,328.57,4667.9
63.3,329.07,4668.9
63.3,329.57,4668
63.3,330.07,4668.4
63.3,330.57,4669
63.3,331.07,4669.5
63.3,331.57,4669.8
63.3,332.06,4668.7
63.3,332.56,4669.2
63.3,333.06,4670.2
63.3,333.56,4671
63.3,334.06,4670.5
63.3,334.56,4670.7
63.3,335.06,4671.4
63.3,335.56,4671.9
63.3,336.06,4671.4
63.3,336.56,4671.6
63.3,337.06,4671.7
63.3,337.56,4671.4
63.3,338.06,4671
63.3,338.56,4670.4
63.3,339.06,4670.9
63.3,339.56,4670.9
63.3,340.06,4671
63.3,340.56,4671.3
63.3,341.06,4671
63.3,341.56,4671
63.3,342.06,4671.8
63.3,342.56,4671.3
63.3,343.06,4671.8
63.3,343.56,4672
63.3,344.06,4671.8
63.3,344.56,4671.6
63.3,345.06,4672
63.3,345.56,4672
63.3,346.06,4671.5
63.3,346.56,4672
63.3,347.06,4672
63.3,347.56,4672.1
63.3,348.06,4672.2
63.3,348.56,4672.9
63.3,349.06,4672
63.3,349.56,4672.9
63.3,350.06,4672.2
63.3,350.56,4673
63.3,351.06,4673
63.3,351.56,4673
63.3,352.06,4673
63.3,352.56,4673
63.3,353.05,4673.1
63.3,353.55,4673.5
63.3,354.05,4673.1
63.3,354.55,4673.9
63.3,355.05,4674.2
66.7,-17.01,44.7
66.7,-16.51,48.3
66.7,-16.01,52
66.7,-15.51,54.7
66.7,-15.01,61.3
66.7,-14.51,67.1
66.7,-14.01,71.3
66.7,-13.51,74.8
66.7,-13.01,78.2
66.7,-12.51,77.2
66.7,-12.01,78.1
66.7,-11.51,83.4
66.7,-11.01,85.7
66.7,-10.51,96.5
66.7,-10.01,127
66.7,-9.51,179.7
66.7,-9.01,225.7
66.7,-8.51,269.9
66.7,-8.01,326.4
66.7,-7.51,356
66.7,-7.01,434.9
66.7,-6.51,511.3
66.7,-6,442
66.7,-5.5,346
66.7,-5,374.4
66.7,-4.5,444.2
66.7,-4,469.3
66.7,-3.5,509.9
66.7,-3,566.8
66.7,-2.5,567.7
66.7,-2,545.8
66.7,-1.5,510.2
66.7,-1,370.2
66.7,-0.5,255
66.7,0,248.5
66.7,0.5,346.1
66.7,1,479.6
66.7,1.5,652.1
66.7,2,858.3
66.7,2.5,951.9
66.7,3,1009.3
66.7,3.5,1050.9
66.7,4,1116.6
66.7,4.5,1134.4
66.7,5,1121.9
66.7,5.5,1112.9
66.7,6,1166.7
66.7,6.5,1231.7
66.7,7,1261.1
66.7,7.5,1288.6
66.7,8,1303.7
66.7,8.5,1291.3
66.7,9,1204.3
66.7,9.5,1075.1
66.7,10,976.4
66.7,10.5,932.6
66.7,11,888.7
66.7,11.5,822.9
66.7,12,772.7
66.7,12.49,777.1
66.7,12.99,796.4
66.7,13.49,823.5
66.7,13.99,856.8
66.7,14.49,886.8
66.7,14.99,915.3
66.7,15.49,943.3
66.7,15.99,968.1
66.7,16.49,995.3
66.7,16.99,1030.5
66.7,17.49,1069
66.7,17.99,1113.1
66.7,18.49,1143.3
66.7,18.99,1158.6
66.7,19.49,1175.2
66.7,19.99,1197
66.7,20.49,1220.5
66.7,20.99,1249.5
66.7,21.49,1276.6
66.7,21.99,1276.6
66.7,22.49,1279.4
66.7,22.99,1295.3
66.7,23.49,1310.9
66.7,23.99,1328.1
66.7,24.49,1350.8
66.7,24.99,1390
66.7,25.49,1424.7
66.7,25.99,1456.3
66.7,26.49,1476.3
66.7,26.99,1491.7
66.7,27.49,1507.1
66.7,27.99,1548.8
66.7,28.49,1615.8
66.7,28.99,1693.2
66.7,29.49,1757.5
66.7,29.99,1829.6
66.7,30.49,1868.9
66.7,30.99,1899.1
66.7,31.49,1949.7
66.7,31.99,1997.3
66.7,32.49,2035.7
66.7,32.99,2079
66.7,33.49,2113.8
66.7,33.99,2156.3
66.7,34.49,2285.5
66.7,34.99,2434.3
66.7,35.49,2534.1
66.7,35.99,2619.9
66.7,36.49,2685.7
66.7,36.98,2750.2
66.7,37.48,2797.9
66.7,37.98,2842.5
66.7,38.48,2873.3
66.7,38.98,2885.6
66.7,39.48,2899.7
66.7,39.98,2902.8
66.7,40.48,2913.7
66.7,40.98,2922.2
66.7,41.48,2931.2
66.7,41.98,2940.2
66.7,42.48,2949
66.7,42.98,2956.6
66.7,43.48,2964.4
66.7,43.98,2972.7
66.7,44.48,2981.2
66.7,44.98,2989.7
66.7,45.48,2999.4
66.7,45.98,3003.2
66.7,46.48,3012.1
66.7,46.98,3015.6
66.7,47.48,3021.9
66.7,47.98,3020.4
66.7,48.48,3025
66.7,48.98,3022.4
66.7,49.48,3021
66.7,49.98,3019.3
66.7,50.48,3018.5
66.7,50.98,3008.2
66.7,51.48,3008.9
66.7,51.98,3018.3
66.7,52.48,3028.3
66.7,52.98,3042.8
66.7,53.48,3056.2
66.7,53.98,3076.9
66.7,54.48,3108.7
66.7,54.98,3128.1
66.7,55.48,3138.4
66.7,55.98,3141.6
66.7,56.48,3136.2
66.7,56.98,3127.3
66.7,57.48,3100.1
66.7,57.98,3007
66.7,58.48,2912.1
66.7,58.98,2866
66.7,59.48,2806.3
66.7,59.98,2779.1
66.7,60.48,2786.7
66.7,60.98,2792.6
66.7,61.48,2794.8
66.7,61.97,2793.5
66.7,62.47,2800.3
66.7,62.97,2811.2
66.7,63.47,2820.8
66.7,63.97,2829.2
66.7,64.47,2838.5
66.7,64.97,2846.5
66.7,65.47,2852.5
66.7,65.97,2856.1
66.7,66.47,2861.1
66.7,66.97,2865.8
66.7,67.47,2870.9
66.7,67.97,2874.9
66.7,68.47,2878.4
66.7,68.97,2883
66.7,69.47,2888.8
66.7,69.97,2892.9
66.7,70.47,2896.6
66.7,70.97,2899.5
66.7,71.47,2901.4
66.7,71.97,2903.9
66.7,72.47,2907.2
66.7,72.97,2912.8
66.7,73.47,2923.2
66.7,73.97,2938.6
66.7,74.47,2949.7
66.7,74.97,2960.1
66.7,75.47,2970.3
66.7,75.97,2982.4
66.7,76.47,3002.8
66.7,76.97,3023.8
66.7,77.47,3044.6
66.7,77.97,3074.1
66.7,78.47,3096.8
66.7,78.97,3108.6
66.7,79.47,3124.3
66.7,79.97,3174.7
66.7,80.47,3167.5
66.7,80.97,3128.5
66.7,81.47,3131.6
66.7,81.97,3131.1
66.7,82.47,3125.5
66.7,82.97,3122.5
66.7,83.47,3120.9
66.7,83.97,3118.8
66.7,84.47,3121.5
66.7,84.97,3131.1
66.7,85.47,3139.9
66.7,85.97,3150.4
66.7,86.46,3157.7
66.7,86.96,3172.2
66.7,87.46,3205.8
66.7,87.96,3272.7
66.7,88.46,3299.6
66.7,88.96,3351.2
66.7,89.46,3354.7
66.7,89.96,3338.5
66.7,90.46,3322.5
66.7,90.96,3300
66.7,91.46,3331
66.7,91.96,3384.8
66.7,92.46,3454.1
66.7,92.96,3496
66.7,93.46,3522.1
66.7,93.96,3525
66.7,94.46,3507
66.7,94.96,3497.4
66.7,95.46,3496.5
66.7,95.96,3504.5
66.7,96.46,3517.6
66.7,96.96,3522.7
66.7,97.46,3527.2
66.7,97.96,3526.2
66.7,98.46,3532.2
66.7,98.96,3530.3
66.7,99.46,3532.6
66.7,99.96,3534.4
66.7,100.46,3550.8
66.7,100.96,3554.2
66.7,101.46,3556.7
66.7,101.96,3556.2
66.7,102.46,3530.7
66.7,102.96,3520.6
66.7,103.46,3488.2
66.7,103.96,3443.4
66.7,104.46,3372
66.7,104.96,3305.6
66.7,105.46,3265.8
66.7,105.96,3271.1
66.7,106.46,3279.6
66.7,106.96,3267.4
66.7,107.46,3263
66.7,107.96,3263.2
66.7,108.46,3260.6
66.7,108.96,3262.7
66.7,109.46,3265.7
66.7,109.96,3264.2
66.7,110.46,3262.1
66.7,110.96,3259.5
66.7,111.45,3257.5
66.7,111.95,3256.8
66.7,112.45,3257.2
66.7,112.95,3256.2
66.7,113.45,3258.8
66.7,113.95,3262.6
66.7,114.45,3271.2
66.7,114.95,3283.2
66.7,115.45,3294
66.7,115.95,3301.6
66.7,116.45,3303.2
66.7,116.95,3302.4
66.7,117.45,3300
66.7,117.95,3301.2
66.7,118.45,3314.3
66.7,118.95,3327.2
66.7,119.45,3333.1
66.7,119.95,3338.1
66.7,120.45,3339.2
66.7,120.95,3339.1
66.7,121.45,3339.1
66.7,121.95,3341.7
66.7,122.45,3348.1
66.7,122.95,3354.4
66.7,123.45,3358.7
66.7,123.95,3361
66.7,124.45,3361.6
66.7,124.95,3363.4
66.7,125.45,3363.8
66.7,125.95,3366.1
66.7,126.45,3369.9
66.7,126.95,3377.2
66.7,127.45,3382.7
66.7,127.95,3383.1
66.7,128.45,3392
66.7,128.95,3409.1
66.7,129.45,3428.1
66.7,129.95,3460.9
66.7,130.45,3472.2
66.7,130.95,3477.6
66.7,131.45,3485.5
66.7,131.95,3493.5
66.7,132.45,3503.3
66.7,132.95,3514.1
66.7,133.45,3524.1
66.7,133.95,3533
66.7,134.44,3538.4
66.7,134.94,3540.1
66.7,135.44,3535.7
66.7,135.94,3532.5
66.7,136.44,3529.6
66.7,136.94,3529.7
66.7,137.44,3532.4
66.7,137.94,3539.3
66.7,138.44,3549.2
66.7,138.94,3555.3
66.7,139.44,3556.1
66.7,139.94,3555.2
66.7,140.44,3549.9
66.7,140.94,3539.1
66.7,141.44,3574.1
66.7,141.94,3597.8
66.7,142.44,3591.9
66.7,142.94,3583.6
66.7,143.44,3565.9
66.7,143.94,3579.5
66.7,144.44,3582.2
66.7,144.94,3567.6
66.7,145.44,3575.5
66.7,145.94,3584.6
66.7,146.44,3584.2
66.7,146.94,3582.3
66.7,147.44,3582.2
66.7,147.94,3587.2
66.7,148.44,3589.4
66.7,148.94,3591.2
66.7,149.44,3591.1
66.7,149.94,3591
66.7,150.44,3588.6
66.7,150.94,3590.2
66.7,151.44,3593.9
66.7,151.94,3592.7
66.7,152.44,3587.2
66.7,152.94,3586.9
66.7,153.44,3593.2
66.7,153.94,3592.6
66.7,154.44,3592.8
66.7,154.94,3598.9
66.7,155.44,3607.2
66.7,155.94,3609.3
66.7,156.44,3604.9
66.7,156.93,3605.2
66.7,157.43,3613.3
66.7,157.93,3625.2
66.7,158.43,3637.8
66.7,158.93,3656.2
66.7,159.43,3665.2
66.7,159.93,3666.3
66.7,160.43,3671.4
66.7,160.93,3683.1
66.7,161.43,3686.4
66.7,161.93,3684.3
66.7,162.43,3687.6
66.7,162.93,3699.3
66.7,163.43,3708.1
66.7,163.93,3714.7
66.7,164.43,3724.5
66.7,164.93,3729.1
66.7,165.43,3729
66.7,165.93,3737.9
66.7,166.43,3743.8
66.7,166.93,3751.5
66.7,167.43,3758
66.7,167.93,3761.2
66.7,168.43,3767.4
66.7,168.93,3775.8
66.7,169.43,3780.4
66.7,169.93,3789.2
66.7,170.43,3790.9
66.7,170.93,3799.1
66.7,171.43,3808.7
66.7,171.93,3819.1
66.7,172.43,3828.4
66.7,172.93,3831
66.7,173.43,3835
66.7,173.93,3837.5
66.7,174.43,3845.4
66.7,174.93,3854.4
66.7,175.43,3862
66.7,175.93,3872.2
66.7,176.43,3879.4
66.7,176.93,3882.8
66.7,177.43,3883.6
66.7,177.93,3889.3
66.7,178.42,3890.8
66.7,178.92,3893.3
66.7,179.42,3898.3
66.7,179.92,3897.2
66.7,180.42,3900.8
66.7,180.92,3911.6
66.7,181.42,3917.6
66.7,181.92,3920.7
66.7,182.42,3927.9
66.7,182.92,3923.5
66.7,183.42,3918.5
66.7,183.92,3918.9
66.7,184.42,3925.6
66.7,184.92,3928
66.7,185.42,3927.9
66.7,185.92,3917.6
66.7,186.42,3920.6
66.7,186.92,3921.8
66.7,187.42,3921.8
66.7,187.92,3922
66.7,188.42,3919.9
66.7,188.92,3915.6
66.7,189.42,3907.5
66.7,189.92,3894.7
66.7,190.42,3875.3
66.7,190.92,3860.3
66.7,191.42,3870
66.7,191.92,3874.4
66.7,192.42,3881.2
66.7,192.92,3886.9
66.7,193.42,3893.4
66.7,193.92,3899
66.7,194.42,3905.9
66.7,194.92,3912.3
66.7,195.42,3916.6
66.7,195.92,3918.7
66.7,196.42,3921.5
66.7,196.92,3923.8
66.7,197.42,3924.1
66.7,197.92,3924.2
66.7,198.42,3923.1
66.7,198.92,3921.2
66.7,199.42,3919.6
66.7,199.92,3918.4
66.7,200.41,3916.6
66.7,200.91,3913.3
66.7,201.41,3910.6
66.7,201.91,3909.1
66.7,202.41,3904.7
66.7,202.91,3904.7
66.7,203.41,3894.6
66.7,203.91,3911.5
66.7,204.41,3908
66.7,204.91,3903
66.7,205.41,3898
66.7,205.91,3895.8
66.7,206.41,3895.2
66.7,206.91,3893.6
66.7,207.41,3893
66.7,207.91,3892.8
66.7,208.41,3893.9
66.7,208.91,3895.3
66.7,209.41,3896.3
66.7,209.91,3897.5
66.7,210.41,3898.6
66.7,210.91,3900
66.7,211.41,3901
66.7,211.91,3902.5
66.7,212.41,3903.8
66.7,212.91,3908.8
66.7,213.41,3912.7
66.7,213.91,3916.2
66.7,214.41,3921.2
66.7,214.91,3926.8
66.7,215.41,3933.8
66.7,215.91,3940
66.7,216.41,3948.7
66.7,216.91,3964.6
66.7,217.41,3969.1
66.7,217.91,3973.7
66.7,218.41,3978
66.7,218.91,3976.2
66.7,219.41,3967.9
66.7,219.91,3962.4
66.7,220.41,3961
66.7,220.91,3962.2
66.7,221.41,3962.6
66.7,221.9,3963.7
66.7,222.4,3964.5
66.7,222.9,3963.9
66.7,223.4,3963.1
66.7,223.9,3966.2
66.7,224.4,3968.4
66.7,224.9,3970.9
66.7,225.4,3973.7
66.7,225.9,3977.1
66.7,226.4,3978
66.7,226.9,3978
66.7,227.4,3979.2
66.7,227.9,3981.7
66.7,228.4,3984.3
66.7,228.9,3984.6
66.7,229.4,3984
66.7,229.9,3984.2
66.7,230.4,3989.4
66.7,230.9,3992.7
66.7,231.4,3997
66.7,231.9,4003.6
66.7,232.4,4010.4
66.7,232.9,4014
66.7,233.4,4016.7
66.7,233.9,4018.3
66.7,234.4,4019.2
66.7,234.9,4027.9
66.7,235.4,4036
66.7,235.9,4038.6
66.7,236.4,4046.5
66.7,236.9,4052.1
66.7,237.4,4057.5
66.7,237.9,4067.9
66.7,238.4,4078.2
66.7,238.9,4087.6
66.7,239.4,4093.8
66.7,239.9,4098.1
66.7,240.4,4098.8
66.7,240.9,4096.6
66.7,241.4,4096.3
66.7,241.9,4095.5
66.7,242.4,4097
66.7,242.89,4102.5
66.7,243.39,4110.3
66.7,243.89,4115.9
66.7,244.39,4121
66.7,244.89,4124.5
66.7,245.39,4128.3
66.7,245.89,4133.3
66.7,246.39,4139.4
66.7,246.89,4146.9
66.7,247.39,4155.7
66.7,247.89,4162.9
66.7,248.39,4172.8
66.7,248.89,4174
66.7,249.39,4174.1
66.7,249.89,4179.3
66.7,250.39,4184.8
66.7,250.89,4185
66.7,251.39,4185.6
66.7,251.89,4187.5
66.7,252.39,4192.9
66.7,252.89,4198.1
66.7,253.39,4202.9
66.7,253.89,4208
66.7,254.39,4211.7
66.7,254.89,4214.5
66.7,255.39,4216.2
66.7,255.89,4217.7
66.7,256.39,4220
66.7,256.89,4224
66.7,257.39,4228
66.7,257.89,4233.5
66.7,258.39,4238.7
66.7,258.89,4241.7
66.7,259.39,4245.8
66.7,259.89,4248.2
66.7,260.39,4252.4
66.7,260.89,4257.8
66.7,261.39,4260.9
66.7,261.89,4262.1
66.7,262.39,4267.5
66.7,262.89,4271.7
66.7,263.38,4260.2
66.7,263.88,4263.7
66.7,264.38,4248.2
66.7,264.88,4242.5
66.7,265.38,4249.8
66.7,265.88,4252.4
66.7,266.38,4258.4
66.7,266.88,4263.3
66.7,267.38,4268.9
66.7,267.88,4274.7
66.7,268.38,4281.6
66.7,268.88,4287.4
66.7,269.38,4294.9
66.7,269.88,4301.1
66.7,270.38,4308.8
66.7,270.88,4314
66.7,271.38,4319.5
66.7,271.88,4324.2
66.7,272.38,4330.9
66.7,272.88,4338.3
66.7,273.38,4347.8
66.7,273.88,4353.7
66.7,274.38,4357.1
66.7,274.88,4361
66.7,275.38,4369.9
66.7,275.88,4374.1
66.7,276.38,4376.9
66.7,276.88,4387
66.7,277.38,4395.2
66.7,277.88,4397
66.7,278.38,4394.5
66.7,278.88,4406.3
66.7,279.38,4408.9
66.7,279.88,4419.3
66.7,280.38,4422.3
66.7,280.88,4420.4
66.7,281.38,4418.4
66.7,281.88,4418.4
66.7,282.38,4418.8
66.7,282.88,4419.7
66.7,283.38,4420.4
66.7,283.87,4421.6
66.7,284.37,4421.9
66.7,284.87,4420
66.7,285.37,4419
66.7,285.87,4417.2
66.7,286.37,4414
66.7,286.87,4410.7
66.7,287.37,4407.3
66.7,287.87,4405
66.7,288.37,4404.5
66.7,288.87,4401
66.7,289.37,4398.6
66.7,289.87,4395.4
66.7,290.37,4394.3
66.7,290.87,4393.5
66.7,291.37,4394.3
66.7,291.87,4394.7
66.7,292.37,4393.6
66.7,292.87,4393.7
66.7,293.37,4393.1
66.7,293.87,4393.9
66.7,294.37,4393.7
66.7,294.87,4394.3
66.7,295.37,4395
66.7,295.87,4396
66.7,296.37,4396.7
66.7,296.87,4395.2
66.7,297.37,4387.9
66.7,297.87,4384.9
66.7,298.37,4391
66.7,298.87,4400.1
66.7,299.37,4406.4
66.7,299.87,4405.1
66.7,300.37,4401
66.7,300.87,4401.3
66.7,301.37,4409
66.7,301.87,4417
66.7,302.37,4416.8
66.7,302.87,4404
66.7,303.37,4411.1
66.7,303.86,4421.8
66.7,304.36,4412.6
66.7,304.86,4383.9
66.7,305.36,4355
66.7,305.86,4362.1
66.7,306.36,4347.9
66.7,306.86,4325.1
66.7,307.36,4320.2
66.7,307.86,4316.5
66.7,308.36,4342.9
66.7,308.86,4354.2
66.7,309.36,4351.2
66.7,309.86,4323.1
66.7,310.36,4329.6
66.7,310.86,4349.4
66.7,311.36,4355.6
66.7,311.86,4370.2
66.7,312.36,4395.1
66.7,312.86,4427.5
66.7,313.36,4439.1
66.7,313.86,4363
66.7,314.36,4345.4
66.7,314.86,4327.7
66.7,315.36,4306.8
66.7,315.86,4305.1
66.7,316.36,4378.1
66.7,316.86,4440.9
66.7,317.36,4472.5
66.7,317.86,4478.8
66.7,318.36,4473.1
66.7,318.86,4465.9
66.7,319.36,4460.3
66.7,319.86,4461.6
66.7,320.36,4469.4
66.7,320.86,4470.8
66.7,321.36,4473.9
66.7,321.86,4477.3
66.7,322.36,4479.3
66.7,322.86,4481.7
66.7,323.35,4485.7
66.7,323.85,4487.2
66.7,324.35,4489.2
66.7,324.85,4492.5
66.7,325.35,4493.9
66.7,325.85,4494.2
66.7,326.35,4493.8
66.7,326.85,4495.7
66.7,327.35,4493.1
66.7,327.85,4492.7
66.7,328.35,4492.8
66.7,328.85,4492.6
66.7,329.35,4494.3
66.7,329.85,4494
66.7,330.35,4493.2
66.7,330.85,4493.9
66.7,331.35,4493.3
66.7,331.85,4497.5
66.7,332.35,4499.8
66.7,332.85,4503.2
66.7,333.35,4507.6
66.7,333.85,4513.2
66.7,334.35,4517.3
66.7,334.85,4520.5
66.7,335.35,4524.5
66.7,335.85,4529.2
66.7,336.35,4533.9
66.7,336.85,4537.7
66.7,337.35,4540.5
66.7,337.85,4542.5
66.7,338.35,4544.4
66.7,338.85,4545.9
66.7,339.35,4548.4
66.7,339.85,4550.5
66.7,340.35,4551.6
66.7,340.85,4551
66.7,341.35,4550.8
66.7,341.85,4550.1
66.7,342.35,4550
66.7,342.84,4548.8
66.7,343.34,4548.3
66.7,343.84,4549.4
66.7,344.34,4550.1
66.7,344.84,4551.8
66.7,345.34,4554.5
66.7,345.84,4556.3
66.7,346.34,4558.5
66.7,346.84,4563.9
66.7,347.34,4570.4
66.7,347.84,4569.3
66.7,348.34,4568.6
66.7,348.84,4567.8
66.7,349.34,4568.7
66.7,349.84,4571.6
66.7,350.34,4572.2
66.7,350.84,4572.9
66.7,351.34,4574.4
66.7,351.84,4577.5
66.7,352.34,4579.2
66.7,352.84,4581.5
66.7,353.34,4584.1
66.7,353.84,4585.5
66.7,354.34,4588.5
66.7,354.84,4590.6
66.7,355.34,4591.3
66.7,355.84,4591.1
66.7,356.34,4590.4
66.7,356.84,4591.8
66.7,357.34,4592.1
66.7,357.84,4593.4
66.7,358.34,4594.2
66.7,358.84,4596.5
66.7,359.34,4598
66.7,359.84,4600.6
66.7,360.34,4602.7
66.7,360.84,4605.6
66.7,361.34,4608
66.7,361.84,4610.9
66.7,362.33,4613.5
66.7,362.83,4614
66.7,363.33,4613.8
66.7,363.83,4613.9
66.7,364.33,4613.6
66.7,364.83,4612.8
66.7,365.33,4612
66.7,365.83,4611.8
66.7,366.33,4612.9
66.7,366.83,4610.2
66.7,367.33,4610
66.7,367.83,4610.5
66.7,368.33,4610.7
66.7,368.83,4611.5
66.7,369.33,4612.9
66.7,369.83,4612.4
70,0,295.4
70,0.49,388.6
70,0.99,456.7
70,1.48,493.4
70,1.97,482.7
70,2.47,429.1
70,2.96,392.2
70,3.45,396.2
70,3.94,430.3
70,4.44,472
70,4.93,507
70,5.42,532.4
70,5.92,533.9
70,6.41,536.9
70,6.9,559.1
70,7.4,583.4
70,7.89,622.9
70,8.38,667.8
70,8.88,680.1
70,9.37,674.5
70,9.86,683
70,10.36,695.8
70,10.85,706.4
70,11.34,718.6
70,11.83,735.5
70,12.33,757.6
70,12.82,782.5
70,13.31,807.8
70,13.81,835.2
70,14.3,860.6
70,14.79,893.8
70,15.29,967.5
70,15.78,1057.7
70,16.27,1033.8
70,16.77,1036.1
70,17.26,1086.8
70,17.75,1147.2
70,18.25,1188.7
70,18.74,1228.8
70,19.23,1249.9
70,19.72,1268.5
70,20.22,1278.6
70,20.71,1273
70,21.2,1204.8
70,21.7,1147.1
70,22.19,1148.8
70,22.68,1158.7
70,23.18,1167.9
70,23.67,1175.5
70,24.16,1187.6
70,24.66,1199.4
70,25.15,1208.1
70,25.64,1214.9
70,26.14,1224.6
70,26.63,1238.7
70,27.12,1263.8
70,27.61,1297.3
70,28.11,1301
70,28.6,1291.3
70,29.09,1301
70,29.59,1311.6
70,30.09,1313.6
70,30.59,1318.8
70,31.09,1324.9
70,31.59,1331
70,32.09,1336.5
70,32.59,1341.1
70,33.09,1346.6
70,33.59,1351.6
70,34.08,1358.7
70,34.58,1366.1
70,35.08,1372
70,35.58,1368.7
70,36.08,1383.1
70,36.58,1398
70,37.08,1407.3
70,37.58,1415.3
70,38.08,1420.8
70,38.58,1429.9
70,39.08,1445.1
70,39.58,1453.5
70,40.08,1461.1
70,40.58,1470.4
70,41.08,1480.7
70,41.58,1491
70,42.08,1500.8
70,42.58,1516
70,43.08,1524
70,43.58,1532.5
70,44.08,1549.1
70,44.58,1569.6
70,45.08,1580.1
70,45.58,1595.6
70,46.08,1612.5
70,46.58,1628.1
70,47.08,1643
70,47.58,1661.5
70,48.08,1685.4
70,48.58,1708.4
70,49.08,1730.1
70,49.58,1754.6
70,50.08,1783.6
70,50.58,1828.2
70,51.08,1874.3
70,51.58,1914
70,52.08,1939.9
70,52.58,1975.4
70,53.08,2019.5
70,53.58,2062.2
70,54.08,2098.9
70,54.58,2126.4
70,55.08,2144.2
70,55.58,2165
70,56.07,2179.6
70,56.57,2201.4
70,57.07,2224
70,57.57,2254.1
70,58.07,2292.4
70,58.57,2332.6
70,59.07,2353
70,59.57,2352.7
70,60.07,2362.7
70,60.57,2408
70,61.07,2456.6
70,61.57,2503.4
70,62.07,2549.9
70,62.57,2594.8
70,63.07,2649.6
70,63.57,2711.1
70,64.07,2792.1
70,64.57,2887.4
70,65.07,2957.7
70,65.57,3007.6
70,66.07,3042.5
70,66.57,3057.8
70,67.07,3072.3
70,67.57,3092.6
70,68.07,3106
70,68.57,3137.9
70,69.07,3186.3
70,69.57,3211.6
70,70.07,3222.6
70,70.57,3226.3
70,71.07,3235.5
70,71.57,3253.8
70,72.07,3273.5
70,72.57,3312.6
70,73.07,3305
70,73.57,3231.3
70,74.07,3188.5
70,74.57,3192.5
70,75.07,3197
70,75.57,3198.9
70,76.07,3203.1
70,76.57,3207.4
70,77.07,3203
70,77.56,3200.5
70,78.06,3203
70,78.56,3208.1
70,79.06,3220.1
70,79.56,3230.3
70,80.06,3239.3
70,80.56,3253
70,81.06,3268.4
70,81.56,3280.1
70,82.06,3285.4
70,82.56,3285.5
70,83.06,3293.8
70,83.56,3302.3
70,84.06,3305.5
70,84.56,3305.8
70,85.06,3307.4
70,85.56,3310.3
70,86.06,3312.7
70,86.56,3313.5
70,87.06,3313
70,87.56,3311.9
70,88.06,3310.7
70,88.56,3311.6
70,89.06,3308
70,89.56,3305.9
70,90.06,3307.5
70,90.56,3309.4
70,91.06,3307.4
70,91.56,3302.7
70,92.06,3298.6
70,92.56,3294
70,93.06,3284
70,93.56,3259.7
70,94.06,3212.4
70,94.56,3163.3
70,95.06,3111
70,95.56,3044.6
70,96.06,2916.5
70,96.56,2738.7
70,97.06,2516.3
70,97.56,2372.9
70,98.06,2352.2
70,98.55,2366.9
70,99.05,2333.9
70,99.55,2246.5
70,100.05,2164.8
70,100.55,2091.1
70,101.05,2021
70,101.55,1891.1
70,102.05,1755.1
70,102.55,1666.5
70,103.05,1626.7
70,103.55,1615.9
70,104.05,1612.4
70,104.55,1624.8
70,105.05,1636
70,105.55,1606
70,106.05,1615.3
70,106.55,1681.6
70,107.05,1665.8
70,107.55,1644.8
70,108.05,1777.1
70,108.55,1933.7
70,109.05,2139.4
70,109.55,2216.9
70,110.05,2288.6
70,110.55,2418.8
70,111.05,2534.2
70,111.55,2623.9
70,112.05,2698.4
70,112.55,2743.6
70,113.05,2770
70,113.55,2797.8
70,114.05,2876.4
70,114.55,2967.7
70,115.05,3015.6
70,115.55,3016
70,116.05,3082.6
70,116.55,3208.9
70,117.05,3309.1
70,117.55,3378.6
70,118.05,3422.3
70,118.55,3471.3
70,119.05,3514.6
70,119.54,3524.3
70,120.04,3529.7
70,120.54,3544
70,121.04,3552.1
70,121.54,3575
70,122.04,3592.2
70,122.54,3600.5
70,123.04,3609.7
70,123.54,3632.1
70,124.04,3652.9
70,124.54,3673
70,125.04,3687.8
70,125.54,3729.1
70,126.04,3766.2
70,126.54,3777.1
70,127.04,3787.4
70,127.54,3796.1
70,128.04,3803.5
70,128.54,3808.5
70,129.04,3809
70,129.54,3808.2
70,130.04,3808
70,130.54,3808
70,131.04,3808
70,131.54,3807.5
70,132.04,3807
70,132.54,3806.1
70,133.04,3803.7
70,133.54,3827.7
70,134.04,3859.1
70,134.54,3868.9
70,135.04,3858.8
70,135.54,3827.5
70,136.04,3802.7
70,136.54,3797.5
70,137.04,3800.1
70,137.54,3805.1
70,138.04,3815.9
70,138.54,3831.7
70,139.04,3842.6
70,139.54,3845.8
70,140.04,3838.4
70,140.54,3791.8
70,141.03,3813.2
70,141.53,3804.2
70,142.03,3798
70,142.53,3799.7
70,143.03,3801.5
70,143.53,3799.9
70,144.03,3799.8
70,144.53,3800.1
70,145.03,3800.2
70,145.53,3802.1
70,146.03,3808.1
70,146.53,3812.4
70,147.03,3815.3
70,147.53,3819.4
70,148.03,3821.8
70,148.53,3827.1
70,149.03,3827.7
70,149.53,3830.8
70,150.03,3839.6
70,150.53,3845.2
70,151.03,3848.9
70,151.53,3852.5
70,152.03,3856.3
70,152.53,3863.2
70,153.03,3869
70,153.53,3874.6
70,154.03,3887.1
70,154.53,3897.5
70,155.03,3898.5
70,155.53,3895.6
70,156.03,3890.9
70,156.53,3889.2
70,157.03,3891.2
70,157.53,3897.2
70,158.03,3904.6
70,158.53,3906.8
70,159.03,3902.8
70,159.53,3911.1
70,160.03,3923.4
70,160.52,3917.3
70,161.02,3915.5
70,161.52,3910
70,162.02,3904.6
70,162.52,3906.1
70,163.02,3906.8
70,163.52,3904.1
70,164.02,3904.2
70,164.52,3904.3
70,165.02,3904.9
70,165.52,3905.7
70,166.02,3904.5
70,166.52,3904.8
70,167.02,3906.2
70,167.52,3907.5
70,168.02,3909.6
70,168.52,3906.7
70,169.02,3909.7
70,169.52,3914.4
70,170.02,3927.7
70,170.52,3955.6
70,171.02,3957.5
70,171.52,3934.8
70,172.02,3916.8
70,172.52,3852.3
70,173.02,3818.5
70,173.52,3671.4
70,174.02,3447.3
70,174.52,3323.3
70,175.02,3315.2
70,175.52,3353.3
70,176.02,3418.7
70,176.52,3502.8
70,177.02,3574.6
70,177.52,3626.5
70,178.02,3645.2
70,178.52,3634.5
70,179.02,3639.9
70,179.52,3657.1
70,180.02,3679.5
70,180.51,3709
70,181.01,3728.2
70,181.51,3732.1
70,182.01,3778.6
70,182.51,3882.8
70,183.01,3949
70,183.51,3995.6
70,184.01,4033.6
70,184.51,4047.5
70,185.01,4049.4
70,185.51,4044.2
70,186.01,4044.1
70,186.51,4049.8
70,187.01,4058.2
70,187.51,4060.3
70,188.01,4060.1
70,188.51,4050.4
70,189.01,4045.7
70,189.51,4052
70,190.01,4054.7
70,190.51,4055.2
70,191.01,4053.4
70,191.51,4051.7
70,192.01,4049.2
70,192.51,4046.7
70,193.01,4046.2
70,193.51,4049
70,194.01,4052.4
70,194.51,4058.2
70,195.01,4063.5
70,195.51,4067.8
70,196.01,4069.9
70,196.51,4069.3
70,197.01,4069
70,197.51,4070.1
70,198.01,4072.1
70,198.51,4073.8
70,199.01,4077.9
70,199.51,4080.8
70,200.01,4084.7
70,200.5,4089.5
70,201,4096.3
70,201.5,4108.7
70,202,4118.9
70,202.5,4102.8
70,203,4084.1
70,203.5,4095.6
70,204,4109.1
70,204.5,4109.3
70,205,4110.1
70,205.5,4111.2
70,206,4109.6
70,206.5,4108
70,207,4107.3
70,207.5,4106.1
70,208,4105.6
70,208.5,4104.2
70,209,4103
70,209.5,4106
70,210,4106.8
70,210.5,4107.6
70,211,4108.7
70,211.5,4109.3
70,212,4110.7
70,212.5,4111.6
70,213,4111.3
70,213.5,4112.1
70,214,4112.1
70,214.5,4114.5
70,215,4116.1
70,215.5,4115.1
70,216,4120.5
70,216.5,4076.1
70,217,4073.4
70,217.5,4067.6
70,218,4068.6
70,218.5,4071.8
70,219,4078.6
70,219.5,4079.6
70,220,4083.4
70,220.49,4085.6
70,220.99,4087.9
70,221.49,4090.8
70,221.99,4093.1
70,222.49,4095.3
70,222.99,4097.1
70,223.49,4099.4
70,223.99,4102.1
70,224.49,4103.8
70,224.99,4105.6
70,225.49,4106
70,225.99,4102.6
70,226.49,4086.9
70,226.99,4053.7
70,227.49,4027.3
70,227.99,4025
70,228.49,4045.4
70,228.99,4068.5
70,229.49,4086.7
70,229.99,4096.9
70,230.49,4103.9
70,230.99,4107.6
70,231.49,4111.4
70,231.99,4113.1
70,232.49,4111.1
70,232.99,4107
70,233.49,4107.8
70,233.99,4114.6
70,234.49,4120.3
70,234.99,4126.7
70,235.49,4131.5
70,235.99,4137.1
70,236.49,4140.8
70,236.99,4144.5
70,237.49,4148.7
70,237.99,4154.5
70,238.49,4163
70,238.98,4168
70,239.48,4174.2
70,239.98,4183.1
70,240.48,4186.6
70,240.98,4189.2
70,241.48,4193.1
70,241.98,4191.8
70,242.48,4190.7
70,242.98,4189.1
70,243.48,4186.4
70,243.98,4179.7
70,244.48,4179.3
70,244.98,4183.7
70,245.48,4178.5
70,245.98,4182.2
70,246.48,4177.3
70,246.98,4176.9
70,247.48,4177.1
70,247.98,4177.1
70,248.48,4176.5
70,248.98,4180
70,249.48,4180.7
70,249.98,4181.3
70,250.48,4184.3
70,250.98,4184.7
70,251.48,4186.9
70,251.98,4190.9
70,252.48,4194.8
70,252.98,4197.6
70,253.48,4200.9
70,253.98,4202.1
70,254.48,4202.1
70,254.98,4206.8
70,255.48,4211.5
70,255.98,4217.6
70,256.48,4221.2
70,256.98,4223.6
70,257.47,4231
70,257.97,4236.3
70,258.47,4238.9
70,258.97,4238.5
70,259.47,4239.6
70,259.97,4241.6
70,260.47,4242.3
70,260.97,4242.6
70,261.47,4243.5
70,261.97,4245.1
70,262.47,4247.2
70,262.97,4250.2
70,263.47,4249
70,263.97,4250.4
70,264.47,4254.7
70,264.97,4259
70,265.47,4261.4
70,265.97,4262.4
70,266.47,4263.8
70,266.97,4259.9
70,267.47,4263.1
70,267.97,4264.8
70,268.47,4268.2
70,268.97,4271.1
70,269.47,4272.3
70,269.97,4271.6
70,270.47,4274.3
70,270.97,4275
70,271.47,4281.6
70,271.97,4283.1
70,272.47,4283.6
70,272.97,4288.4
70,273.47,4292.5
70,273.97,4301.7
70,274.47,4289.9
70,274.97,4290.1
70,275.47,4293.9
70,275.96,4290.6
70,276.46,4292.7
70,276.96,4293.3
70,277.46,4293
70,277.96,4296.2
70,278.46,4298.1
70,278.96,4299.8
70,279.46,4302.6
70,279.96,4301.3
70,280.46,4304.5
70,280.96,4310.3
70,281.46,4314.1
70,281.96,4315.4
70,282.46,4315.4
70,282.96,4319.5
70,283.46,4315.8
70,283.96,4317
70,284.46,4317.3
70,284.96,4319.8
70,285.46,4321.4
70,285.96,4317.8
70,286.46,4322
70,286.96,4335.4
70,287.46,4332.2
70,287.96,4327.5
70,288.46,4329.3
70,288.96,4332.1
70,289.46,4339.4
70,289.96,4336.8
70,290.46,4340.7
70,290.96,4343.5
70,291.46,4343
70,291.96,4344.3
70,292.46,4345.5
70,292.96,4359.5
70,293.46,4353.6
70,293.95,4351.5
70,294.45,4354.3
70,294.95,4355.1
70,295.45,4355.8
70,295.95,4357.7
70,296.45,4358.4
70,296.95,4360.1
70,297.45,4363
70,297.95,4366.4
70,298.45,4369
70,298.95,4372.2
70,299.45,4371.7
70,299.95,4369.9
70,300.45,4366.1
70,300.95,4364.6
70,301.45,4365.6
70,301.95,4366.6
70,302.45,4367.3
70,302.95,4368.3
70,303.45,4368.1
70,303.95,4368
70,304.45,4367.4
70,304.95,4369.7
70,305.45,4371.4
70,305.95,4372
70,306.45,4373.7
70,306.95,4374.3
70,307.45,4375.1
70,307.95,4379.2
70,308.45,4381.4
70,308.95,4383.4
70,309.45,4386.7
70,309.95,4389.6
70,310.45,4390.6
70,310.95,4397
70,311.44,4400.2
70,311.94,4402.3
70,312.44,4404.1
70,312.94,4407
70,313.44,4409
70,313.94,4412.9
70,314.44,4417.2
70,314.94,4421.7
70,315.44,4416.6
70,315.94,4416.2
70,316.44,4418.9
70,316.94,4421.2
70,317.44,4422
70,317.94,4422.9
70,318.44,4424.1
70,318.94,4425.4
70,319.44,4425.4
70,319.94,4428.8
70,320.44,4430.5
70,320.94,4432.8
70,321.44,4437.7
70,321.94,4440.6
70,322.44,4442.2
70,322.94,4439
70,323.44,4439.2
70,323.94,4438.5
70,324.44,4438.2
70,324.94,4442.5
70,325.44,4444.1
70,325.94,4446.8
70,326.44,4445.9
70,326.94,4445.9
70,327.44,4449
70,327.94,4449.3
70,328.44,4452.7
70,328.94,4455.8
70,329.43,4458
70,329.93,4458.6
70,330.43,4459.9
70,330.93,4460.3
70,331.43,4460.4
70,331.93,4461.8
70,332.43,4463.6
70,332.93,4464.9
70,333.43,4466
70,333.93,4467
70,334.43,4468.3
70,334.93,4469.4
70,335.43,4470.3
70,335.93,4470
70,336.43,4470.2
70,336.93,4470.9
70,337.43,4473
70,337.93,4473.2
70,338.43,4473.8
70,338.93,4475.6
70,339.43,4476.9
70,339.93,4478.1
70,340.43,4478.9
70,340.93,4480.5
70,341.43,4480.9
70,341.93,4481.2
70,342.43,4483.4
70,342.93,4487.1
70,343.43,4489.6
70,343.93,4492.7
70,344.43,4499.2
70,344.93,4499.8
70,345.43,4501.1
70,345.93,4502.8
70,346.43,4504.7
70,346.92,4510.4
70,347.42,4516.7
70,347.92,4515.7
70,348.42,4511.1
70,348.92,4510.4
70,349.42,4513.9
70,349.92,4513.7
70,350.42,4517.6
70,350.92,4524.8
70,351.42,4519.6
70,351.92,4516.3
70,352.42,4517
70,352.92,4519.2
70,353.42,4519.1
70,353.92,4520.6
70,354.42,4527.3
70,354.92,4536.8
70,355.42,4534.9
70,355.92,4531.6
70,356.42,4559.7
70,356.92,4534.8
70,357.42,4532.2
70,357.92,4526.5
70,358.42,4524.9
70,358.92,4530.9
70,359.42,4535.3
70,359.92,4539.3
70,360.42,4538.7
70,360.92,4540.3
70,361.42,4542.3
70,361.92,4543.8
70,362.42,4546.2
70,362.92,4547.8
70,363.42,4548.9
70,363.92,4550.4
70,364.42,4552.1
70,364.92,4555
70,365.42,4559.8
70,365.92,4567.9
70,366.42,4578.9
70,366.92,4591.8
70,367.42,4596.5
70,367.92,4592
70,368.42,4586.5
70,368.92,4581.2
70,369.42,4575.1
70,369.92,4571.8
70,370.42,4571.3
70,370.93,4573.6
70,371.43,4577.2
70,371.93,4579.9
70,372.43,4583
70,372.93,4586.2
70,373.43,4589.9
70,373.93,4592.8
70,374.43,4597.1
70,374.93,4602.4
70,375.43,4607.6
70,375.93,4613.1
70,376.43,4619.2
70,376.93,4624.9
70,377.43,4631.2
70,377.93,4637.7
70,378.43,4644.5
70,378.93,4650.7
70,379.43,4656.7
70,379.94,4662.3
70,380.44,4666.9
70,380.94,4670
70,381.44,4672.6
70,381.94,4674.4
70,382.44,4675.7
70,382.94,4675.5
70,383.44,4675
70,383.94,4673.2
70,384.44,4672.2
70,384.94,4670.7
70,385.44,4666.1
70,385.94,4660.2
70,386.44,4655
70,386.94,4650.8
70,387.44,4647
70,387.94,4643.9
70,388.44,4641.8
70,388.95,4640.9
70,389.45,4641.2
70,389.95,4641.7
70,390.45,4644.5
70,390.95,4648.1
70,391.45,4652
70,391.95,4656.2
70,392.45,4659.1
70,392.95,4659.8
70,393.45,4660.1
70,393.95,4658.3
70,394.45,4656.9
70,394.95,4655.4
70,395.45,4653.7
70,395.95,4652.7
70,396.45,4651.6
70,396.95,4649.4
70,397.45,4647.7
70,397.96,4646.9
70,398.46,4646
70,398.96,4645.8
70,399.46,4645.9
70,399.96,4645.4
70,400.46,4645.2
70,400.96,4646.4
70,401.46,4647.1
70,401.96,4647.9
70,402.46,4649
70,402.96,4650.5
70,403.46,4652.1
70,403.96,4653.2
70,404.46,4654.3
70,404.96,4655.5
70,405.46,4657.8
70,405.96,4659.7
70,406.46,4661.4
70,406.97,4663.1
70,407.47,4665.4
70,407.97,4667.4
70,408.47,4669.9
70,408.97,4672.6
70,409.47,4676.7
70,409.97,4680.4
70,410.47,4684
70,410.97,4688.1
70,411.47,4691.1
70,411.97,4691.6
70,412.47,4690.8
70,412.97,4689
70,413.47,4687.2
70,413.97,4686.5
70,414.47,4685.2
70,414.97,4687
70,415.47,4684.8
70,415.98,4688.7
70,416.48,4688.8
70,416.98,4682.8
70,417.48,4682.6
70,417.98,4684
70,418.48,4684.9
70,418.98,4685.3
70,419.48,4683.7
70,419.98,4686
70,420.48,4687.3
70,420.98,4688.8
70,421.48,4689.5
70,421.98,4692
70,422.48,4691.4
70,422.98,4690.9
70,423.48,4690.6
70,423.98,4685.4
70,424.48,4690.1
70,424.99,4694.6
70,425.49,4704.1
70,425.99,4695.4
70,426.49,4692.4
70,426.99,4689.3
70,427.49,4685.5
70,427.99,4680.1
70,428.49,4674.4
70,428.99,4665.8
70,429.49,4653.7
70,429.99,4639.3
70,430.49,4622.7
70,430.99,4602.2
70,431.49,4581.5
70,431.99,4561.3
70,432.49,4540.6
70,432.99,4512.9
70,433.49,4481
70,434,4448.3
70,434.5,4418.3
70,435,4394.1
70,435.5,4371.8
70,436,4347.8
70,436.5,4323.2
70,437,4299.2
70,437.5,4269.4
70,438,4234.2
70,438.5,4201.3
70,439,4177.5
70,439.5,4169.9
70,440,4174.7
70,440.5,4179.5
70,441,4183.9
70,441.5,4187.7
70,442,4200
70,442.5,4211.9
70,443.01,4230.9
70,443.51,4249.8
70,444.01,4265
70,444.51,4269.6
70,445.01,4271.4
70,445.51,4273.2
70,446.01,4279.7
70,446.51,4298.9
70,447.01,4325.7
70,447.51,4351.4
70,448.01,4376.2
70,448.51,4409.9
70,449.01,4459.1
70,449.51,4507.3
70,450.01,4552.9
70,450.51,4595.3
70,451.01,4629.3
70,451.51,4657.3
70,452.02,4680.1
70,452.52,4696.8
70,453.02,4708.3
70,453.52,4713.9
70,454.02,4715.7
70,454.52,4715.3
70,455.02,4713.6
70,455.52,4711
70,456.02,4708.5
70,456.52,4704.2
70,457.02,4702.3
70,457.52,4701.5
70,458.02,4701
70,458.52,4700.3
70,459.02,4700.7
70,459.52,4701
70,460.02,4701.2
70,460.52,4702.3
70,461.03,4703.5
70,461.53,4705
70,462.03,4706.5
70,462.53,4706.9
70,463.03,4707
70,463.53,4707.6
70,464.03,4707.9
70,464.53,4707.8
70,465.03,4708.3
70,465.53,4707.9
70,466.03,4706.4
70,466.53,4705.5
70,467.03,4705
70,467.53,4704
70,468.03,4699.7
70,468.53,4692.7
70,469.03,4686.3
70,469.53,4684.3
70,470.04,4686.6
70,470.54,4690.6
70,471.04,4695.2
70,471.54,4698.4
70,472.04,4700.2
70,472.54,4701.2
70,473.04,4701.7
70,473.54,4701.6
70,474.04,4700.3
70,474.54,4699.1
70,475.04,4696.8
70,475.54,4694.5
70,476.04,4691.3
70,476.54,4689.3
70,477.04,4688.4
70,477.54,4689
70,478.04,4692
70,478.54,4696.9
70,479.05,4700.8
70,479.55,4703.8
70,480.05,4706.2
70,480.55,4708.7
70,481.05,4711
70,481.55,4712.5
70,482.05,4714.3
70,482.55,4715
70,483.05,4715.2
70,483.55,4717.3
70,484.05,4722.6
70,484.55,4729.7
70,485.05,4738
70,485.55,4744.9
70,486.05,4746.2
70,486.55,4744.4
70,487.05,4743.2
70,487.55,4741.9
70,488.06,4740.7
70,488.56,4739.9
70,489.06,4739.7
70,489.56,4739.7
70,490.06,4739.8
70,490.56,4739.3
70,491.06,4738.8
70,491.56,4739.5
70,492.06,4741.5
70,492.56,4744.5
70,493.06,4747.7
70,493.56,4751.5
70,494.06,4757.2
70,494.56,4763.7
70,495.06,4769.6
70,495.56,4777.2
70,496.06,4782.3
70,496.56,4787.1
70,497.07,4792.1
70,497.57,4797.4
70,498.07,4802.3
70,498.57,4806.8
70,499.07,4811
70,499.57,4813.6
70,500.07,4811.9
70,500.57,4809
70,501.07,4804.1
70,501.57,4799.1
70,502.07,4793
70,502.57,4788.1
70,503.07,4783.6
70,503.57,4782.1
70,504.07,4780.2
70,504.57,4778.5
70,505.07,4779
70,505.57,4785.9
70,506.08,4779.3
70,506.58,4771.1
70,507.08,4760.4
70,507.58,4763.5
70,508.08,4769.8
70,508.58,4773
70,509.08,4772.9
70,509.58,4769.8
70,510.08,4757.8
70,510.58,4750.8
70,511.08,4754.3
70,511.58,4770.3
70,512.08,4777.8
70,512.58,4775.7
70,513.08,4767.7
70,513.58,4752.3
70,514.08,4737.6
70,514.58,4730.1
70,515.09,4726.4
70,515.59,4711.8
70,516.09,4682
70,516.59,4654.4
70,517.09,4644.3
70,517.59,4643.7
70,518.09,4649.7
70,518.59,4660.4
70,519.09,4670.2
70,519.59,4686.5
70,520.09,4701.9
70,520.59,4704.3
70,521.09,4695.3
70,521.59,4679.3
70,522.09,4667.3
70,522.59,4666.9
70,523.09,4682.1
70,523.59,4678.6
70,524.1,4667.6
70,524.6,4673.7
70,525.1,4685.5
70,525.6,4694.4
70,526.1,4700.7
70,526.6,4698.9
70,527.1,4696.8
70,527.6,4695.5
70,528.1,4692.7
70,528.6,4688.9
70,529.1,4683.5
70,529.6,4680
70,530.1,4678.1
70,530.6,4675.8
70,531.1,4676.9
70,531.6,4680
70,532.1,4684.7
70,532.6,4691.7
70,533.11,4699.7
70,533.61,4706.2
70,534.11,4712.3
70,534.61,4717
70,535.11,4719.2
70,535.61,4718.8
70,536.11,4716.3
70,536.61,4713.4
70,537.11,4711.3
70,537.61,4712.1
70,538.11,4714.9
70,538.61,4720.8
70,539.11,4728.4
70,539.61,4738.9
70,540.11,4749.7
70,540.61,4759.9
70,541.11,4768.6
70,541.61,4766.5
70,542.12,4756.1
70,542.62,4761.5
70,543.12,4765.7
70,543.62,4769.1
70,544.12,4768.2
70,544.62,4763.1
70,545.12,4757.3
70,545.62,4756.8
70,546.12,4762.3
70,546.62,4769.5
70,547.12,4776.3
70,547.62,4784.1
70,548.12,4783.6
70,548.62,4782.3
70,549.12,4783.3
70,549.62,4784.9
70,550.12,4786.3
70,550.62,4785.2
70,551.13,4785
70,551.63,4774.1
70,552.13,4752.4
70,552.63,4736.3
70,553.13,4732.4
70,553.63,4733.6
70,554.13,4740.8
70,554.63,4748.1
70,555.13,4747.8
70,555.63,4753.6
70,556.13,4752.1
70,556.63,4747.9
70,557.13,4733.4
70,557.63,4692.6
70,558.13,4674.7
70,558.63,4681.6
70,559.13,4691.5
70,559.63,4643.9
70,560.14,4579.4
70,560.64,4498.3
70,561.14,4405.6
70,561.64,4359
70,562.14,4355.1
70,562.64,4398.4
70,563.14,4432.7
70,563.64,4459.1
70,564.14,4459.7
70,564.64,4486.4
70,565.14,4484.6
70,565.64,4487.6
70,566.14,4479.7
70,566.64,4480.5
70,567.14,4480.1
70,567.64,4484.3
70,568.14,4488.5
70,568.64,4488.7
70,569.15,4479.2
70,569.65,4463.9
70,570.15,4466
70,570.65,4471.2
70,571.15,4475.1
70,571.65,4477.3
70,572.15,4478.3
70,572.65,4454.5
70,573.15,4443.8
70,573.65,4444.9
70,574.15,4435.7
70,574.65,4433.8
70,575.15,4441.2
70,575.65,4443.2
70,576.15,4444.3
70,576.65,4463.3
70,577.15,4472.8
70,577.65,4473.9
70,578.16,4468.9
70,578.66,4462.7
70,579.16,4455.5
70,579.66,4445.7
70,580.16,4436.8
70,580.66,4431.6
70,581.16,4427
70,581.66,4423.2
70,582.16,4416.8
70,582.66,4419.4
70,583.16,4429.5
70,583.66,4439.4
70,584.16,4445.2
70,584.66,4450
70,585.16,4449.2
70,585.66,4444.9
70,586.16,4438.7
70,586.66,4441.4
70,587.17,4450.4
70,587.67,4446.8
70,588.17,4445
70,588.67,4451.2
70,589.17,4438.1
70,589.67,4428.3
70,590.17,4437.7
70,590.67,4431.8
70,591.17,4419.4
70,591.67,4407.6
70,592.17,4388.3
70,592.67,4389.7
70,593.17,4383.6
70,593.67,4405.6
70,594.17,4431.4
70,594.67,4403.2
70,595.17,4383.4
70,595.67,4392.4
70,596.18,4409.4
70,596.68,4407.7
70,597.18,4407.3
70,597.68,4432.1
70,598.18,4454.6
70,598.68,4455.9
70,599.18,4471.3
70,599.68,4475.8
70,600.18,4468.4
70,600.68,4460.9
70,601.18,4450.9
70,601.68,4446.6
70,602.18,4432.4
70,602.68,4432.1
70,603.18,4444.5
70,603.68,4456.6
70,604.18,4460.2
70,604.68,4459
70,605.19,4458.9
70,605.69,4454.7
70,606.19,4446.9
70,606.69,4438
70,607.19,4434.8
70,607.69,4438
70,608.19,4437.3
70,608.69,4428
70,609.19,4430.3
70,609.69,4434.4
70,610.19,4442.3
70,610.69,4445.1
70,611.19,4456
70,611.69,4474
70,612.19,4478.9
70,612.69,4459.6
70,613.19,4452.7
70,613.69,4462.3
70,614.2,4473.6
70,614.7,4473
70,615.2,4470.8
70,615.7,4458.4
70,616.2,4435.6
70,616.7,4413.6
70,617.2,4415
70,617.7,4414.4
70,618.2,4419.1
70,618.7,4422.1
70,619.2,4417.5
70,619.7,4419.3
70,620.2,4415.7
70,620.7,4407.6
70,621.2,4409.3
70,621.7,4408.2
70,622.2,4406.2
70,622.7,4402.8
70,623.21,4395.1
70,623.71,4399.3
70,624.21,4403.7
70,624.71,4401.5
70,625.21,4404.8
70,625.71,4409.5
70,626.21,4413.6
70,626.71,4415.5
70,627.21,4412.9
70,627.71,4404.8
70,628.21,4406.6
70,628.71,4425.6
70,629.21,4443.4
70,629.71,4441.8
70,630.21,4437.1
70,630.71,4449.6
70,631.21,4461.3
70,631.71,4452.1
70,632.22,4432.8
70,632.72,4422.3
70,633.22,4415.5
70,633.72,4431.4
70,634.22,4471.4
70,634.72,4448.9
70,635.22,4434.6
70,635.72,4446.2
70,636.22,4451.6
70,636.72,4470.2
70,637.22,4485.7
70,637.72,4488.8
70,638.22,4488.8
70,638.72,4500.9
70,639.22,4501.3
70,639.72,4525.1
70,640.22,4535.1
70,640.72,4526.6
70,641.23,4516.5
70,641.73,4518.7
70,642.23,4508.7
70,642.73,4493
70,643.23,4476.4
70,643.73,4441.7
70,644.23,4405.3
70,644.73,4410.7
70,645.23,4466.7
70,645.73,4513.6
70,646.23,4532.9
70,646.73,4532.8
70,647.23,4530.3
70,647.73,4535.2
70,648.23,4541.4
70,648.73,4540.7
70,649.23,4535
70,649.73,4525.1
70,650.24,4515.1
70,650.74,4508.8
70,651.24,4503.7
70,651.74,4500.4
70,652.24,4499.2
70,652.74,4502.3
70,653.24,4505.1
70,653.74,4507.7
70,654.24,4506.8
70,654.74,4505.4
70,655.24,4503.2
70,655.74,4502.4
70,656.24,4501.9
70,656.74,4504.3
70,657.24,4507.5
70,657.74,4512.3
70,658.24,4517.3
70,658.74,4521.7
70,659.24,4524.1
70,659.74,4524.1
70,660.24,4521.4
70,660.74,4517.5
70,661.24,4514.2
70,661.74,4511
70,662.24,4508.1
70,662.74,4503.3
70,663.24,4497.2
70,663.74,4489.4
70,664.24,4485
70,664.74,4490.8
70,665.24,4501.8
70,665.74,4511.2
70,666.24,4518.7
70,666.74,4525.6
70,667.24,4532.9
70,667.74,4540.1
70,668.24,4548.2
70,668.74,4557.3
70,669.24,4566.1
70,669.74,4576.7
70,670.24,4587.2
70,670.74,4597.5
70,671.24,4606.6
70,671.73,4611.4
70,672.23,4612.3
70,672.73,4610.7
70,673.23,4607.8
70,673.73,4601.6
70,674.23,4593.5
70,674.73,4585.7
70,675.23,4577.8
70,675.73,4568.5
70,676.23,4558.7
70,676.73,4549.5
70,677.23,4540.3
70,677.73,4531.2
70,678.23,4522.2
70,678.73,4513.4
70,679.23,4508.2
70,679.73,4504.8
70,680.23,4501.7
70,680.73,4499
70,681.23,4494.6
70,681.73,4489
70,682.23,4483.5
70,682.73,4478.1
70,683.23,4472.8
70,683.73,4468.1
70,684.23,4462.4
70,684.73,4459.8
70,685.23,4452
70,685.73,4450.7
70,686.22,4453.5
70,686.72,4456.7
70,687.22,4456.1
70,687.72,4458.1
70,688.22,4457.8
70,688.72,4458.1
70,689.22,4453.6
70,689.72,4454.7
70,690.22,4458
70,690.72,4459.1
70,691.22,4451.8
70,691.72,4440.4
70,692.22,4433.4
70,692.72,4435.5
70,693.22,4454.6
70,693.72,4485.8
70,694.22,4499
70,694.72,4504.6
70,695.22,4531.1
70,695.72,4534.4
70,696.22,4526.9
70,696.72,4497.3
70,697.22,4476.3
70,697.72,4472.7
70,698.22,4474
70,698.72,4468.3
70,699.22,4464.7
70,699.72,4479
70,700.22,4521.8
70,700.71,4565.4
70,701.21,4598.3
70,701.71,4605.5
70,702.21,4599.1
70,702.71,4602
70,703.21,4602.9
70,703.71,4602.4
70,704.21,4604.2
70,704.71,4605.8
70,705.21,4607.7
70,705.71,4610.2
70,706.21,4610.7
70,706.71,4610.1
70,707.21,4610.3
70,707.71,4610.2
70,708.21,4612.3
70,708.71,4615
70,709.21,4618.8
70,709.71,4621.8
70,710.21,4628.6
70,710.71,4636
70,711.21,4644.4
70,711.71,4653.9
70,712.21,4662.6
70,712.71,4670.1
70,713.21,4676.8
70,713.71,4682.8
70,714.21,4689.6
70,714.71,4697.9
70,715.2,4706
70,715.7,4715.1
70,716.2,4722.7
70,716.7,4729.2
70,717.2,4735.5
70,717.7,4741.4
70,718.2,4748.4
70,718.7,4766.7
70,719.2,4781.4
70,719.7,4790.6
70,720.2,4774.5
70,720.7,4762.3
70,721.2,4751.8
70,721.7,4747.1
70,722.2,4743.6
70,722.7,4745.1
70,723.2,4748.2
70,723.7,4751.4
70,724.2,4744.6
70,724.7,4722.5
70,725.2,4673.7
70,725.7,4622.8
70,726.2,4578.5
70,726.7,4548.5
70,727.2,4524
70,727.7,4503
70,728.2,4516
70,728.7,4537.4
70,729.2,4535.4
70,729.69,4507.6
70,730.19,4496
70,730.69,4504.4
70,731.19,4512.6
70,731.69,4520.4
70,732.19,4571
70,732.69,4605.1
70,733.19,4621.4
70,733.69,4630
70,734.19,4626.2
70,734.69,4610.4
70,735.19,4581.9
70,735.69,4557.2
70,736.19,4513.4
70,736.69,4486.4
70,737.19,4477.3
70,737.69,4481.5
70,738.19,4495.1
70,738.69,4503.7
70,739.19,4506.6
70,739.69,4516.6
70,740.19,4531.6
70,740.69,4550.9
70,741.19,4571.2
70,741.69,4613.8
70,742.19,4678.1
70,742.69,4714.2
70,743.19,4717.7
70,743.69,4713
70,744.18,4705.4
70,744.68,4695.6
70,745.18,4697.8
70,745.68,4701.6
70,746.18,4703.7
70,746.68,4703.2
70,747.18,4695.1
70,747.68,4656.3
70,748.18,4652.5
70,748.68,4652.5
70,749.18,4650.8
70,749.68,4647.7
70,750.18,4647.1
70,750.68,4652.7
70,751.18,4648.7
70,751.68,4638.5
70,752.18,4632.3
70,752.68,4620
70,753.18,4584.6
70,753.68,4516.6
70,754.18,4465.1
70,754.68,4435.5
70,755.18,4415.1
70,755.68,4397.2
70,756.18,4384
70,756.68,4375.6
70,757.18,4369.7
70,757.68,4365.8
70,758.18,4363.1
70,758.67,4360.9
70,759.17,4359.2
70,759.67,4357.5
70,760.17,4360.2
70,760.67,4365.5
70,761.17,4370
70,761.67,4375.3
70,762.17,4381.7
70,762.67,4387.7
70,763.17,4395.8
70,763.67,4404.8
70,764.17,4420.8
70,764.67,4443.6
70,765.17,4472.1
70,765.67,4501.6
70,766.17,4532.1
70,766.67,4559.9
70,767.17,4584.5
70,767.67,4605
70,768.17,4621
70,768.67,4632.3
70,769.17,4638.7
70,769.67,4640
70,770.17,4637.4
70,770.67,4631.3
70,771.17,4622.9
70,771.67,4612.1
70,772.17,4600.3
70,772.67,4587.1
70,773.16,4572.3
70,773.66,4557
70,774.16,4535.9
70,774.66,4508.6
70,775.16,4476.9
70,775.66,4441.7
70,776.16,4404.6
70,776.66,4365.6
70,777.16,4325.8
70,777.66,4288
70,778.16,4256.2
70,778.66,4237.6
70,779.16,4234.8
70,779.66,4246.4
70,780.16,4273.5
70,780.66,4303.9
70,781.16,4337.7
70,781.66,4374.6
70,782.16,4415.2
70,782.66,4452.9
70,783.16,4489.7
70,783.66,4523.7
70,784.16,4557.8
70,784.66,4592.6
70,785.16,4626.4
70,785.66,4657.1
70,786.16,4686.4
70,786.66,4711.2
70,787.16,4732.3
70,787.65,4750.8
70,788.15,4770.5
70,788.65,4790.3
70,789.15,4810.2
70,789.65,4825.3
70,790.15,4841.8
70,790.65,4860.6
70,791.15,4870.8
70,791.65,4867.3
70,792.15,4832.1
70,792.65,4753.9
70,793.15,4677.5
70,793.65,4624.4
70,794.15,4596.8
70,794.65,4583.9
70,795.15,4575.1
70,795.65,4566.1
70,796.15,4554.3
70,796.65,4535.2
70,797.15,4513.1
70,797.65,4493
70,798.15,4477.5
70,798.65,4470.1
70,799.15,4468.3
70,799.65,4470.4
70,800.15,4471.6
70,800.65,4470.4
70,801.15,4466
70,801.65,4457.7
70,802.14,4449.8
70,802.64,4442.3
70,803.14,4431.1
70,803.64,4409.9
70,804.14,4376
70,804.64,4332.8
70,805.14,4259.1
70,805.64,4288.6
70,806.14,4352.3
70,806.64,4276
70,807.14,4117.3
70,807.64,4115.1
70,808.14,4221.7
70,808.64,4290.8
70,809.14,4341.9
70,809.64,4312.2
70,810.14,4174
70,810.64,4058.9
70,811.14,4020
70,811.64,4023.4
70,812.14,4061
70,812.64,4208.4
70,813.14,4314.2
70,813.64,4328.5
70,814.14,4314.4
70,814.64,4293.1
70,815.14,4261.3
70,815.64,4230.4
70,816.13,4212.9
70,816.63,4211.6
70,817.13,4202.3
70,817.63,4179.7
70,818.13,4074.8
70,818.63,3957.9
70,819.13,3867.6
70,819.63,3796.1
70,820.13,3690.3
70,820.63,3546.3
70,821.13,3398.1
70,821.63,3369.8
70,822.13,3562.2
70,822.63,3789.2
70,823.13,3942.7
70,823.63,4071.4
70,824.13,4179.4
70,824.63,4249.6
70,825.13,4273.9
70,825.63,4290.7
70,826.13,4305
70,826.63,4320.7
70,827.13,4339.8
70,827.63,4343.1
70,828.13,4337.5
70,828.63,4327.5
70,829.13,4312
70,829.62,4301.9
70,830.12,4304.3
70,830.62,4267.1
70,831.12,4227.4
70,831.62,4214.8
70,832.12,4217.4
70,832.62,4214.4
70,833.12,4208.5
70,833.62,4233.2
70,834.12,4280.7
70,834.62,4308
70,835.12,4306.3
70,835.62,4305.8
70,836.12,4312
70,836.62,4317.1
70,837.12,4323.8
70,837.62,4328
70,838.12,4334.1
70,838.62,4337.1
70,839.12,4340.2
70,839.62,4346.6
70,840.12,4346.3
70,840.62,4341.1
70,841.12,4330.6
70,841.62,4313.7
70,842.12,4279.2
70,842.62,4235.3
70,843.11,4273.4
70,843.61,4376.8
70,844.11,4426.5
70,844.61,4441.1
70,845.11,4443.2
70,845.61,4419.1
70,846.11,4424.8
70,846.61,4450.9
70,847.11,4484.3
70,847.61,4500.5
70,848.11,4493
70,848.61,4476.2
70,849.11,4468.5
70,849.61,4481
70,850.11,4497.9
70,850.61,4510.4
70,851.11,4511.6
70,851.61,4495.2
70,852.11,4475.1
70,852.61,4462.3
70,853.11,4461.3
70,853.61,4475.3
70,854.11,4477.9
70,854.61,4489.6
70,855.11,4530.7
70,855.61,4560.6
70,856.11,4569.5
70,856.6,4571
70,857.1,4569.4
70,857.6,4567.7
70,858.1,4563.6
70,858.6,4549.6
70,859.1,4514.7
70,859.6,4454.8
70,860.1,4426.6
70,860.6,4475
70,861.1,4539.5
70,861.6,4560.1
70,862.1,4557.5
70,862.6,4548.5
70,863.1,4528
70,863.6,4514.3
70,864.1,4515.6
70,864.6,4511.3
70,865.1,4512.1
70,865.6,4520.8
70,866.1,4522
70,866.6,4509.4
70,867.1,4505.8
70,867.6,4509.4
70,868.1,4513.6
70,868.6,4517.8
70,869.1,4503.5
70,869.6,4500
70,870.09,4536.4
70,870.59,4567.5
70,871.09,4570.4
70,871.59,4553.8
70,872.09,4537.2
70,872.59,4521.2
70,873.09,4511.3
70,873.59,4527.2
70,874.09,4554.2
70,874.59,4553.7
70,875.09,4546.4
70,875.59,4543.2
70,876.09,4549
70,876.59,4552.1
70,877.09,4558
70,877.59,4567.4
70,878.09,4576.1
70,878.59,4581.7
70,879.09,4585.8
70,879.59,4586.7
70,880.09,4577.5
70,880.59,4566.3
70,881.09,4555.3
70,881.59,4539.7
70,882.09,4521.8
70,882.59,4508.8
70,883.09,4510.1
70,883.58,4517.8
70,884.08,4517.5
70,884.58,4540.8
70,885.08,4561.5
70,885.58,4537.9
70,886.08,4504.6
70,886.58,4490.2
70,887.08,4527.6
70,887.58,4560.1
70,888.08,4553.5
70,888.58,4541.3
70,889.08,4530.7
70,889.58,4532.6
70,890.08,4538.3
70,890.58,4536.2
70,891.08,4489
70,891.58,4351.5
70,892.08,4262.2
70,892.58,4358.4
70,893.08,4460
70,893.58,4516.1
70,894.08,4534.4
70,894.58,4524.5
70,895.08,4499.3
70,895.58,4459.6
70,896.08,4410.7
70,896.58,4377.4
70,897.07,4344.2
70,897.57,4315.9
70,898.07,4315.4
70,898.57,4344
70,899.07,4373.2
70,899.57,4416.8
70,900.07,4478.3
70,900.57,4520.3
70,901.07,4529.9
70,901.57,4522.5
70,902.07,4420.9
70,902.57,4256.1
70,903.07,4166.1
70,903.57,4161.4
70,904.07,4194.5
70,904.57,4248.5
70,905.07,4346.1
70,905.57,4386
70,906.07,4390.9
70,906.57,4440.7
70,907.07,4489.3
70,907.57,4519.3
70,908.07,4523.4
70,908.57,4536.6
70,909.07,4520.9
70,909.57,4507.3
70,910.07,4490.7
70,910.57,4544.3
70,911.06,4564.8
70,911.56,4578
70,912.06,4571.4
70,912.56,4574.6
70,913.06,4578.9
70,913.56,4581.2
70,914.06,4585.3
70,914.56,4585.3
70,915.06,4582.3
70,915.56,4580.2
70,916.06,4578.8
70,916.56,4577.6
70,917.06,4576.3
70,917.56,4573.1
70,918.06,4565.7
70,918.56,4552.8
70,919.06,4533.3
70,919.56,4512.8
70,920.06,4488.9
70,920.56,4462.1
70,921.06,4431
70,921.56,4405.5
70,922.06,4383.9
70,922.56,4354.1
70,923.06,4327.7
70,923.56,4310.7
70,924.06,4297.2
70,924.55,4291.6
70,925.05,4296.7
70,925.55,4314.2
70,926.05,4342.7
70,926.55,4385.3
70,927.05,4431.2
70,927.55,4455.5
70,928.05,4477.3
70,928.55,4497.3
70,929.05,4514.4
70,929.55,4531
70,930.05,4545.8
70,930.55,4560.5
70,931.05,4575.1
70,931.55,4589.5
70,932.05,4600.7
70,932.55,4606.5
70,933.05,4608.6
70,933.55,4607.6
70,934.05,4607.8
70,934.55,4605.9
70,935.05,4604.6
70,935.55,4602.3
70,936.05,4600.5
70,936.55,4599.7
70,937.05,4599.4
70,937.55,4598.5
70,938.04,4597.1
70,938.54,4592.3
70,939.04,4585.5
70,939.54,4576.3
70,940.04,4561.4
70,940.54,4542.5
70,941.04,4519.2
70,941.54,4490.9
70,942.04,4454.1
70,942.54,4411.3
70,943.04,4374.5
70,943.54,4347.5
70,944.04,4317.9
70,944.54,4280.1
70,945.04,4227.1
70,945.54,4165.6
70,946.04,4088
70,946.54,4008.3
70,947.04,3926.3
70,947.54,3850.3
70,948.04,3780.7
70,948.54,3747.4
70,949.04,3759.8
70,949.54,3790.1
70,950.04,3849.1
70,950.54,3945.5
70,951.04,4052.6
70,951.53,4160.2
70,952.03,4263.8
70,952.53,4357.5
70,953.03,4432.2
70,953.53,4496.1
70,954.03,4552.2
70,954.53,4597
70,955.03,4632.1
70,955.53,4658.3
70,956.03,4675.6
70,956.53,4687.2
70,957.03,4697.6
70,957.53,4703.9
70,958.03,4706.3
70,958.53,4708.8
70,959.03,4713.2
70,959.53,4716.7
70,960.03,4719.3
70,960.53,4722
70,961.03,4723.9
70,961.53,4725.8
70,962.03,4725.9
70,962.53,4726.3
70,963.03,4725.5
70,963.53,4723.5
70,964.03,4722.5
70,964.52,4719.8
70,965.02,4717.7
70,965.52,4716.2
70,966.02,4714.4
70,966.52,4711.2
70,967.02,4708.9
70,967.52,4705.8
70,968.02,4701.7
70,968.52,4696.8
70,969.02,4693.2
70,969.52,4690.4
70,970.02,4688.4
70,970.52,4689
70,971.02,4689
70,971.52,4689
70,972.02,4689.9
70,972.52,4695.6
70,973.02,4703.4
70,973.52,4713.1
70,974.02,4723.3
70,974.52,4733.1
70,975.02,4740.2
70,975.52,4747
70,976.02,4754.4
70,976.52,4765.2
70,977.01,4776.6
70,977.51,4777.8
70,978.01,4757.3
70,978.51,4732.7
70,979.01,4709.3
70,979.51,4689.7
70,980.01,4672
70,980.51,4657.3
70,981.01,4648.7
70,981.51,4644.7
70,982.01,4646.8
70,982.51,4648.7
70,983.01,4646.5
70,983.51,4637.9
70,984.01,4633.3
70,984.51,4634.7
70,985.01,4643.2
70,985.51,4653.3
70,986.01,4662.5
70,986.51,4667.9
70,987.01,4668.1
70,987.51,4662.1
70,988.01,4653.8
70,988.51,4642.8
70,989.01,4630.9
70,989.5,4614.8
70,990,4594.8
70,990.5,4571.2
70,991,4548.8
70,991.5,4528.8
70,992,4515.8
70,992.5,4508.1
70,993,4504.4
70,993.5,4505.5
70,994,4510.5
70,994.5,4519.5
70,995,4531.5
70,995.5,4544.4
70,996,4558
70,996.5,4570.1
70,997,4580.8
70,997.5,4588.9
70,998,4595.5
70,998.5,4600.8
70,999,4603.6
70,999.5,4604.4
70,1000,4601.9
70,1000.5,4597.2
70,1001,4592
70,1001.5,4584.4
70,1002,4574.1
70,1002.49,4562.9
70,1002.99,4553.7
70,1003.49,4550.5
70,1003.99,4550.3
70,1004.49,4551.1
70,1004.99,4550.1
70,1005.49,4547.9
70,1005.99,4547.8
70,1006.49,4549.2
70,1006.99,4546.6
70,1007.49,4540.6
70,1007.99,4534.2
70,1008.49,4530.3
70,1008.99,4530.9
70,1009.49,4534.5
70,1009.99,4538.4
70,1010.49,4538.9
70,1010.99,4537.4
70,1011.49,4534.6
70,1011.99,4532.8
70,1012.49,4531.7
70,1012.99,4533.5
70,1013.49,4536.9
70,1013.99,4541.9
70,1014.49,4545.4
70,1014.98,4544.9
70,1015.48,4541.9
70,1015.98,4537.4
70,1016.48,4530.6
70,1016.98,4524.5
70,1017.48,4518.7
70,1017.98,4514.9
70,1018.48,4511.6
70,1018.98,4509.9
70,1019.48,4508.7
70,1019.98,4508.1
70,1020.48,4505.2
70,1020.98,4500.1
70,1021.48,4496.1
70,1021.98,4498.2
70,1022.48,4508.4
70,1022.98,4521.6
70,1023.48,4537.1
70,1023.98,4548.7
70,1024.48,4558
70,1024.98,4564.6
70,1025.48,4571
70,1025.98,4574.3
70,1026.48,4574.8
70,1026.98,4573.4
70,1027.47,4568.8
70,1027.97,4563
70,1028.47,4558.2
70,1028.97,4561.5
70,1029.47,4586.6
70,1029.97,4625.6
70,1030.47,4652.6
70,1030.97,4658
70,1031.47,4651.8
70,1031.97,4636.7
70,1032.47,4610
70,1032.97,4577.7
70,1033.47,4544.8
70,1033.97,4512.6
70,1034.47,4486
70,1034.97,4465.6
70,1035.47,4449.7
70,1035.97,4436.2
70,1036.47,4433.3
70,1036.97,4432.9
70,1037.47,4426.4
70,1037.97,4412.9
70,1038.47,4395.9
70,1038.97,4379.8
70,1039.47,4370.7
70,1039.97,4367.4
70,1040.46,4366.9
70,1040.96,4367.9
70,1041.46,4372.7
70,1041.96,4390.3
70,1042.46,4418
70,1042.96,4443.2
70,1043.46,4456.8
70,1043.96,4465
70,1044.46,4481.7
70,1044.96,4504.4
70,1045.46,4529.8
70,1045.96,4552.5
70,1046.46,4571.6
70,1046.96,4586.1
70,1047.46,4597.6
70,1047.96,4606.9
70,1048.46,4615
70,1048.96,4624.5
70,1049.46,4629.6
70,1049.96,4633.9
70,1050.46,4640.4
70,1050.96,4646.2
70,1051.46,4649.2
70,1051.96,4648.5
70,1052.46,4640.4
70,1052.95,4631.3
70,1053.45,4633.8
70,1053.95,4639
70,1054.45,4655.1
70,1054.95,4669.9
70,1055.45,4659.8
70,1055.95,4638.7
70,1056.45,4626.5
70,1056.95,4620.7
70,1057.45,4633.3
70,1057.95,4623.7
70,1058.45,4594.6
70,1058.95,4574
70,1059.45,4555.7
70,1059.95,4534
70,1060.45,4511.5
70,1060.95,4505.4
70,1061.45,4492.9
70,1061.95,4492.3
70,1062.45,4492.9
70,1062.95,4498.5
70,1063.45,4499.6
70,1063.95,4501.1
70,1064.45,4501.3
70,1064.95,4496.7
70,1065.44,4488
70,1065.94,4476.5
70,1066.44,4462.5
70,1066.94,4461.8
70,1067.44,4462.4
70,1067.94,4457.5
70,1068.44,4456.5
70,1068.94,4466.3
70,1069.44,4476.5
70,1069.94,4480.3
70,1070.44,4477
70,1070.94,4469.2
70,1071.44,4493
70,1071.94,4509
70,1072.44,4525.3
70,1072.94,4573.5
70,1073.44,4607
70,1073.94,4607.8
70,1074.44,4584.6
70,1074.94,4563.7
70,1075.44,4546.8
70,1075.94,4544.5
70,1076.44,4563
70,1076.94,4594.1
70,1077.44,4606.6
70,1077.93,4609.2
70,1078.43,4618.7
70,1078.93,4653
70,1079.43,4669
70,1079.93,4645.7
70,1080.43,4644.6
70,1080.93,4653.8
70,1081.43,4617
70,1081.93,4561.7
70,1082.43,4548
70,1082.93,4559.5
70,1083.43,4579.1
70,1083.93,4580.6
70,1084.43,4591.3
70,1084.93,4597.1
70,1085.43,4599.8
70,1085.93,4604.7
70,1086.43,4632.9
70,1086.93,4654.5
70,1087.43,4673.5
70,1087.93,4659
70,1088.43,4658.9
70,1088.93,4646.7
70,1089.43,4643.2
70,1089.93,4644.4
70,1090.43,4642.8
70,1090.92,4600.5
70,1091.42,4532.7
70,1091.92,4506.6
70,1092.42,4498.9
70,1092.92,4493.4
70,1093.42,4496.3
70,1093.92,4508
70,1094.42,4495.1
70,1094.92,4478.8
70,1095.42,4464.3
70,1095.92,4450.1
70,1096.42,4432.7
70,1096.92,4428.6
70,1097.42,4441
70,1097.92,4455.7
70,1098.42,4470.8
70,1098.92,4488.1
70,1099.42,4507.7
70,1099.92,4528.9
70,1100.42,4548.3
70,1100.92,4568.6
70,1101.42,4588.6
70,1101.92,4608
73.3,0,28.8
73.3,0.5,31.1
73.3,1,36.2
73.3,1.5,55.4
73.3,2,64.4
73.3,2.5,74
73.3,3,80.8
73.3,3.5,84.5
73.3,4,94.1
73.3,4.5,97.3
73.3,5,104.7
73.3,5.5,112.1
73.3,6,125.1
73.3,6.5,150.5
73.3,7,176
73.3,7.5,206.4
73.3,8,229.3
73.3,8.5,252.2
73.3,9,271.3
73.3,9.5,297.3
73.3,10,322.2
73.3,10.49,346
73.3,10.99,368.9
73.3,11.49,387.4
73.3,11.99,401.3
73.3,12.49,430.9
73.3,12.99,457.7
73.3,13.49,479
73.3,13.99,497.2
73.3,14.49,514.2
73.3,14.99,525
73.3,15.49,528
73.3,15.99,550.3
73.3,16.49,565.8
73.3,16.99,570.6
73.3,17.49,586.4
73.3,17.99,597.9
73.3,18.49,608
73.3,18.99,619.9
73.3,19.49,632.1
73.3,19.99,644.2
73.3,20.49,656
73.3,20.99,667.9
73.3,21.49,679.5
73.3,21.99,691
73.3,22.49,703
73.3,22.99,714.8
73.3,23.49,726.8
73.3,23.99,738.7
73.3,24.49,750.5
73.3,24.99,762.7
73.3,25.49,775.4
73.3,25.99,786.3
73.3,26.49,796.5
73.3,26.99,806.8
73.3,27.49,817.7
73.3,27.99,827.8
73.3,28.49,836.9
73.3,28.99,846.1
73.3,29.49,854.2
73.3,29.99,861.6
73.3,30.49,868.9
73.3,30.98,877.6
73.3,31.48,885.6
73.3,31.98,894.4
73.3,32.48,903.2
73.3,32.98,912.1
73.3,33.48,920.9
73.3,33.98,929.3
73.3,34.48,938.7
73.3,34.98,949
73.3,35.48,959.2
73.3,35.98,969.5
73.3,36.48,980.2
73.3,36.98,990.2
73.3,37.48,1001.6
73.3,37.98,1013.3
73.3,38.48,1024.4
73.3,38.98,1035.5
73.3,39.48,1045.1
73.3,39.98,1053.8
73.3,40.48,1062
73.3,40.98,1069.3
73.3,41.48,1075
73.3,41.98,1081.3
73.3,42.48,1087.9
73.3,42.98,1093.8
73.3,43.48,1099.5
73.3,43.98,1105.7
73.3,44.48,1110.6
73.3,44.98,1115.3
73.3,45.48,1120.1
73.3,45.98,1123.9
73.3,46.48,1127.9
73.3,46.98,1131.6
73.3,47.48,1134.8
73.3,47.98,1138.9
73.3,48.48,1143.7
73.3,48.98,1150
73.3,49.48,1156.4
73.3,49.98,1161.7
73.3,50.48,1165.9
73.3,50.97,1166
73.3,51.47,1166.3
73.3,51.97,1170.8
73.3,52.47,1188
73.3,52.97,1196.9
73.3,53.47,1167.2
73.3,53.97,1140.1
73.3,54.47,1176.3
73.3,54.97,1226.7
73.3,55.47,1292.9
73.3,55.97,1333.2
73.3,56.47,1375.7
73.3,56.97,1406
73.3,57.47,1445
73.3,57.97,1479.3
73.3,58.47,1509.5
73.3,58.97,1511.8
73.3,59.47,1513.5
73.3,59.97,1517
73.3,60.47,1533.1
73.3,60.97,1562.1
73.3,61.47,1593.9
73.3,61.97,1612.6
73.3,62.47,1635.3
73.3,62.97,1665.9
73.3,63.47,1700.1
73.3,63.97,1732.2
73.3,64.47,1755.8
73.3,64.97,1779.6
73.3,65.47,1825
73.3,65.97,1868.6
73.3,66.47,1891.9
73.3,66.97,1904.2
73.3,67.47,1924
73.3,67.97,1956.8
73.3,68.47,1985.5
73.3,68.97,2020.3
73.3,69.47,2087.5
73.3,69.97,2129.5
73.3,70.46,2162.3
73.3,70.96,2200.1
73.3,71.46,2249.3
73.3,71.96,2291.2
73.3,72.46,2308.6
73.3,72.96,2346.9
73.3,73.46,2414.3
73.3,73.96,2485.1
73.3,74.46,2526.1
73.3,74.96,2549.3
73.3,75.46,2562.2
73.3,75.96,2583.9
73.3,76.46,2623
73.3,76.96,2660.3
73.3,77.46,2706.4
73.3,77.96,2748
73.3,78.46,2753.8
73.3,78.96,2757.7
73.3,79.46,2751.5
73.3,79.96,2756.4
73.3,80.46,2790.2
73.3,80.96,2817.7
73.3,81.46,2849.7
73.3,81.96,2924.5
73.3,82.46,2977.4
73.3,82.96,3026
73.3,83.46,3094.3
73.3,83.96,3158.5
73.3,84.46,3243.9
73.3,84.96,3298.1
73.3,85.46,3370.1
73.3,85.96,3461.5
73.3,86.46,3512.5
73.3,86.96,3556.3
73.3,87.46,3612.1
73.3,87.96,3645.9
73.3,88.46,3673.7
73.3,88.96,3699.4
73.3,89.45,3724.4
73.3,89.95,3742.3
73.3,90.45,3752.7
73.3,90.95,3766
73.3,91.45,3773.2
73.3,91.95,3775.6
73.3,92.45,3780.9
73.3,92.95,3792.2
73.3,93.45,3803.9
73.3,93.95,3823.5
73.3,94.45,3835.5
73.3,94.95,3838.9
73.3,95.45,3840.1
73.3,95.95,3841
73.3,96.45,3841.8
73.3,96.95,3842.7
73.3,97.45,3844
73.3,97.95,3851.3
73.3,98.45,3857.1
73.3,98.95,3860.2
73.3,99.45,3863.3
73.3,99.95,3864
73.3,100.45,3865.4
73.3,100.95,3866.1
73.3,101.45,3866.5
73.3,101.95,3866.4
73.3,102.45,3868.1
73.3,102.95,3869
73.3,103.45,3869.8
73.3,103.95,3870.9
73.3,104.45,3876
73.3,104.95,3881.8
73.3,105.45,3888.1
73.3,105.95,3896.8
73.3,106.45,3896.4
73.3,106.95,3888.5
73.3,107.45,3885.3
73.3,107.95,3881.5
73.3,108.44,3875.3
73.3,108.94,3868.9
73.3,109.44,3864.8
73.3,109.94,3866.1
73.3,110.44,3867.2
73.3,110.94,3867.8
73.3,111.44,3866.9
73.3,111.94,3860.6
73.3,112.44,3847.2
73.3,112.94,3838.5
73.3,113.44,3827.9
73.3,113.94,3814.7
73.3,114.44,3784
73.3,114.94,3742.2
73.3,115.44,3690.5
73.3,115.94,3634.1
73.3,116.44,3570.6
73.3,116.94,3537.5
73.3,117.44,3542.8
73.3,117.94,3558.4
73.3,118.44,3573.2
73.3,118.94,3622.7
73.3,119.44,3711.1
73.3,119.94,3767.4
73.3,120.44,3822.1
73.3,120.94,3889
73.3,121.44,3942.9
73.3,121.94,3994.3
73.3,122.44,4040.5
73.3,122.94,4059.8
73.3,123.44,4066.3
73.3,123.94,4069.2
73.3,124.44,4073.3
73.3,124.94,4085.9
73.3,125.44,4082.4
73.3,125.94,4087.1
73.3,126.44,4071.2
73.3,126.94,4064.2
73.3,127.43,4078.9
73.3,127.93,4071.3
73.3,128.43,4061.4
73.3,128.93,4060.6
73.3,129.43,4061
73.3,129.93,4061.7
73.3,130.43,4062.6
73.3,130.93,4061.7
73.3,131.43,4060.2
73.3,131.93,4061.2
73.3,132.43,4062.7
73.3,132.93,4064.2
73.3,133.43,4065.4
73.3,133.93,4065
73.3,134.43,4063.9
73.3,134.93,4065.3
73.3,135.43,4065.3
73.3,135.93,4065.2
73.3,136.43,4065.5
73.3,136.93,4066
73.3,137.43,4064.6
73.3,137.93,4065.4
73.3,138.43,4066.4
73.3,138.93,4066.1
73.3,139.43,4065.8
73.3,139.93,4066
73.3,140.43,4066
73.3,140.93,4066.1
73.3,141.43,4066.8
73.3,141.93,4065.7
73.3,142.43,4066.5
73.3,142.93,4066.1
73.3,143.43,4064.9
73.3,143.93,4066.1
73.3,144.43,4067.8
73.3,144.93,4066.4
73.3,145.43,4064.3
73.3,145.93,4063.3
73.3,146.42,4063.2
73.3,146.92,4063.1
73.3,147.42,4062.6
73.3,147.92,4060.1
73.3,148.42,4059.1
73.3,148.92,4059.8
73.3,149.42,4059.2
73.3,149.92,4059.1
73.3,150.42,4058.3
73.3,150.92,4057.3
73.3,151.42,4056.1
73.3,151.92,4055.2
73.3,152.42,4054.4
73.3,152.92,4052.6
73.3,153.42,4051.3
73.3,153.92,4051.8
73.3,154.42,4052.9
73.3,154.92,4053.5
73.3,155.42,4054.1
73.3,155.92,4054.4
73.3,156.42,4056.7
73.3,156.92,4059.6
73.3,157.42,4061.2
73.3,157.92,4063.2
73.3,158.42,4065.2
73.3,158.92,4065.8
73.3,159.42,4065.3
73.3,159.92,4065.3
73.3,160.42,4066
73.3,160.92,4065.5
73.3,161.42,4063.9
73.3,161.92,4061.6
73.3,162.42,4062.2
73.3,162.92,4061.3
73.3,163.42,4061.4
73.3,163.92,4060.8
73.3,164.41,4061.9
73.3,164.91,4064.1
73.3,165.41,4065.5
73.3,165.91,4067.1
73.3,166.41,4068.8
73.3,166.91,4071.7
73.3,167.41,4073.9
73.3,167.91,4075.3
73.3,168.41,4077.3
73.3,168.91,4079.8
73.3,169.41,4080.1
73.3,169.91,4078.9
73.3,170.41,4076.9
73.3,170.91,4078.9
73.3,171.41,4078.8
73.3,171.91,4079.2
73.3,172.41,4078.6
73.3,172.91,4078.9
73.3,173.41,4080.9
73.3,173.91,4083.7
73.3,174.41,4082.3
73.3,174.91,4076
73.3,175.41,4069.5
73.3,175.91,4076.2
73.3,176.41,4084.9
73.3,176.91,4084.8
73.3,177.41,4085.3
73.3,177.91,4086.1
73.3,178.41,4087
73.3,178.91,4084.6
73.3,179.41,4077.7
73.3,179.91,4079.9
73.3,180.41,4085.6
73.3,180.91,4085.9
73.3,181.41,4084.4
73.3,181.91,4082.8
73.3,182.4,4085.5
73.3,182.9,4083.3
73.3,183.4,4080.3
73.3,183.9,4079.6
73.3,184.4,4079.7
73.3,184.9,4079.4
73.3,185.4,4078.4
73.3,185.9,4076.2
73.3,186.4,4074.9
73.3,186.9,4072.9
73.3,187.4,4071.8
73.3,187.9,4070.7
73.3,188.4,4070.1
73.3,188.9,4068.2
73.3,189.4,4064.8
73.3,189.9,4060.9
73.3,190.4,4061.2
73.3,190.9,4067.5
73.3,191.4,4068.3
73.3,191.9,4069.2
73.3,192.4,4069.6
73.3,192.9,4071
73.3,193.4,4075.1
73.3,193.9,4078.4
73.3,194.4,4081.8
73.3,194.9,4081.9
73.3,195.4,4084.1
73.3,195.9,4086.5
73.3,196.4,4088.7
73.3,196.9,4094.1
73.3,197.4,4099.2
73.3,197.9,4099
73.3,198.4,4097.9
73.3,198.9,4100.1
73.3,199.4,4103.1
73.3,199.9,4104.1
73.3,200.39,4104.9
73.3,200.89,4106.6
73.3,201.39,4108.1
73.3,201.89,4109.3
73.3,202.39,4109.8
73.3,202.89,4108.7
73.3,203.39,4108.1
73.3,203.89,4109.1
73.3,204.39,4104.8
73.3,204.89,4087.3
73.3,205.39,4071.2
73.3,205.89,4060.4
73.3,206.39,4058.3
73.3,206.89,4060.2
73.3,207.39,4078.7
73.3,207.89,4083
73.3,208.39,4092.9
73.3,208.89,4099.7
73.3,209.39,4104.6
73.3,209.89,4115
73.3,210.39,4129.2
73.3,210.89,4133.9
73.3,211.39,4136.3
73.3,211.89,4147.2
73.3,212.39,4151.4
73.3,212.89,4149.2
73.3,213.39,4145.5
73.3,213.89,4140.6
73.3,214.39,4136.9
73.3,214.89,4134.7
73.3,215.39,4132.7
73.3,215.89,4132.6
73.3,216.39,4135
73.3,216.89,4138.6
73.3,217.39,4142.3
73.3,217.89,4143.9
73.3,218.38,4147.5
73.3,218.88,4152.9
73.3,219.38,4156.4
73.3,219.88,4160.2
73.3,220.38,4163.3
73.3,220.88,4163.9
73.3,221.38,4162.4
73.3,221.88,4161
73.3,222.38,4160.7
73.3,222.88,4163.9
73.3,223.38,4166.5
73.3,223.88,4166.3
73.3,224.38,4165.5
73.3,224.88,4165.3
73.3,225.38,4166.6
73.3,225.88,4167
73.3,226.38,4164.9
73.3,226.88,4160.5
73.3,227.38,4157.3
73.3,227.88,4157.5
73.3,228.38,4159.1
73.3,228.88,4160
73.3,229.38,4165.1
73.3,229.88,4171.6
73.3,230.38,4174.5
73.3,230.88,4176.7
73.3,231.38,4178.4
73.3,231.88,4180.2
73.3,232.38,4180.1
73.3,232.88,4182.8
73.3,233.38,4183.3
73.3,233.88,4181.9
73.3,234.38,4181.8
73.3,234.88,4181.6
73.3,235.38,4178.4
73.3,235.88,4176.3
73.3,236.37,4174.8
73.3,236.87,4171.6
73.3,237.37,4168.8
73.3,237.87,4182.3
73.3,238.37,4201.4
73.3,238.87,4216.8
73.3,239.37,4229.8
73.3,239.87,4241.3
73.3,240.37,4254
73.3,240.87,4262.5
73.3,241.37,4271.5
73.3,241.87,4284.2
73.3,242.37,4290.8
73.3,242.87,4292
73.3,243.37,4295
73.3,243.87,4303.2
73.3,244.37,4316.2
73.3,244.87,4321
73.3,245.37,4322.8
73.3,245.87,4326.4
73.3,246.37,4327.9
73.3,246.87,4322
73.3,247.37,4319.7
73.3,247.87,4321
73.3,248.37,4319
73.3,248.87,4315.6
73.3,249.37,4313.2
73.3,249.87,4317.9
73.3,250.37,4326
73.3,250.87,4326.9
73.3,251.37,4322.2
73.3,251.87,4316.6
73.3,252.37,4309.2
73.3,252.87,4309.3
73.3,253.37,4310.1
73.3,253.86,4309.4
73.3,254.36,4308.8
73.3,254.86,4311.8
73.3,255.36,4313.1
73.3,255.86,4308.9
73.3,256.36,4307.9
73.3,256.86,4306.1
73.3,257.36,4300.4
73.3,257.86,4301.7
73.3,258.36,4313.4
73.3,258.86,4323.8
73.3,259.36,4335
73.3,259.86,4342.8
73.3,260.36,4335.7
73.3,260.86,4336.2
73.3,261.36,4341.9
73.3,261.86,4344.8
73.3,262.36,4346.7
73.3,262.86,4345.7
73.3,263.36,4343.2
73.3,263.86,4337.2
73.3,264.36,4330.4
73.3,264.86,4324.9
73.3,265.36,4320.5
73.3,265.86,4317.1
73.3,266.36,4315.5
73.3,266.86,4315.2
73.3,267.36,4316.3
73.3,267.86,4315.6
73.3,268.36,4316.1
73.3,268.86,4322.6
73.3,269.36,4326.5
73.3,269.86,4330.4
73.3,270.36,4339.3
73.3,270.86,4348.9
73.3,271.35,4351.6
73.3,271.85,4353.2
73.3,272.35,4353.6
73.3,272.85,4355.4
73.3,273.35,4357.3
73.3,273.85,4358.7
73.3,274.35,4354
73.3,274.85,4350.7
73.3,275.35,4349.4
73.3,275.85,4348.2
73.3,276.35,4347.8
73.3,276.85,4349.2
73.3,277.35,4349.3
73.3,277.85,4350
73.3,278.35,4350
73.3,278.85,4351
73.3,279.35,4344.7
73.3,279.85,4343
73.3,280.35,4341.9
73.3,280.85,4342.1
73.3,281.35,4344.6
73.3,281.85,4348.2
73.3,282.35,4348.7
73.3,282.85,4342.9
73.3,283.35,4328.9
73.3,283.85,4309.9
73.3,284.35,4287
73.3,284.85,4261.2
73.3,285.35,4233.7
73.3,285.85,4202.9
73.3,286.35,4166.2
73.3,286.85,4119
73.3,287.35,4067.1
73.3,287.85,4016.5
73.3,288.35,3966
73.3,288.84,3912.7
73.3,289.34,3862.1
73.3,289.84,3817.8
73.3,290.34,3785
73.3,290.84,3760.8
73.3,291.34,3741.5
73.3,291.84,3718.1
73.3,292.34,3678
73.3,292.84,3615
73.3,293.34,3533.1
73.3,293.84,3457.4
73.3,294.34,3392.7
73.3,294.84,3324.5
73.3,295.34,3259.2
73.3,295.84,3220.5
73.3,296.34,3218.8
73.3,296.84,3218
73.3,297.34,3229.4
73.3,297.84,3245.9
73.3,298.34,3265.2
73.3,298.84,3285.3
73.3,299.34,3324.9
73.3,299.84,3392.4
73.3,300.34,3467.1
73.3,300.84,3551.7
73.3,301.34,3639.3
73.3,301.84,3729.6
73.3,302.34,3826.9
73.3,302.84,3928.9
73.3,303.34,4021.1
73.3,303.84,4102.6
73.3,304.34,4177.6
73.3,304.84,4242.4
73.3,305.34,4292.7
73.3,305.83,4331.8
73.3,306.33,4360.3
73.3,306.83,4382.7
73.3,307.33,4401.2
73.3,307.83,4418.6
73.3,308.33,4439
73.3,308.83,4456
73.3,309.33,4460.9
73.3,309.83,4460.6
73.3,310.33,4458.7
73.3,310.83,4457.4
73.3,311.33,4455.7
73.3,311.83,4454.3
73.3,312.33,4453.7
73.3,312.83,4453.4
73.3,313.33,4453.2
73.3,313.83,4453.3
73.3,314.33,4453.8
73.3,314.83,4454.6
73.3,315.33,4456.3
73.3,315.83,4456.8
73.3,316.33,4456.5
73.3,316.83,4456.1
73.3,317.33,4455.2
73.3,317.83,4454.7
73.3,318.33,4455.2
73.3,318.83,4456.3
73.3,319.33,4457.2
73.3,319.83,4458.6
73.3,320.33,4459.6
73.3,320.83,4460.9
73.3,321.33,4461.9
73.3,321.82,4463
73.3,322.32,4464.5
73.3,322.82,4465.1
73.3,323.32,4465.1
73.3,323.82,4465.4
73.3,324.32,4465.7
73.3,324.82,4465.2
73.3,325.32,4465
73.3,325.82,4465.3
73.3,326.32,4466.1
73.3,326.82,4467
73.3,327.32,4467
73.3,327.82,4467.5
73.3,328.32,4467.6
73.3,328.82,4467.9
73.3,329.32,4468.2
73.3,329.82,4470
73.3,330.32,4470.1
73.3,330.82,4471
73.3,331.32,4471.8
73.3,331.82,4473.7
73.3,332.32,4475.1
73.3,332.82,4475.9
73.3,333.32,4476.9
73.3,333.82,4477
73.3,334.32,4478.1
73.3,334.82,4478.3
73.3,335.32,4479.6
73.3,335.82,4479.8
73.3,336.32,4479.1
73.3,336.82,4478.2
73.3,337.32,4478
73.3,337.81,4478
73.3,338.31,4477
73.3,338.81,4476.5
73.3,339.31,4474.6
73.3,339.81,4470
73.3,340.31,4464.8
73.3,340.81,4462.1
73.3,341.31,4459.1
73.3,341.81,4464.8
73.3,342.31,4467
73.3,342.81,4466.6
73.3,343.31,4464.7
73.3,343.81,4463.2
73.3,344.31,4460.2
73.3,344.81,4454.5
73.3,345.31,4445.9
73.3,345.81,4432.9
73.3,346.31,4427.9
73.3,346.81,4449.7
73.3,347.31,4461
73.3,347.81,4469.1
73.3,348.31,4472.6
73.3,348.81,4472.6
73.3,349.31,4482.2
73.3,349.81,4485.9
73.3,350.31,4484.2
73.3,350.81,4483.8
73.3,351.31,4483.9
73.3,351.81,4479.3
73.3,352.31,4480
73.3,352.81,4479.6
73.3,353.31,4479.9
73.3,353.8,4471.8
73.3,354.3,4462.7
73.3,354.8,4437.9
73.3,355.3,4423.7
73.3,355.8,4474.1
73.3,356.3,4516.7
73.3,356.8,4535.7
73.3,357.3,4540.7
73.3,357.8,4546.1
73.3,358.3,4548.1
73.3,358.8,4548.9
73.3,359.3,4549.8
73.3,359.8,4549.8
73.3,360.3,4544.6
73.3,360.8,4532.9
73.3,361.3,4514.9
73.3,361.8,4529.9
73.3,362.3,4570.4
73.3,362.8,4575.2
73.3,363.3,4574.8
73.3,363.8,4565.3
73.3,364.3,4557.4
73.3,364.8,4555.2
73.3,365.3,4564.7
73.3,365.8,4563.5
73.3,366.3,4560.1
73.3,366.8,4558.9
73.3,367.3,4556.7
73.3,367.8,4555.7
73.3,368.3,4554.6
73.3,368.8,4552.6
73.3,369.3,4550.1
73.3,369.8,4547.2
76.7,0,71.5
76.7,0.49,75.1
76.7,0.99,78.3
76.7,1.48,82.7
76.7,1.97,85.8
76.7,2.47,88.4
76.7,2.96,91.6
76.7,3.45,94.9
76.7,3.94,97.3
76.7,4.44,100.7
76.7,4.93,104.5
76.7,5.42,108.7
76.7,5.92,113.7
76.7,6.41,118
76.7,6.9,123.6
76.7,7.4,128.4
76.7,7.89,134.1
76.7,8.38,139.4
76.7,8.88,144.1
76.7,9.37,151.1
76.7,9.86,160.3
76.7,10.35,167.6
76.7,10.85,174
76.7,11.34,180.2
76.7,11.83,185.3
76.7,12.33,193.4
76.7,12.82,200.2
76.7,13.31,210.9
76.7,13.81,223.4
76.7,14.3,234.2
76.7,14.79,242.3
76.7,15.29,251.8
76.7,15.78,263.3
76.7,16.27,271.9
76.7,16.76,283.2
76.7,17.26,295.1
76.7,17.75,308.5
76.7,18.24,323.4
76.7,18.74,335
76.7,19.23,345.4
76.7,19.72,355.3
76.7,20.22,363.3
76.7,20.71,372.7
76.7,21.2,380.8
76.7,21.69,390.6
76.7,22.19,401.7
76.7,22.68,409.4
76.7,23.17,415.4
76.7,23.67,420
76.7,24.16,427.3
76.7,24.65,432.9
76.7,25.15,438.8
76.7,25.64,446.9
76.7,26.13,456.3
76.7,26.63,463.2
76.7,27.12,469.3
76.7,27.61,474.7
76.7,28.1,479.8
76.7,28.6,485.9
76.7,29.09,490.9
76.7,29.58,497.8
76.7,30.08,507.1
76.7,30.57,515.1
76.7,31.06,511.5
76.7,31.56,491
76.7,32.05,460.5
76.7,32.54,459.6
76.7,33.04,480.8
76.7,33.53,525.8
76.7,34.02,545.2
76.7,34.51,550.9
76.7,35.01,555.2
76.7,35.5,558.8
76.7,35.99,563
76.7,36.49,567.2
76.7,36.98,566.6
76.7,37.47,568.4
76.7,37.97,570.1
76.7,38.46,568.2
76.7,38.95,567.7
76.7,39.45,567.9
76.7,39.94,576.9
76.7,40.43,571.8
76.7,40.92,571.1
76.7,41.42,571.2
76.7,41.91,569.7
76.7,42.4,567.6
76.7,42.9,566.3
76.7,43.39,566.6
76.7,43.88,567
76.7,44.38,564.5
76.7,44.88,563.4
76.7,45.38,561.8
76.7,45.88,561.5
76.7,46.37,560.2
76.7,46.87,559.2
76.7,47.37,559
76.7,47.87,557.9
76.7,48.37,558.3
76.7,48.87,558.7
76.7,49.37,544.5
76.7,49.87,517.9
76.7,50.37,479.9
76.7,50.87,444.9
76.7,51.37,427
76.7,51.87,426.5
76.7,52.37,430.2
76.7,52.87,431.4
76.7,53.37,433.1
76.7,53.87,434.7
76.7,54.37,436.8
76.7,54.87,443.7
76.7,55.37,448.4
76.7,55.87,452.4
76.7,56.37,454.7
76.7,56.87,457.3
76.7,57.37,462.4
76.7,57.87,473.3
76.7,58.37,490.8
76.7,58.87,500.7
76.7,59.37,497.2
76.7,59.87,491.4
76.7,60.37,480.6
76.7,60.87,476.6
76.7,61.37,479.2
76.7,61.87,473.8
76.7,62.37,479.7
76.7,62.87,494
76.7,63.37,506.8
76.7,63.87,512.5
76.7,64.37,512.2
76.7,64.86,516.9
76.7,65.36,524.5
76.7,65.86,525.6
76.7,66.36,523.1
76.7,66.86,528.5
76.7,67.36,543.8
76.7,67.86,557.2
76.7,68.36,566.5
76.7,68.86,575.8
76.7,69.36,583.4
76.7,69.86,598
76.7,70.36,611.5
76.7,70.86,628.2
76.7,71.36,662.1
76.7,71.86,697.1
76.7,72.36,733.2
76.7,72.86,757.1
76.7,73.36,749.9
76.7,73.86,748.1
76.7,74.36,742
76.7,74.86,740.4
76.7,75.36,760.3
76.7,75.86,779.9
76.7,76.36,799.7
76.7,76.86,820.8
76.7,77.36,838.5
76.7,77.86,834.9
76.7,78.36,851.6
76.7,78.86,873.7
76.7,79.36,895
76.7,79.86,912.7
76.7,80.36,925.9
76.7,80.86,936.4
76.7,81.36,949.3
76.7,81.86,966.6
76.7,82.36,980.4
76.7,82.86,988.7
76.7,83.35,978.8
76.7,83.85,960.3
76.7,84.35,950
76.7,84.85,941.9
76.7,85.35,935.7
76.7,85.85,933.9
76.7,86.35,934.1
76.7,86.85,937.5
76.7,87.35,940.5
76.7,87.85,939.9
76.7,88.35,941.4
76.7,88.85,948.1
76.7,89.35,957.8
76.7,89.85,971.2
76.7,90.35,986.5
76.7,90.85,1007
76.7,91.35,1032.3
76.7,91.85,1064.6
76.7,92.35,1105.5
76.7,92.85,1177.8
76.7,93.35,1319.9
76.7,93.85,1500.8
76.7,94.35,1663
76.7,94.85,1829.4
76.7,95.35,1984.7
76.7,95.85,2132
76.7,96.35,2284
76.7,96.85,2444
76.7,97.35,2565.3
76.7,97.85,2665.3
76.7,98.35,2767.2
76.7,98.85,2830.4
76.7,99.35,2900.7
76.7,99.85,2989.7
76.7,100.34,3058.2
76.7,100.84,3156.3
76.7,101.34,3277.8
76.7,101.84,3436
76.7,102.34,3625.3
76.7,102.84,3738.1
76.7,103.34,3801.3
76.7,103.84,3816.4
76.7,104.34,3820.3
76.7,104.84,3826.3
76.7,105.34,3830.8
76.7,105.84,3834
76.7,106.34,3835.4
76.7,106.84,3837.1
76.7,107.34,3838.8
76.7,107.84,3840.9
76.7,108.34,3845.5
76.7,108.84,3848.1
76.7,109.34,3849
76.7,109.84,3850.2
76.7,110.34,3850.7
76.7,110.84,3852.1
76.7,111.34,3855.8
76.7,111.84,3858.6
76.7,112.34,3865.4
76.7,112.84,3870.6
76.7,113.34,3873.3
76.7,113.84,3875.2
76.7,114.34,3875.2
76.7,114.84,3876.2
76.7,115.34,3874.6
76.7,115.84,3868.8
76.7,116.34,3859
76.7,116.84,3845
76.7,117.34,3829.4
76.7,117.83,3813.6
76.7,118.33,3796.5
76.7,118.83,3779
76.7,119.33,3757.3
76.7,119.83,3740.3
76.7,120.33,3730.8
76.7,120.83,3727.1
76.7,121.33,3730.9
76.7,121.83,3737.8
76.7,122.33,3748
76.7,122.83,3757
76.7,123.33,3762.4
76.7,123.83,3763.9
76.7,124.33,3764.2
76.7,124.83,3762.5
76.7,125.33,3760.5
76.7,125.83,3759.7
76.7,126.33,3761.2
76.7,126.83,3755.8
76.7,127.33,3746.5
76.7,127.83,3752.2
76.7,128.33,3760.4
76.7,128.83,3798.4
76.7,129.33,3848.1
76.7,129.83,3882.5
76.7,130.33,3905
76.7,130.83,3911.2
76.7,131.33,3912.6
76.7,131.83,3919.4
76.7,132.33,3932.2
76.7,132.83,3944.9
76.7,133.33,3950.6
76.7,133.83,3950.7
76.7,134.33,3949.2
76.7,134.82,3949.7
76.7,135.32,3955.8
76.7,135.82,3961.4
76.7,136.32,3965.5
76.7,136.82,3970.7
76.7,137.32,3973.3
76.7,137.82,3974.7
76.7,138.32,3976.9
76.7,138.82,3978.8
76.7,139.32,3978.9
76.7,139.82,3975.6
76.7,140.32,3973.3
76.7,140.82,3979.3
76.7,141.32,3995
76.7,141.82,4008.2
76.7,142.32,4014.2
76.7,142.82,4018.8
76.7,143.32,4020.5
76.7,143.82,4021.5
76.7,144.32,4023.6
76.7,144.82,4027.4
76.7,145.32,4026.4
76.7,145.82,4025.9
76.7,146.32,4025.7
76.7,146.82,4024.4
76.7,147.32,4023.7
76.7,147.82,4024
76.7,148.32,4025
76.7,148.82,4024.6
76.7,149.32,4023.7
76.7,149.82,4022.3
76.7,150.32,4022.3
76.7,150.82,4023
76.7,151.32,4021.9
76.7,151.82,4022.4
76.7,152.31,4022.3
76.7,152.81,4022.5
76.7,153.31,4022.2
76.7,153.81,4021.8
76.7,154.31,4023.5
76.7,154.81,4026.9
76.7,155.31,4027.1
76.7,155.81,4026.1
76.7,156.31,4024.5
76.7,156.81,4022.1
76.7,157.31,4018.9
76.7,157.81,4014.1
76.7,158.31,4012.2
76.7,158.81,4015.9
76.7,159.31,4024.6
76.7,159.81,4034.8
76.7,160.31,4039.6
76.7,160.81,4032.5
76.7,161.31,4023.6
76.7,161.81,4037.3
76.7,162.31,4065.3
76.7,162.81,4094.9
76.7,163.31,4113.8
76.7,163.81,4125.9
76.7,164.31,4135.4
76.7,164.81,4139.3
76.7,165.31,4146
76.7,165.81,4154.4
76.7,166.31,4167.1
76.7,166.81,4182.1
76.7,167.31,4191
76.7,167.81,4192.4
76.7,168.31,4194.3
76.7,168.8,4197.3
76.7,169.3,4196.9
76.7,169.8,4196.8
76.7,170.3,4197.5
76.7,170.8,4197.4
76.7,171.3,4194.1
76.7,171.8,4188.9
76.7,172.3,4180.1
76.7,172.8,4177.7
76.7,173.3,4185.7
76.7,173.8,4188.6
76.7,174.3,4188.7
76.7,174.8,4188.2
76.7,175.3,4187.9
76.7,175.8,4186.9
76.7,176.3,4189
76.7,176.8,4194.1
76.7,177.3,4193.1
76.7,177.8,4190.2
76.7,178.3,4189.5
76.7,178.8,4195
76.7,179.3,4198.1
76.7,179.8,4185.7
76.7,180.3,4162.6
76.7,180.8,4135.5
76.7,181.3,4002.2
76.7,181.8,3958.7
76.7,182.3,3943.6
76.7,182.8,3930.4
76.7,183.3,3925.1
76.7,183.8,3927.9
76.7,184.3,3933.6
76.7,184.8,3940.4
76.7,185.3,3952
76.7,185.79,3968
76.7,186.29,3990.1
76.7,186.79,4012.7
76.7,187.29,4022.4
76.7,187.79,4030.5
76.7,188.29,4035.8
76.7,188.79,4040
76.7,189.29,4045.5
76.7,189.79,4049.5
76.7,190.29,4052.9
76.7,190.79,4057.2
76.7,191.29,4061.9
76.7,191.79,4063.7
76.7,192.29,4064.9
76.7,192.79,4065.3
76.7,193.29,4065.7
76.7,193.79,4064
76.7,194.29,4063.1
76.7,194.79,4059.9
76.7,195.29,4058.1
76.7,195.79,4057.9
76.7,196.29,4059.9
76.7,196.79,4060.6
76.7,197.29,4055.6
76.7,197.79,4051.2
76.7,198.29,4052.1
76.7,198.79,4060.8
76.7,199.29,4072.2
76.7,199.79,4080.4
76.7,200.29,4085.4
76.7,200.79,4090.6
76.7,201.29,4095.6
76.7,201.79,4097.5
76.7,202.29,4104
76.7,202.78,4114.7
76.7,203.28,4124.4
76.7,203.78,4131.2
76.7,204.28,4137.7
76.7,204.78,4143.4
76.7,205.28,4151.7
76.7,205.78,4153.4
76.7,206.28,4150.9
76.7,206.78,4151.5
76.7,207.28,4153
76.7,207.78,4153
76.7,208.28,4151.8
76.7,208.78,4151
76.7,209.28,4150.3
76.7,209.78,4152.6
76.7,210.28,4156.5
76.7,210.78,4159.3
76.7,211.28,4166.7
76.7,211.78,4169.9
76.7,212.28,4168.1
76.7,212.78,4166.9
76.7,213.28,4170.4
76.7,213.78,4178.1
76.7,214.28,4183.1
76.7,214.78,4184.3
76.7,215.28,4179.1
76.7,215.78,4163.7
76.7,216.28,4153.7
76.7,216.78,4158.6
76.7,217.28,4168
76.7,217.78,4173.3
76.7,218.28,4180.8
76.7,218.78,4190
76.7,219.27,4197.4
76.7,219.77,4208.1
76.7,220.27,4214.2
76.7,220.77,4213.4
76.7,221.27,4211.1
76.7,221.77,4207.2
76.7,222.27,4199.6
76.7,222.77,4190.5
76.7,223.27,4181
76.7,223.77,4194.5
76.7,224.27,4206.6
76.7,224.77,4210.6
76.7,225.27,4215.5
76.7,225.77,4216.7
76.7,226.27,4217.4
76.7,226.77,4218.3
76.7,227.27,4222.1
76.7,227.77,4226
76.7,228.27,4233.3
76.7,228.77,4237.8
76.7,229.27,4240
76.7,229.77,4244.3
76.7,230.27,4243.6
76.7,230.77,4240.9
76.7,231.27,4240.6
76.7,231.77,4238.1
76.7,232.27,4235
76.7,232.77,4231.4
76.7,233.27,4233.4
76.7,233.77,4237.2
76.7,234.27,4244.2
76.7,234.77,4253.6
76.7,235.27,4259.5
76.7,235.76,4264.6
76.7,236.26,4278.2
76.7,236.76,4284.4
76.7,237.26,4288
76.7,237.76,4288.8
76.7,238.26,4290.6
76.7,238.76,4295
76.7,239.26,4301.5
76.7,239.76,4306.3
76.7,240.26,4310.6
76.7,240.76,4314.4
76.7,241.26,4317.6
76.7,241.76,4319
76.7,242.26,4321.6
76.7,242.76,4324.4
76.7,243.26,4329
76.7,243.76,4332
76.7,244.26,4335
76.7,244.76,4339.5
76.7,245.26,4343.3
76.7,245.76,4347.6
76.7,246.26,4349.4
76.7,246.76,4352.5
76.7,247.26,4355.2
76.7,247.76,4353.2
76.7,248.26,4329.1
76.7,248.76,4281.6
76.7,249.26,4267.8
76.7,249.76,4283.2
76.7,250.26,4297.1
76.7,250.76,4318
76.7,251.26,4335.9
76.7,251.75,4352.4
76.7,252.25,4367.3
76.7,252.75,4377.6
76.7,253.25,4387.2
76.7,253.75,4390.8
76.7,254.25,4392.5
76.7,254.75,4395.3
76.7,255.25,4399.6
76.7,255.75,4401.8
76.7,256.25,4400.8
76.7,256.75,4405
76.7,257.25,4408.9
76.7,257.75,4409.5
76.7,258.25,4408.9
76.7,258.75,4409.9
76.7,259.25,4409.5
76.7,259.75,4400.8
76.7,260.25,4397.1
76.7,260.75,4402.2
76.7,261.25,4407.4
76.7,261.75,4407
76.7,262.25,4404.8
76.7,262.75,4403.9
76.7,263.25,4400.5
76.7,263.75,4390.1
76.7,264.25,4378.2
76.7,264.75,4383.9
76.7,265.25,4394.5
76.7,265.75,4401.9
76.7,266.25,4403.4
76.7,266.75,4405.4
76.7,267.24,4415
76.7,267.74,4425.8
76.7,268.24,4435.1
76.7,268.74,4435.5
76.7,269.24,4431.9
76.7,269.74,4425.6
76.7,270.24,4430.8
76.7,270.74,4444.6
76.7,271.24,4458.8
76.7,271.74,4472.3
76.7,272.24,4483.9
76.7,272.74,4485.7
76.7,273.24,4487.5
76.7,273.74,4487.5
76.7,274.24,4487.9
76.7,274.74,4488.4
76.7,275.24,4488.1
76.7,275.74,4487.6
76.7,276.24,4487
76.7,276.74,4486.7
76.7,277.24,4485
76.7,277.74,4484.7
76.7,278.24,4483
76.7,278.74,4481.5
76.7,279.24,4480.9
76.7,279.74,4478.8
76.7,280.24,4472.9
76.7,280.74,4464.4
76.7,281.24,4428.6
76.7,281.74,4404.4
76.7,282.24,4367.5
76.7,282.74,4318.1
76.7,283.23,4289.5
76.7,283.73,4267
76.7,284.23,4251.8
76.7,284.73,4243
76.7,285.23,4233.4
76.7,285.73,4215.8
76.7,286.23,4183.8
76.7,286.73,4156.8
76.7,287.23,4131.2
76.7,287.73,4108.9
76.7,288.23,4079.2
76.7,288.73,4038.7
76.7,289.23,4023.1
76.7,289.73,4009.9
76.7,290.23,4012.3
76.7,290.73,4025.9
76.7,291.23,4012.8
76.7,291.73,3998.2
76.7,292.23,4005.1
76.7,292.73,4022.8
76.7,293.23,4037.3
76.7,293.73,4069.7
76.7,294.23,4120.4
76.7,294.73,4209.9
76.7,295.23,4272.7
76.7,295.73,4322.2
76.7,296.23,4370
76.7,296.73,4407.8
76.7,297.23,4427.9
76.7,297.73,4420.9
76.7,298.23,4412.4
76.7,298.72,4415.5
76.7,299.22,4429.1
76.7,299.72,4433.2
76.7,300.22,4436.7
76.7,300.72,4424.7
76.7,301.22,4394.8
76.7,301.72,4373.6
76.7,302.22,4366.8
76.7,302.72,4354
76.7,303.22,4302.2
76.7,303.72,4233.9
76.7,304.22,4188.1
76.7,304.72,4203.8
76.7,305.22,4245.1
76.7,305.72,4243.5
76.7,306.22,4215.3
76.7,306.72,4220.4
76.7,307.22,4248.5
76.7,307.72,4250.2
76.7,308.22,4225.1
76.7,308.72,4207.1
76.7,309.22,4229.9
76.7,309.72,4261.3
76.7,310.22,4286.4
76.7,310.72,4314.9
76.7,311.22,4333.3
76.7,311.72,4332.2
76.7,312.22,4327
76.7,312.72,4321.1
76.7,313.22,4316.7
76.7,313.72,4330.1
76.7,314.21,4368.1
76.7,314.71,4388.7
76.7,315.21,4397.3
76.7,315.71,4410.1
76.7,316.21,4425.1
76.7,316.71,4438.7
76.7,317.21,4443
76.7,317.71,4435
76.7,318.21,4386.9
76.7,318.71,4305.1
76.7,319.21,4203.3
76.7,319.71,4148.6
76.7,320.21,4149.8
76.7,320.71,4170.7
76.7,321.21,4172.9
76.7,321.71,4126
76.7,322.21,4112
76.7,322.71,4207.7
76.7,323.21,4315
76.7,323.71,4361
76.7,324.21,4380.6
76.7,324.71,4404.2
76.7,325.21,4442.2
76.7,325.71,4503.5
76.7,326.21,4559.9
76.7,326.71,4602.2
76.7,327.21,4640.7
76.7,327.71,4653.8
76.7,328.21,4628.3
76.7,328.71,4588.5
76.7,329.2,4542.7
76.7,329.7,4475.5
76.7,330.2,4389.3
76.7,330.7,4299.7
76.7,331.2,4197.7
76.7,331.7,4150.1
76.7,332.2,4105.6
76.7,332.7,4057.2
76.7,333.2,4039
76.7,333.7,4047.2
76.7,334.2,4078.2
76.7,334.7,4083.9
76.7,335.2,4079.9
76.7,335.7,4087.1
76.7,336.2,4095
76.7,336.7,4091.9
76.7,337.2,4089.9
76.7,337.7,4113.9
76.7,338.2,4167.9
76.7,338.7,4216.9
76.7,339.2,4225.8
76.7,339.7,4221.1
76.7,340.2,4243.1
76.7,340.7,4304.4
76.7,341.2,4336.2
76.7,341.7,4337.3
76.7,342.2,4328.7
76.7,342.7,4315.1
76.7,343.2,4297.3
76.7,343.7,4262.5
76.7,344.19,4242.5
76.7,344.69,4235.3
76.7,345.19,4239.6
76.7,345.69,4241.7
76.7,346.19,4221.9
76.7,346.69,4169.2
76.7,347.19,4143.1
76.7,347.69,4146.6
76.7,348.19,4176.7
76.7,348.69,4166.9
76.7,349.19,4130.4
76.7,349.69,4134.9
76.7,350.19,4177.1
76.7,350.69,4196.4
76.7,351.19,4221.9
76.7,351.69,4247.5
76.7,352.19,4294.6
76.7,352.69,4337.4
76.7,353.19,4377.8
76.7,353.69,4405.9
76.7,354.19,4424.4
76.7,354.69,4427
76.7,355.19,4418.8
76.7,355.69,4398.5
76.7,356.19,4375.7
76.7,356.69,4341.5
76.7,357.19,4321.3
76.7,357.69,4323.7
76.7,358.19,4332.7
76.7,358.69,4363.6
76.7,359.18,4401.4
76.7,359.68,4407.1
76.7,360.18,4383.3
76.7,360.68,4352
76.7,361.18,4357.4
76.7,361.68,4368.4
76.7,362.18,4367.2
76.7,362.68,4349.7
76.7,363.18,4301.5
76.7,363.68,4214
76.7,364.18,4204
76.7,364.68,4237.4
76.7,365.18,4222.4
76.7,365.68,4186.4
76.7,366.18,4173.7
76.7,366.68,4161.2
76.7,367.18,4159.9
76.7,367.68,4157
76.7,368.18,4155.9
76.7,368.68,4173.2
76.7,369.18,4185
76.7,369.68,4177
76.7,370.18,4174
76.7,370.68,4195.1
76.7,371.18,4236.1
76.7,371.68,4297.7
76.7,372.18,4390.7
76.7,372.68,4423.8
76.7,373.18,4403.4
76.7,373.68,4428.3
76.7,374.17,4463.5
76.7,374.67,4499.4
76.7,375.17,4526.7
76.7,375.67,4545.1
76.7,376.17,4563.2
76.7,376.67,4590.3
76.7,377.17,4592.3
80,-3.7,0
80,-3.23,0
80,-2.77,0
80,-2.31,0
80,-1.85,0
80,-1.39,0
80,-0.92,11.5
80,-0.46,22
80,0,27.9
80,0.46,33.6
80,0.92,38.9
80,1.39,45.1
80,1.85,53.2
80,2.31,60.4
80,2.77,66.9
80,3.23,71.4
80,3.7,76.1
80,4.19,80.9
80,4.68,85.3
80,5.18,89.8
80,5.67,97.6
80,6.16,110.6
80,6.66,133.1
80,7.15,138.7
80,7.64,140.3
80,8.13,144.4
80,8.63,149.5
80,9.12,157.6
80,9.61,166.8
80,10.11,181
80,10.6,199.4
80,11.09,224.1
80,11.59,259
80,12.08,285
80,12.57,295.8
80,13.06,305.9
80,13.56,318
80,14.05,329.5
80,14.54,343.9
80,15.04,358.6
80,15.53,378
80,16.02,393.2
80,16.52,403.9
80,17.01,416.8
80,17.5,432.4
80,18,446.4
80,18.49,457.4
80,18.98,468.7
80,19.47,484.3
80,19.97,498.7
80,20.46,509.9
80,20.95,521
80,21.45,530.2
80,21.94,540.7
80,22.43,551.3
80,22.93,562.5
80,23.42,575.8
80,23.91,594.5
80,24.41,611.2
80,24.9,619.8
80,25.39,626.9
80,25.88,637.2
80,26.38,648.2
80,26.87,657.3
80,27.36,665.3
80,27.86,679.2
80,28.35,695.5
80,28.84,709
80,29.34,719.6
80,29.83,726.4
80,30.32,731.4
80,30.81,732.5
80,31.31,733.7
80,31.8,737.7
80,32.29,751
80,32.79,781.5
80,33.28,801.3
80,33.78,793.7
80,34.28,780
80,34.78,782
80,35.28,787.3
80,35.78,792.5
80,36.28,799.3
80,36.78,806.7
80,37.28,813.9
80,37.78,820.2
80,38.28,826.9
80,38.78,829
80,39.28,832.3
80,39.78,838.1
80,40.28,843.4
80,40.78,847.6
80,41.28,853.7
80,41.77,859.5
80,42.27,864.2
80,42.77,871.1
80,43.27,876.3
80,43.77,883.2
80,44.27,893.8
80,44.77,895.5
80,45.27,901.9
80,45.77,909.2
80,46.27,915.7
80,46.77,921.7
80,47.27,928.3
80,47.77,932.7
80,48.27,938.1
80,48.77,947.5
80,49.27,952.1
80,49.77,955.5
80,50.27,955.4
80,50.77,953.3
80,51.27,954.2
80,51.77,953.6
80,52.27,952.9
80,52.77,957.4
80,53.27,962
80,53.77,967.3
80,54.27,973.4
80,54.77,980.3
80,55.27,986.9
80,55.77,995.4
80,56.27,1005.8
80,56.77,1022.7
80,57.27,1038.4
80,57.77,1058.6
80,58.27,1104
80,58.76,1180.4
80,59.26,1270
80,59.76,1370.2
80,60.26,1460.4
80,60.76,1521.8
80,61.26,1647.7
80,61.76,1759.9
80,62.26,1825.8
80,62.76,1868.9
80,63.26,1898.3
80,63.76,1940.9
80,64.26,1980.9
80,64.76,1987.1
80,65.26,1978.2
80,65.76,1980.8
80,66.26,2000
80,66.76,2026
80,67.26,2052.5
80,67.76,2081
80,68.26,2117.6
80,68.76,2157.7
80,69.26,2162.4
80,69.76,2178.7
80,70.26,2204.2
80,70.76,2234.5
80,71.26,2262.4
80,71.76,2292.8
80,72.26,2316
80,72.76,2338.4
80,73.26,2361
80,73.76,2397.1
80,74.26,2436.3
80,74.76,2483.8
80,75.25,2523.1
80,75.75,2532.5
80,76.25,2561.1
80,76.75,2603.8
80,77.25,2623.4
80,77.75,2659.3
80,78.25,2702.7
80,78.75,2753.2
80,79.25,2799.9
80,79.75,2818.3
80,80.25,2860.7
80,80.75,2930.6
80,81.25,2961.8
80,81.75,3005.1
80,82.25,3048.3
80,82.75,3068.6
80,83.25,3071.9
80,83.75,3068.8
80,84.25,3069.4
80,84.75,3066.6
80,85.25,3069
80,85.75,3062.3
80,86.25,3069
80,86.75,3119.9
80,87.25,3195
80,87.75,3250.3
80,88.25,3265.1
80,88.75,3264.1
80,89.25,3260.2
80,89.75,3254.2
80,90.25,3249.1
80,90.75,3207.4
80,91.24,3149
80,91.74,3149.9
80,92.24,3132.9
80,92.74,3086.8
80,93.24,3026.4
80,93.74,2955.6
80,94.24,2965.8
80,94.74,3012.8
80,95.24,3057.6
80,95.74,3092.8
80,96.24,3128.4
80,96.74,3149.7
80,97.24,3183.6
80,97.74,3206.4
80,98.24,3206.8
80,98.74,3191.5
80,99.24,3169.3
80,99.74,3171
80,100.24,3190
80,100.74,3238.4
80,101.24,3255.1
80,101.74,3256.3
80,102.24,3255.9
80,102.74,3267.4
80,103.24,3282.8
80,103.74,3306.5
80,104.24,3326.7
80,104.74,3335.5
80,105.24,3337.5
80,105.74,3342
80,106.24,3352.2
80,106.74,3359.4
80,107.23,3368.1
80,107.73,3380.4
80,108.23,3391.2
80,108.73,3396
80,109.23,3403.9
80,109.73,3411.6
80,110.23,3417.2
80,110.73,3422.2
80,111.23,3424.8
80,111.73,3426.9
80,112.23,3431.2
80,112.73,3438.7
80,113.23,3448.5
80,113.73,3458.3
80,114.23,3464.8
80,114.73,3468.9
80,115.23,3474
80,115.73,3477.4
80,116.23,3476
80,116.73,3473.5
80,117.23,3473.1
80,117.73,3474.9
80,118.23,3478.9
80,118.73,3482.8
80,119.23,3486.1
80,119.73,3487
80,120.23,3488.6
80,120.73,3489
80,121.23,3489.5
80,121.73,3490.1
80,122.23,3491.3
80,122.73,3495.9
80,123.23,3503
80,123.72,3509.7
80,124.22,3513.8
80,124.72,3517.8
80,125.22,3517.5
80,125.72,3519.1
80,126.22,3519.1
80,126.72,3517.2
80,127.22,3514.9
80,127.72,3514
80,128.22,3513.2
80,128.72,3516.3
80,129.22,3524.5
80,129.72,3533.5
80,130.22,3540.3
80,130.72,3546.8
80,131.22,3555.8
80,131.72,3561.3
80,132.22,3562.9
80,132.72,3565.1
80,133.22,3566.6
80,133.72,3568.1
80,134.22,3573.1
80,134.72,3576.5
80,135.22,3577
80,135.72,3578.3
80,136.22,3579.6
80,136.72,3582.3
80,137.22,3582.7
80,137.72,3582
80,138.22,3582
80,138.72,3582.3
80,139.22,3581.9
80,139.71,3586.8
80,140.21,3593.5
80,140.71,3596
80,141.21,3601.2
80,141.71,3611.4
80,142.21,3619.9
80,142.71,3622.2
80,143.21,3627.7
80,143.71,3634.1
80,144.21,3636.9
80,144.71,3635.8
80,145.21,3635.4
80,145.71,3635.2
80,146.21,3635.8
80,146.71,3636.1
80,147.21,3638.6
80,147.71,3645.7
80,148.21,3658.3
80,148.71,3670.5
80,149.21,3684.4
80,149.71,3702.8
80,150.21,3717.4
80,150.71,3729.3
80,151.21,3735.2
80,151.71,3740.9
80,152.21,3746.1
80,152.71,3749.2
80,153.21,3751.9
80,153.71,3757
80,154.21,3760.9
80,154.71,3766.8
80,155.2,3773.2
80,155.7,3777.2
80,156.2,3778.4
80,156.7,3778.1
80,157.2,3775.6
80,157.7,3773.7
80,158.2,3770.2
80,158.7,3764.2
80,159.2,3753.1
80,159.7,3740.2
80,160.2,3732
80,160.7,3732
80,161.2,3738.1
80,161.7,3731.4
80,162.2,3724.6
80,162.7,3715.4
80,163.2,3715.4
80,163.7,3713.3
80,164.2,3720
80,164.7,3744.7
80,165.2,3781.3
80,165.7,3790.7
80,166.2,3794.4
80,166.7,3790.1
80,167.2,3792.5
80,167.7,3802.7
80,168.2,3812.2
80,168.7,3825
80,169.2,3837.4
80,169.7,3845
80,170.2,3854.2
80,170.69,3863.3
80,171.19,3868.8
80,171.69,3872.7
80,172.19,3879.8
80,172.69,3886.8
80,173.19,3895.9
80,173.69,3906.8
80,174.19,3911.1
80,174.69,3915
80,175.19,3917.5
80,175.69,3919
80,176.19,3919.4
80,176.69,3919.4
80,177.19,3920.5
80,177.69,3925.4
80,178.19,3932.4
80,178.69,3938.7
80,179.19,3942.7
80,179.69,3947.1
80,180.19,3952.9
80,180.69,3960.4
80,181.19,3973.9
80,181.69,3985
80,182.19,3990.2
80,182.69,3993.9
80,183.19,3996.8
80,183.69,3997
80,184.19,3993.5
80,184.69,3980.3
80,185.19,3959.3
80,185.69,3940.4
80,186.18,3932.9
80,186.68,3933.6
80,187.18,3938.7
80,187.68,3945.6
80,188.18,3953.3
80,188.68,3968.5
80,189.18,3992.5
80,189.68,4033.3
80,190.18,4067.5
80,190.68,4079.8
80,191.18,4083.9
80,191.68,4085.4
80,192.18,4082.3
80,192.68,4079
80,193.18,4078.3
80,193.68,4067.9
80,194.18,4054.5
80,194.68,4043.5
80,195.18,4035.1
80,195.68,4029.9
80,196.18,4031.5
80,196.68,4037.1
80,197.18,4050.7
80,197.68,4065.8
80,198.18,4063.5
80,198.68,4041.8
80,199.18,4012.4
80,199.68,3982.6
80,200.18,3969.3
80,200.68,3964.7
80,201.18,3960.8
80,201.67,3952.4
80,202.17,3944
80,202.67,3937.7
80,203.17,3931.6
80,203.67,3923.3
80,204.17,3917.5
80,204.67,3913.1
80,205.17,3912.6
80,205.67,3913.1
80,206.17,3916
80,206.67,3921.5
80,207.17,3921.6
80,207.67,3915.4
80,208.17,3916.3
80,208.67,3917.8
80,209.17,3919.6
80,209.67,3931.5
80,210.17,3940.4
80,210.67,3944
80,211.17,3944.6
80,211.67,3954.2
80,212.17,3963.6
80,212.67,3969.2
80,213.17,3975.7
80,213.67,3978.9
80,214.17,3976.6
80,214.67,3974
80,215.17,3969.6
80,215.67,3963
80,216.17,3958.2
80,216.66,3963.9
80,217.16,3977.1
80,217.66,3984
80,218.16,3991.8
80,218.66,3999
80,219.16,4006
80,219.66,4016.1
80,220.16,4029
80,220.66,4034.9
80,221.16,4034.4
80,221.66,4022.8
80,222.16,4004.6
80,222.66,3996.2
80,223.16,4006.3
80,223.66,4029.6
80,224.16,4061.9
80,224.66,4088.1
80,225.16,4108.7
80,225.66,4134
80,226.16,4150.7
80,226.66,4159.8
80,227.16,4170.2
80,227.66,4178.9
80,228.16,4181.7
80,228.66,4181
80,229.16,4179.5
80,229.66,4180.4
80,230.16,4182
80,230.66,4181.6
80,231.16,4190.3
80,231.65,4202.4
80,232.15,4213.7
80,232.65,4232.7
80,233.15,4251.7
80,233.65,4257.3
80,234.15,4234.4
80,234.65,4191.4
80,235.15,4169.1
80,235.65,4162.5
80,236.15,4165
80,236.65,4176.7
80,237.15,4194.1
80,237.65,4208.2
80,238.15,4216.6
80,238.65,4220.3
80,239.15,4225.1
80,239.65,4231.6
80,240.15,4239.3
80,240.65,4244.3
80,241.15,4249.1
80,241.65,4256.6
80,242.15,4260.1
80,242.65,4260.4
80,243.15,4254.2
80,243.65,4219.7
80,244.15,4176.1
80,244.65,4160.7
80,245.15,4159.4
80,245.65,4163.5
80,246.15,4149.5
80,246.64,4114.4
80,247.14,4106
80,247.64,4110.6
80,248.14,4115.7
80,248.64,4131.6
80,249.14,4148
80,249.64,4160
80,250.14,4170.1
80,250.64,4180.6
80,251.14,4187.8
80,251.64,4198.5
80,252.14,4218.5
80,252.64,4249.5
80,253.14,4276.1
80,253.64,4299.7
80,254.14,4315.9
80,254.64,4317.6
80,255.14,4307.1
80,255.64,4299.4
80,256.14,4298.5
80,256.64,4301.5
80,257.14,4296.6
80,257.64,4291.3
80,258.14,4283.6
80,258.64,4281.2
80,259.14,4286.6
80,259.64,4292.9
80,260.14,4295.7
80,260.64,4298.6
80,261.13,4304.1
80,261.63,4310.3
80,262.13,4314.3
80,262.63,4317
80,263.13,4317.9
80,263.63,4319.9
80,264.13,4324.1
80,264.63,4320.5
80,265.13,4319.7
80,265.63,4320.6
80,266.13,4316.6
80,266.63,4310.8
80,267.13,4319.1
80,267.63,4324
80,268.13,4319.3
80,268.63,4330.5
80,269.13,4360.9
80,269.63,4374.9
80,270.13,4363.8
80,270.63,4327.9
80,271.13,4306.6
80,271.63,4308.8
80,272.13,4309.2
80,272.63,4315.2
80,273.13,4313.4
80,273.63,4289.7
80,274.13,4265.5
80,274.63,4250.8
80,275.13,4249.1
80,275.63,4258.4
80,276.12,4256
80,276.62,4239.9
80,277.12,4231.5
80,277.62,4213.5
80,278.12,4194.9
80,278.62,4182.8
80,279.12,4177.7
80,279.62,4171
80,280.12,4167.3
80,280.62,4165.1
80,281.12,4159.5
80,281.62,4172.8
80,282.12,4186.9
80,282.62,4195
80,283.12,4195.7
80,283.62,4196.6
80,284.12,4201.1
80,284.62,4208.6
80,285.12,4224.5
80,285.62,4241.2
80,286.12,4234.5
80,286.62,4224.3
80,287.12,4218.8
80,287.62,4212.7
80,288.12,4209.6
80,288.62,4211.7
80,289.12,4210.8
80,289.62,4206.9
80,290.12,4222.9
80,290.62,4232
80,291.11,4232.5
80,291.61,4238.5
80,292.11,4241.7
80,292.61,4234.1
80,293.11,4225.3
80,293.61,4219.7
80,294.11,4221.3
80,294.61,4221.6
80,295.11,4218.1
80,295.61,4217.1
80,296.11,4221.2
80,296.61,4233.8
80,297.11,4257.5
80,297.61,4281.5
80,298.11,4297.9
80,298.61,4300.2
80,299.11,4284
80,299.61,4257.9
80,300.11,4241
80,300.61,4248.4
80,301.11,4264.8
80,301.61,4278
80,302.11,4282
80,302.61,4267
80,303.11,4253.3
80,303.61,4248.8
80,304.11,4258.5
80,304.61,4273.8
80,305.1,4283.8
80,305.6,4281.2
80,306.1,4265.8
80,306.6,4252.1
80,307.1,4238.2
80,307.6,4234.9
80,308.1,4241.3
80,308.6,4242.2
80,309.1,4244.3
80,309.6,4257
80,310.1,4270.1
80,310.6,4273.5
80,311.1,4268.3
80,311.6,4273.3
80,312.1,4281
80,312.6,4277
80,313.1,4269.5
80,313.6,4261.4
80,314.1,4247.5
80,314.6,4244.6
80,315.1,4251.6
80,315.6,4253.2
80,316.1,4270.2
80,316.6,4305.1
80,317.1,4339.6
80,317.6,4350.3
80,318.1,4346.6
80,318.6,4343.9
80,319.09,4344.9
80,319.59,4347.4
80,320.09,4353.3
80,320.59,4361.6
80,321.09,4372.2
80,321.59,4382.9
80,322.09,4383.8
80,322.59,4378.1
80,323.09,4364.1
80,323.59,4340.1
80,324.09,4313.1
80,324.59,4287.2
80,325.09,4274
80,325.59,4267.5
80,326.09,4268.2
80,326.59,4263.4
80,327.09,4255.6
80,327.59,4248.5
80,328.09,4245.4
80,328.59,4255.6
80,329.09,4272
80,329.59,4270.8
80,330.09,4223.9
80,330.59,4150.5
80,331.09,4140
80,331.59,4126.2
80,332.09,4037.1
80,332.58,3929.6
80,333.08,3804.1
80,333.58,3613.1
80,334.08,3472.9
80,334.58,3450.5
80,335.08,3462.7
80,335.58,3478.3
80,336.08,3537.6
80,336.58,3744.3
80,337.08,3941.5
80,337.58,4063.5
80,338.08,4150.7
80,338.58,4216.1
80,339.08,4246.2
80,339.58,4286.5
80,340.08,4324.2
80,340.58,4350.6
80,341.08,4355.4
80,341.58,4354.4
80,342.08,4364.2
80,342.58,4395.6
80,343.08,4430.3
80,343.58,4448.2
80,344.08,4434.7
80,344.58,4319
80,345.08,4266.2
80,345.58,4268.8
80,346.08,4278.8
80,346.57,4292.8
80,347.07,4310.2
80,347.57,4351.2
80,348.07,4377.5
80,348.57,4391
80,349.07,4401.7
80,349.57,4407.1
80,350.07,4414
80,350.57,4405.2
80,351.07,4383.1
80,351.57,4378
80,352.07,4394.7
80,352.57,4410.4
80,353.07,4369.3
80,353.57,4346.9
80,354.07,4347.9
80,354.57,4346.4
80,355.07,4326.9
80,355.57,4307.3
80,356.07,4337.4
80,356.57,4392.3
80,357.07,4434.5
80,357.57,4442.1
80,358.07,4426.2
80,358.57,4402.7
80,359.07,4395.9
80,359.57,4416.8
80,360.07,4468
80,360.56,4509.5
80,361.06,4532.2
80,361.56,4470.6
80,362.06,4398.1
80,362.56,4374.3
80,363.06,4372.8
80,363.56,4375
80,364.06,4390
80,364.56,4400.1
80,365.06,4408.3
80,365.56,4412.9
80,366.06,4386.7
80,366.56,4348.7
80,367.06,4347.7
80,367.56,4381.7
80,368.06,4394.3
80,368.56,4332.9
80,369.06,4243
80,369.56,4215.7
80,370.06,4208.3
80,370.57,4199.2
80,371.07,4193.5
80,371.57,4187.1
80,372.07,4194
80,372.57,4219
80,373.07,4243.6
80,373.57,4262.6
80,374.07,4290.1
80,374.57,4440.1
80,375.07,4471.2
80,375.57,4449.2
80,376.07,4435
80,376.57,4425.4
80,377.07,4431.7
80,377.57,4474.9
80,378.07,4514.1
80,378.57,4461.4
80,379.07,4366.5
80,379.57,4343.8
80,380.07,4354.7
80,380.57,4383.2
80,381.08,4399.8
80,381.58,4396.7
80,382.08,4394.4
80,382.58,4384.3
80,383.08,4361.9
80,383.58,4352.1
80,384.08,4427.1
80,384.58,4537.6
80,385.08,4569.6
80,385.58,4564.4
80,386.08,4551.5
80,386.58,4517.3
80,387.08,4484.2
80,387.58,4473.7
80,388.08,4466.6
80,388.58,4467.3
80,389.08,4479.2
80,389.58,4453.2
80,390.08,4375.2
80,390.58,4308.2
80,391.09,4273
80,391.59,4270.3
80,392.09,4285.1
80,392.59,4306.8
80,393.09,4337.2
80,393.59,4390.6
80,394.09,4430.9
80,394.59,4393.6
80,395.09,4314.3
80,395.59,4284.3
80,396.09,4290.4
80,396.59,4320.5
80,397.09,4372.7
80,397.59,4404
80,398.09,4392.4
80,398.59,4373
80,399.09,4351
80,399.59,4355
80,400.09,4401
80,400.59,4428.6
80,401.09,4421
80,401.6,4396.4
80,402.1,4418
80,402.6,4476.2
80,403.1,4516.2
80,403.6,4495.2
80,404.1,4437.2
80,404.6,4376.5
80,405.1,4335.9
80,405.6,4351.1
80,406.1,4373.3
80,406.6,4392
80,407.1,4404.1
80,407.6,4399.8
80,408.1,4396.1
80,408.6,4404.3
80,409.1,4419.8
80,409.6,4430.5
80,410.1,4432.8
80,410.6,4451.1
80,411.1,4456.5
80,411.6,4452.8
80,412.11,4429.2
80,412.61,4399.7
80,413.11,4384.8
80,413.61,4412.9
80,414.11,4442.9
80,414.61,4449.7
80,415.11,4501.2
80,415.61,4561.8
80,416.11,4574.2
80,416.61,4533.5
80,417.11,4476.8
80,417.61,4436.9
80,418.11,4401.3
80,418.61,4383.9
80,419.11,4402.6
80,419.61,4446.6
80,420.11,4453.6
80,420.61,4429.2
80,421.11,4412.7
80,421.61,4416.7
80,422.12,4427.3
80,422.62,4440.9
80,423.12,4447.4
80,423.62,4443.6
80,424.12,4435
80,424.62,4434.8
80,425.12,4413.2
80,425.62,4401.6
80,426.12,4408.3
80,426.62,4417
80,427.12,4409.6
80,427.62,4355.5
80,428.12,4344.8
80,428.62,4364.9
80,429.12,4356.5
80,429.62,4348
80,430.12,4354.2
80,430.62,4353.2
80,431.12,4364.5
80,431.62,4414.3
80,432.12,4448.9
80,432.63,4458
80,433.13,4462.1
80,433.63,4467.7
80,434.13,4470.8
80,434.63,4469.2
80,435.13,4460
80,435.63,4468.3
80,436.13,4488.5
80,436.63,4491
80,437.13,4499.8
80,437.63,4494.6
80,438.13,4463.5
80,438.63,4392.5
80,439.13,4347.8
80,439.63,4353
80,440.13,4357.9
80,440.63,4368.5
80,441.13,4407.7
80,441.63,4423.4
80,442.13,4417.5
80,442.63,4409.2
80,443.14,4398.9
80,443.64,4377.5
80,444.14,4291.2
80,444.64,4244.6
80,445.14,4237.2
80,445.64,4237.6
80,446.14,4247.3
80,446.64,4259
80,447.14,4267.7
80,447.64,4275.3
80,448.14,4287.7
80,448.64,4333.4
80,449.14,4380.6
80,449.64,4434.4
80,450.14,4468.5
80,450.64,4501.5
80,451.14,4509
80,451.64,4505.2
80,452.14,4502
80,452.64,4499.3
80,453.14,4492
80,453.65,4481.6
80,454.15,4472.1
80,454.65,4465.7
80,455.15,4457.6
80,455.65,4448.3
80,456.15,4439.5
80,456.65,4430.3
80,457.15,4419.6
80,457.65,4409
80,458.15,4398.3
80,458.65,4388.5
80,459.15,4378.9
80,459.65,4370.4
80,460.15,4361.2
80,460.65,4350.6
80,461.15,4338.6
80,461.65,4329
80,462.15,4322.8
80,462.65,4320.6
80,463.15,4321.8
80,463.66,4323.5
80,464.16,4323.9
80,464.66,4322.4
80,465.16,4322.9
80,465.66,4329.1
80,466.16,4339.5
80,466.66,4351.8
80,467.16,4364.3
80,467.66,4370.7
80,468.16,4371.8
80,468.66,4362.6
80,469.16,4341.5
80,469.66,4321.3
80,470.16,4302.8
80,470.66,4283.9
80,471.16,4263.2
80,471.66,4241.4
80,472.16,4220.1
80,472.66,4200.4
80,473.16,4186.2
80,473.66,4178.2
80,474.17,4174.4
80,474.67,4168.2
80,475.17,4159.4
80,475.67,4151.4
80,476.17,4149.3
80,476.67,4169.9
80,477.17,4198.8
80,477.67,4220
80,478.17,4227.3
80,478.67,4233.8
80,479.17,4243.1
80,479.67,4257
80,480.17,4276.3
80,480.67,4299.4
80,481.17,4324.3
80,481.67,4350.2
80,482.17,4373.2
80,482.67,4394.8
80,483.17,4414.7
80,483.67,4434.2
80,484.17,4451.7
80,484.68,4468.2
80,485.18,4475.2
80,485.68,4474.1
80,486.18,4464.7
80,486.68,4445.2
80,487.18,4411.8
80,487.68,4355.8
80,488.18,4298.7
80,488.68,4261.1
80,489.18,4258.3
80,489.68,4273.3
80,490.18,4288.5
80,490.68,4305.9
80,491.18,4322.5
80,491.68,4334.4
80,492.18,4341
80,492.68,4344
80,493.18,4345.7
80,493.68,4348.2
80,494.18,4352.5
80,494.68,4357.6
80,495.19,4360.4
80,495.69,4363.3
80,496.19,4351.7
80,496.69,4340.7
80,497.19,4332.6
80,497.69,4328.6
80,498.19,4327.3
80,498.69,4325.4
80,499.19,4321.5
80,499.69,4317.8
80,500.19,4313.8
80,500.69,4309
80,501.19,4304.1
80,501.69,4300.2
80,502.19,4296.3
80,502.69,4292
80,503.19,4287.2
80,503.69,4283.9
80,504.19,4282.9
80,504.69,4283.5
80,505.2,4283.9
80,505.7,4283.6
80,506.2,4282.1
80,506.7,4278.8
80,507.2,4277.4
80,507.7,4281.2
80,508.2,4289.8
80,508.7,4301.7
80,509.2,4314.8
80,509.7,4328
80,510.2,4341.8
80,510.7,4352.9
80,511.2,4358.9
80,511.7,4359.4
80,512.2,4360.5
80,512.7,4370.7
80,513.2,4384.1
80,513.7,4398.6
80,514.2,4410.6
80,514.7,4403.8
80,515.2,4392
80,515.71,4385.2
80,516.21,4385.9
80,516.71,4390
80,517.21,4394
80,517.71,4395.1
80,518.21,4395.2
80,518.71,4391.7
80,519.21,4386.7
80,519.71,4385.6
80,520.21,4389.6
80,520.71,4397.8
80,521.21,4403.8
80,521.71,4407.9
80,522.21,4413.6
80,522.71,4429.4
80,523.21,4428.6
80,523.71,4452.2
80,524.21,4492.8
80,524.71,4490
80,525.21,4453.5
80,525.71,4427.3
80,526.22,4424.3
80,526.72,4425.1
80,527.22,4423.2
80,527.72,4413.6
80,528.22,4398.1
80,528.72,4375.1
80,529.22,4358.6
80,529.72,4362.5
80,530.22,4393.1
80,530.72,4429.4
80,531.22,4492.8
80,531.72,4781.9
80,532.22,4638.7
80,532.72,4532.5
80,533.22,4520.7
80,533.72,4521.9
80,534.22,4535.5
80,534.72,4556.5
80,535.22,4580.5
80,535.72,4601.7
80,536.22,4609.5
80,536.73,4617.5
80,537.23,4627
80,537.73,4588.9
80,538.23,4546.2
80,538.73,4509.8
80,539.23,4476.8
80,539.73,4442.9
80,540.23,4423.4
80,540.73,4379.3
80,541.23,4309.9
80,541.73,4290.5
80,542.23,4270.4
80,542.73,4219.4
80,543.23,4194.9
80,543.73,4182.8
80,544.23,4139.2
80,544.73,4107.2
80,545.23,4034.3
80,545.73,3982.7
80,546.23,3969.8
80,546.74,4044.5
80,547.24,4120.4
80,547.74,4141.4
80,548.24,4144.7
80,548.74,4172
80,549.24,4209.8
80,549.74,4247
80,550.24,4291.8
80,550.74,4316.7
80,551.24,4329.1
80,551.74,4344.8
80,552.24,4368.7
80,552.74,4392.7
80,553.24,4409.1
80,553.74,4411.9
80,554.24,4419.6
80,554.74,4440.2
80,555.24,4448.3
80,555.74,4451.1
80,556.24,4463.9
80,556.74,4473.9
80,557.25,4456.6
80,557.75,4430.2
80,558.25,4429.4
80,558.75,4448.1
80,559.25,4455
80,559.75,4413.9
80,560.25,4356
80,560.75,4321.8
80,561.25,4300
80,561.75,4288.3
80,562.25,4277.2
80,562.75,4275.2
80,563.25,4275.4
80,563.75,4277.4
80,564.25,4271.2
80,564.75,4256.8
80,565.25,4250.5
80,565.75,4259.4
80,566.25,4249.6
80,566.75,4263.8
80,567.25,4278
80,567.76,4277.9
80,568.26,4279.1
80,568.76,4263.2
80,569.26,4252.8
80,569.76,4250
80,570.26,4255.2
80,570.76,4252.1
80,571.26,4230.8
80,571.76,4230.1
80,572.26,4215.4
80,572.76,4215.7
80,573.26,4230.9
80,573.76,4240.1
80,574.26,4239.8
80,574.76,4222
80,575.26,4197.7
80,575.76,4182.9
80,576.26,4178.4
80,576.76,4196
80,577.26,4223.2
80,577.76,4235.5
80,578.27,4242.1
80,578.77,4249.2
80,579.27,4256
80,579.77,4254.9
80,580.27,4245.6
80,580.77,4242.1
80,581.27,4238.7
80,581.77,4227.7
80,582.27,4215.6
80,582.77,4201.2
80,583.27,4205.1
80,583.77,4210.1
80,584.27,4214.6
80,584.77,4223.5
80,585.27,4214.9
80,585.77,4209
80,586.27,4214.8
80,586.77,4208.5
80,587.27,4200.3
80,587.77,4201
80,588.28,4209.2
80,588.78,4208.7
80,589.28,4203.6
80,589.78,4197.8
80,590.28,4196
80,590.78,4201
80,591.28,4208.6
80,591.78,4213.7
80,592.28,4219.8
80,592.78,4231.1
80,593.28,4238.7
80,593.78,4242.9
80,594.28,4229.1
80,594.78,4194
80,595.28,4191.5
80,595.78,4225.8
80,596.28,4247.2
80,596.78,4262.4
80,597.28,4262.7
80,597.78,4242.8
80,598.28,4158.5
80,598.79,4144.9
80,599.29,4212.9
80,599.79,4237.4
80,600.29,4251
80,600.79,4235
80,601.29,4186.5
80,601.79,4111.4
80,602.29,3999.8
80,602.79,3870
80,603.29,3787.1
80,603.79,3752.4
80,604.29,3771.8
80,604.79,3805.8
80,605.29,3805.3
80,605.79,3819.6
80,606.29,3779.6
80,606.79,3766.8
80,607.29,3809.5
80,607.79,3883.2
80,608.29,3933.5
80,608.79,3942.2
80,609.3,3952.8
80,609.8,3979.5
80,610.3,3975.5
80,610.8,3923.2
80,611.3,3809.9
80,611.8,3711.4
80,612.3,3635.5
80,612.8,3600.6
80,613.3,3601.8
80,613.8,3606
80,614.3,3621.5
80,614.8,3630.1
80,615.3,3595.3
80,615.8,3560.2
80,616.3,3547
80,616.8,3585.9
80,617.3,3612.1
80,617.8,3581.7
80,618.3,3596
80,618.8,3657.8
80,619.31,3745.3
80,619.81,3801.2
80,620.31,3824.8
80,620.81,3848.1
80,621.31,3875.7
80,621.81,3916.1
80,622.31,3981.4
80,622.81,4030.2
80,623.31,4049.2
80,623.81,4063.6
80,624.31,4074.4
80,624.81,4096.6
80,625.31,4153.8
80,625.81,4173.6
80,626.31,4161.4
80,626.81,4133.1
80,627.31,4082.5
80,627.81,4019.7
80,628.31,4066.3
80,628.81,4156.2
80,629.31,4204.6
80,629.82,4223
80,630.32,4191.4
80,630.82,4139
80,631.32,4040.3
80,631.82,3957
80,632.32,3802.7
80,632.82,3671.3
80,633.32,3623.6
80,633.82,3717.9
80,634.32,3872.8
80,634.82,4020.7
80,635.32,4103.8
80,635.82,4098.2
80,636.32,4094
80,636.82,4109.3
80,637.32,4172.7
80,637.82,4283.3
80,638.32,4357.4
80,638.82,4398.4
80,639.32,4425.7
80,639.82,4452.5
80,640.33,4461.3
80,640.83,4461.8
80,641.33,4456.1
80,641.83,4421.1
80,642.33,4376.2
80,642.83,4337
80,643.33,4303.2
80,643.83,4271.5
80,644.33,4241
80,644.83,4212.1
80,645.33,4185.4
80,645.83,4157.4
80,646.33,4130.8
80,646.83,4106.4
80,647.33,4084.4
80,647.83,4069.2
80,648.33,4064.4
80,648.83,4068.5
80,649.33,4070.9
80,649.83,4060.2
80,650.33,4043.1
80,650.84,4024.4
80,651.34,4004.8
80,651.84,3980.9
80,652.34,3956.3
80,652.84,3931.5
80,653.34,3907.9
80,653.84,3885.6
80,654.34,3866.4
80,654.84,3847.4
80,655.34,3830.3
80,655.84,3815.8
80,656.34,3800.9
80,656.84,3784.7
80,657.34,3767.7
80,657.84,3749.7
80,658.34,3731.1
80,658.84,3709.7
80,659.34,3687.2
80,659.84,3662.1
80,660.34,3636.6
80,660.85,3612.5
80,661.35,3587.6
80,661.85,3561.5
80,662.35,3537.1
80,662.85,3512.2
80,663.34,3488.6
80,663.84,3465
80,664.34,3441.3
80,664.84,3417.3
80,665.34,3394.2
80,665.84,3371
80,666.34,3349.5
80,666.84,3328.1
80,667.34,3305.7
80,667.84,3280.4
80,668.34,3252.1
80,668.84,3221.7
80,669.34,3190.6
80,669.84,3166.1
80,670.34,3146.7
80,670.84,3128
80,671.34,3109.7
80,671.84,3093.9
80,672.34,3081.6
80,672.84,3068.6
80,673.34,3055.5
80,673.84,3040.8
80,674.34,3025.9
80,674.84,3010.5
80,675.33,2996.9
80,675.83,2981.4
80,676.33,2965.9
80,676.83,2951
80,677.33,2936.2
80,677.83,2922.5
80,678.33,2909.5
80,678.83,2897
80,679.33,2884.3
80,679.83,2872.6
80,680.33,2861
80,680.83,2852.3
80,681.33,2845.6
80,681.83,2842.1
80,682.33,2841
80,682.83,2844
80,683.33,2851.9
80,683.83,2860.9
80,684.33,2872
80,684.83,2883
80,685.33,2892.4
80,685.83,2896.7
80,686.33,2894
80,686.83,2880.7
80,687.32,2860.5
80,687.82,2836.7
80,688.32,2815.8
80,688.82,2802.7
80,689.32,2796.8
80,689.82,2786.1
80,690.32,2752.3
80,690.82,2683.7
80,691.32,2642.8
80,691.82,2693.9
80,692.32,2742
80,692.82,2884.4
80,693.32,2964.5
80,693.82,3019.6
80,694.32,3055.8
80,694.82,3078.1
80,695.32,3092.7
80,695.82,3104.1
80,696.32,3118.3
80,696.82,3132.2
80,697.32,3141.9
80,697.82,3151.6
80,698.32,3163
80,698.82,3181
80,699.32,3204.9
80,699.81,3234.5
80,700.31,3267.3
80,700.81,3300.2
80,701.31,3333.5
80,701.81,3367
80,702.31,3400.4
80,702.81,3433.3
80,703.31,3466.4
80,703.81,3499.8
80,704.31,3532.3
80,704.81,3564.5
80,705.31,3597.1
80,705.81,3628.4
80,706.31,3659.9
80,706.81,3688.5
80,707.31,3714.3
80,707.81,3738.3
80,708.31,3755.4
80,708.81,3769.2
80,709.31,3779.1
80,709.81,3781.3
80,710.31,3775.9
80,710.81,3763.1
80,711.31,3747.4
80,711.8,3736.6
80,712.3,3731.6
80,712.8,3734.1
80,713.3,3739.1
80,713.8,3750.3
80,714.3,3769
80,714.8,3791.7
80,715.3,3817
80,715.8,3846.5
80,716.3,3877
80,716.8,3906.5
80,717.3,3932.2
80,717.8,3953.8
80,718.3,3973.5
80,718.8,3990.6
80,719.3,4004.8
80,719.8,4017.2
80,720.3,4029.7
80,720.8,4039.9
80,721.3,4049.3
80,721.8,4058.8
80,722.3,4068.9
80,722.8,4082.5
80,723.3,4100
80,723.79,4119.8
80,724.29,4139.5
80,724.79,4157.7
80,725.29,4177.1
80,725.79,4198.7
80,726.29,4222.2
80,726.79,4245.6
80,727.29,4242.8
80,727.79,4214.5
80,728.29,4197.5
80,728.79,4185.5
80,729.29,4177.5
80,729.79,4173
80,730.29,4173
80,730.79,4177.1
80,731.29,4183.7
80,731.79,4191.7
80,732.29,4201.4
80,732.79,4211.7
80,733.29,4221.1
80,733.79,4232.2
80,734.29,4244
80,734.79,4256.9
80,735.29,4269.3
80,735.79,4278.7
80,736.28,4283
80,736.78,4287.2
80,737.28,4289.1
80,737.78,4284.1
80,738.28,4272.5
80,738.78,4266.6
80,739.28,4252.8
80,739.78,4233.6
80,740.28,4246.7
80,740.78,4289.9
80,741.28,4314.6
80,741.78,4317.7
80,742.28,4315.5
80,742.78,4311.9
80,743.28,4301.5
80,743.78,4299.9
80,744.28,4311.7
80,744.78,4321.7
80,745.28,4329.7
80,745.78,4341.2
80,746.28,4345
80,746.78,4334
80,747.28,4288.1
80,747.78,4181.8
80,748.27,4120.7
80,748.77,4102.8
80,749.27,4079.6
80,749.77,4014.4
80,750.27,3948.8
80,750.77,3946.6
80,751.27,3972.2
80,751.77,3967.3
80,752.27,3982.5
80,752.77,4068.5
80,753.27,4146
80,753.77,4177.2
80,754.27,4201.3
80,754.77,4206.9
80,755.27,4210.7
80,755.77,4208.7
80,756.27,4174.6
80,756.77,4153.2
80,757.27,4191.8
80,757.77,4229.9
80,758.27,4222.8
80,758.77,4197.3
80,759.27,4193.3
80,759.77,4212.1
80,760.26,4225.4
80,760.76,4230.6
80,761.26,4234.4
80,761.76,4232.2
80,762.26,4224
80,762.76,4217.1
80,763.26,4216
80,763.76,4214.7
80,764.26,4207.8
80,764.76,4205
80,765.26,4203.5
80,765.76,4210.2
80,766.26,4212.3
80,766.76,4208.2
80,767.26,4208
80,767.76,4207.3
80,768.26,4202
80,768.76,4192.1
80,769.26,4182.8
80,769.76,4181.9
80,770.26,4180.4
80,770.76,4169
80,771.26,4156
80,771.76,4148.3
80,772.25,4131.3
80,772.75,4114.3
80,773.25,4107.1
80,773.75,4111.8
80,774.25,4124.6
80,774.75,4142.7
80,775.25,4156.2
80,775.75,4165.8
80,776.25,4191.2
80,776.75,4203.4
80,777.25,4207.1
80,777.75,4209.8
80,778.25,4221.9
80,778.75,4238.4
80,779.25,4249.8
80,779.75,4252.5
80,780.25,4251.9
80,780.75,4250.4
80,781.25,4250.9
80,781.75,4247.4
80,782.25,4228.3
80,782.75,4203
80,783.25,4189.5
80,783.75,4207.4
80,784.25,4237.9
80,784.74,4269.5
80,785.24,4289
80,785.74,4293.9
80,786.24,4290.6
80,786.74,4283.5
80,787.24,4275.7
80,787.74,4266.5
80,788.24,4252.7
80,788.74,4233
80,789.24,4205.8
80,789.74,4176.1
80,790.24,4146.9
80,790.74,4115.8
80,791.24,4077.4
80,791.74,4037.4
80,792.24,4001.8
80,792.74,3970
80,793.24,3945.7
80,793.74,3914.1
80,794.24,3908.8
80,794.74,3939
80,795.24,3981.6
80,795.74,4040.7
80,796.24,4088.6
80,796.73,4141.5
80,797.23,4179.3
80,797.73,4177.4
80,798.23,4175.4
80,798.73,4181
80,799.23,4189.5
80,799.73,4196.6
80,800.23,4207.1
80,800.73,4219.8
80,801.23,4255.9
80,801.73,4331.9
80,802.23,4379.1
80,802.73,4391.9
80,803.23,4400.4
80,803.73,4409.2
80,804.23,4418.4
80,804.73,4426.1
80,805.23,4425.6
80,805.73,4417.5
80,806.23,4414.7
80,806.73,4390.1
80,807.23,4336.7
80,807.73,4273.1
80,808.23,4203.6
80,808.72,4160.4
80,809.22,4146
80,809.72,4148.3
80,810.22,4150.2
80,810.72,4142.3
80,811.22,4139.2
80,811.72,4126.6
80,812.22,4072.4
80,812.72,4005.5
80,813.22,3970.9
80,813.72,3999.5
80,814.22,4039
80,814.72,4074.8
80,815.22,4124
80,815.72,4182.9
80,816.22,4225.7
80,816.72,4290.7
80,817.22,4344.5
80,817.72,4368.2
80,818.22,4374.9
80,818.72,4388.8
80,819.22,4374.8
80,819.72,4335.4
80,820.21,4306.8
80,820.71,4266.7
80,821.21,4240.4
80,821.71,4243.9
80,822.21,4236.2
80,822.71,4196.1
80,823.21,4193.2
80,823.71,4273
80,824.21,4327.4
80,824.71,4358.9
80,825.21,4380.3
80,825.71,4397.9
80,826.21,4410.5
80,826.71,4419.4
80,827.21,4424.5
80,827.71,4424.7
80,828.21,4423.8
80,828.71,4422.5
80,829.21,4420.2
80,829.71,4416.7
80,830.21,4412.5
80,830.71,4410.1
80,831.21,4407.6
80,831.7,4406.6
80,832.2,4406.2
80,832.7,4406.8
80,833.2,4407.9
80,833.7,4409.4
80,834.2,4411.7
80,834.7,4417.4
80,835.2,4425
80,835.7,4434.4
80,836.2,4444.7
80,836.7,4453.4
80,837.2,4457
80,837.7,4458.2
80,838.2,4461.2
80,838.7,4463.4
80,839.2,4466.2
80,839.7,4471.6
80,840.2,4476.7
80,840.7,4481.7
80,841.2,4485.3
80,841.7,4488.3
80,842.2,4493.1
80,842.7,4499.5
80,843.2,4506.2
80,843.69,4512.1
80,844.19,4513.9
80,844.69,4514.4
80,845.19,4512.6
80,845.69,4509.5
80,846.19,4505.6
80,846.69,4500.9
80,847.19,4496.3
80,847.69,4493
80,848.19,4490.8
80,848.69,4490.1
80,849.19,4491.1
80,849.69,4493.2
80,850.19,4495.9
80,850.69,4499.2
80,851.19,4503.3
80,851.69,4508.1
80,852.19,4513
80,852.69,4517.1
80,853.19,4520.1
80,853.69,4521.4
80,854.19,4520
80,854.69,4518.1
80,855.18,4514.5
80,855.68,4510.9
80,856.18,4507
80,856.68,4502.7
80,857.18,4497.6
80,857.68,4492.2
80,858.18,4487.4
80,858.68,4483.4
80,859.18,4479
80,859.68,4473.8
80,860.18,4470
80,860.68,4466.3
80,861.18,4463.3
80,861.68,4461.4
80,862.18,4461
80,862.68,4460.1
80,863.18,4460.9
80,863.68,4461.5
80,864.18,4462.1
80,864.68,4463
80,865.18,4463.1
80,865.68,4463.6
80,866.18,4464
80,866.67,4464.9
80,867.17,4466.3
80,867.67,4467.6
80,868.17,4468
80,868.67,4468.1
80,869.17,4467.7
80,869.67,4466.1
80,870.17,4464
80,870.67,4461.8
80,871.17,4459.1
80,871.67,4456.1
80,872.17,4452.4
80,872.67,4448.5
80,873.17,4443.8
80,873.67,4438.5
80,874.17,4432.7
80,874.67,4426.7
80,875.17,4420.8
80,875.67,4414
80,876.17,4404.8
80,876.67,4394.4
80,877.17,4384.2
80,877.67,4375.4
80,878.16,4367.5
80,878.66,4361.6
80,879.16,4359.9
80,879.66,4361.1
80,880.16,4363.2
80,880.66,4366.3
80,881.16,4370.4
80,881.66,4374.6
80,882.16,4379.5
80,882.66,4386.9
80,883.16,4398.6
80,883.66,4412.2
80,884.16,4426.6
80,884.66,4441.2
80,885.16,4455.5
80,885.66,4469.3
80,886.16,4482.6
80,886.66,4494.8
80,887.16,4504.4
80,887.66,4511.4
80,888.16,4515
80,888.66,4517.6
80,889.16,4517.8
80,889.65,4514.6
80,890.15,4507.7
80,890.65,4494.3
80,891.15,4476.4
80,891.65,4452.8
80,892.15,4421.5
80,892.65,4380.8
80,893.15,4331.5
80,893.65,4274.3
80,894.15,4208.2
80,894.65,4136.8
80,895.15,4066.3
80,895.65,3996.2
80,896.15,3936.6
80,896.65,3888
80,897.15,3845
80,897.65,3813.1
80,898.15,3792.7
80,898.65,3780.7
80,899.15,3777.7
80,899.65,3812.2
80,900.15,3861.5
80,900.65,3916.1
80,901.14,3968.2
80,901.64,4019.7
80,902.14,4066.6
80,902.64,4109.1
80,903.14,4148.4
80,903.64,4186.2
80,904.14,4220.4
80,904.64,4252.1
80,905.14,4278.6
80,905.64,4302.2
80,906.14,4325.4
80,906.64,4348.6
80,907.14,4369.3
80,907.64,4389.7
80,908.14,4409.4
80,908.64,4429.9
80,909.14,4450.2
80,909.64,4469.2
80,910.14,4487.5
80,910.64,4504.1
80,911.14,4519.2
80,911.64,4532.5
80,912.14,4545.5
80,912.63,4555.2
80,913.13,4564.2
80,913.63,4571.8
80,914.13,4579.9
80,914.63,4585
80,915.13,4586
80,915.63,4585.2
80,916.13,4582
80,916.63,4575.6
80,917.13,4566.3
80,917.63,4554.1
80,918.13,4556.3
80,918.63,4559.6
80,919.13,4560.1
80,919.63,4559
80,920.13,4554.3
80,920.63,4546
80,921.13,4536.4
80,921.63,4525.7
80,922.13,4513
80,922.63,4497.6
80,923.13,4481.2
80,923.63,4466
80,924.12,4455.1
80,924.62,4449.1
80,925.12,4442.2
80,925.62,4434.4
80,926.12,4424.5
80,926.62,4416.2
80,927.12,4415.1
80,927.62,4426
80,928.12,4440.6
80,928.62,4457.5
80,929.12,4474.4
80,929.62,4490.2
80,930.12,4502
80,930.62,4510
80,931.12,4516.5
80,931.62,4523.8
80,932.12,4527.8
80,932.62,4529.4
80,933.12,4532.8
80,933.62,4537
80,934.12,4541
80,934.62,4545.8
80,935.12,4552.5
80,935.62,4561.2
80,936.11,4570.7
80,936.61,4581.5
80,937.11,4594.4
80,937.61,4608.9
80,938.11,4622.1
80,938.61,4634.2
80,939.11,4645.1
80,939.61,4654.8
80,940.11,4663.3
80,940.61,4669.6
80,941.11,4674.5
80,941.61,4678.6
80,942.11,4681.1
80,942.61,4681.5
80,943.11,4679.6
80,943.61,4675.8
80,944.11,4669.3
80,944.61,4658.7
80,945.11,4645.3
80,945.61,4630.8
80,946.11,4617.2
80,946.61,4604.3
80,947.11,4591.6
80,947.6,4579.4
80,948.1,4566.8
80,948.6,4555.3
80,949.1,4545.1
80,949.6,4537.1
80,950.1,4537.3
80,950.6,4545.3
80,951.1,4554.9
80,951.6,4566.2
80,952.1,4575.5
80,952.6,4585.6
80,953.1,4597.7
80,953.6,4608.1
80,954.1,4619.6
80,954.6,4631
80,955.1,4642.6
80,955.6,4651.7
80,956.1,4660.1
80,956.6,4666.6
80,957.1,4671.9
80,957.6,4675.1
80,958.1,4677.2
80,958.6,4676.9
80,959.09,4674.3
80,959.59,4668.8
80,960.09,4662
80,960.59,4654.1
80,961.09,4645.2
80,961.59,4635.1
80,962.09,4626
80,962.59,4616.3
80,963.09,4606
80,963.59,4596.5
80,964.09,4587.3
80,964.59,4578.4
80,965.09,4577.7
80,965.59,4579.4
80,966.09,4583.5
80,966.59,4586
80,967.09,4587.7
80,967.59,4589.4
80,968.09,4590.9
80,968.59,4592.2
80,969.09,4592.7
80,969.58,4591.9
80,970.08,4588.8
80,970.58,4585.9
80,971.08,4584.8
80,971.58,4583.7
80,972.08,4585.7
80,972.58,4594.3
80,973.08,4609
80,973.58,4628.3
80,974.08,4636.9
80,974.58,4657.9
80,975.08,4700.8
80,975.58,4740.6
80,976.08,4756.3
80,976.58,4743.5
80,977.08,4722.4
80,977.58,4699.4
80,978.08,4654.8
80,978.58,4664.7
80,979.08,4679.5
80,979.58,4678.7
80,980.08,4664.3
80,980.57,4647.2
80,981.07,4655
80,981.57,4686.7
80,982.07,4711.6
80,982.57,4720.7
80,983.07,4744.7
80,983.57,4763.3
80,984.07,4762.4
80,984.57,4750.1
80,985.07,4772.2
80,985.57,4800.8
80,986.07,4782
80,986.57,4707.1
80,987.07,4621
80,987.57,4589
80,988.07,4588.3
80,988.57,4594
80,989.07,4620.3
80,989.57,4664.3
80,990.07,4700.4
80,990.57,4743.8
80,991.06,4787.7
80,991.56,4807.1
80,992.06,4803.4
80,992.56,4789.5
80,993.06,4788.5
80,993.56,4775.5
80,994.06,4759.3
80,994.56,4753.4
80,995.06,4756
80,995.56,4766.3
80,996.06,4779.9
80,996.56,4804.2
80,997.06,4828
80,997.56,4818.7
80,998.06,4736.8
80,998.56,4663.1
80,999.06,4634.7
80,999.56,4608.7
80,1000.06,4584.4
80,1000.56,4599.8
80,1001.06,4620.5
80,1001.56,4637
80,1002.05,4658
80,1002.55,4689.2
80,1003.05,4726.2
80,1003.55,4760.2
80,1004.05,4792.3
80,1004.55,4821.8
80,1005.05,4835.1
80,1005.55,4840.4
80,1006.05,4869.6
80,1006.55,4882.1
80,1007.05,4865.9
80,1007.55,4857.8
80,1008.05,4858.1
80,1008.55,4857.9
80,1009.05,4845.2
80,1009.55,4819.3
80,1010.05,4789.1
80,1010.55,4757.2
80,1011.05,4726.4
80,1011.55,4696.6
80,1012.05,4670
80,1012.55,4645.1
80,1013.04,4620.8
80,1013.54,4595.7
80,1014.04,4569
80,1014.54,4540.4
80,1015.04,4508.6
80,1015.54,4476.6
80,1016.04,4450.4
80,1016.54,4435.8
80,1017.04,4432.3
80,1017.54,4434.4
80,1018.04,4443.6
80,1018.54,4458
80,1019.04,4474.1
80,1019.54,4490.5
80,1020.04,4507.8
80,1020.54,4527.7
80,1021.04,4550
80,1021.54,4572
80,1022.04,4592.6
80,1022.54,4609.1
80,1023.04,4624.1
80,1023.53,4637.2
80,1024.03,4650.1
80,1024.53,4661.9
80,1025.03,4673.8
80,1025.53,4685.6
80,1026.03,4696
80,1026.53,4702.5
80,1027.03,4708
80,1027.53,4711.1
80,1028.03,4711.9
80,1028.53,4710.9
80,1029.03,4708.2
80,1029.53,4703.8
80,1030.03,4699.9
80,1030.53,4695.1
80,1031.03,4689.8
80,1031.53,4684.2
80,1032.03,4678.2
80,1032.53,4674.2
80,1033.03,4671.7
80,1033.53,4670.2
80,1034.03,4668.5
80,1034.52,4667.8
80,1035.02,4668.3
80,1035.52,4670.2
80,1036.02,4672.5
80,1036.52,4675.1
80,1037.02,4675.1
80,1037.52,4673.1
80,1038.02,4671.8
80,1038.52,4669.1
80,1039.02,4663.3
80,1039.52,4656.8
80,1040.02,4649.9
80,1040.52,4643.1
80,1041.02,4631.7
80,1041.52,4617.5
80,1042.02,4601.7
80,1042.52,4584.8
80,1043.02,4564.5
80,1043.52,4542.4
80,1044.02,4518.9
80,1044.52,4494.3
80,1045.02,4469.8
80,1045.51,4449.3
80,1046.01,4439
80,1046.51,4447.5
80,1047.01,4461.3
80,1047.51,4478.5
80,1048.01,4497
80,1048.51,4521.8
80,1049.01,4552.7
80,1049.51,4585.9
80,1050.01,4617.5
80,1050.51,4648.8
80,1051.01,4678
80,1051.51,4714.2
80,1052.01,4750.7
80,1052.51,4794.7
80,1053.01,4842
80,1053.51,4881.5
80,1054.01,4913.4
80,1054.51,4956.4
80,1055.01,5005.9
80,1055.51,5042.9
80,1056,5074.6
80,1056.5,5107.2
80,1057,5137.1
80,1057.5,5131.7
80,1058,5122.1
80,1058.5,5068
80,1059,4987.3
80,1059.5,4876.9
80,1060,4751.9
80,1060.5,4666.5
80,1061,4599.6
80,1061.5,4578.9
80,1062,4596.5
80,1062.5,4630.9
80,1063,4662.2
80,1063.5,4679.7
80,1064,4671.4
80,1064.5,4648.9
80,1065,4614.4
80,1065.5,4601.2
80,1066,4613.2
80,1066.5,4625.9
80,1066.99,4659
80,1067.49,4710.3
80,1067.99,4735.6
80,1068.49,4746.9
80,1068.99,4754.1
80,1069.49,4764.7
80,1069.99,4776.3
80,1070.49,4784.7
80,1070.99,4781.3
80,1071.49,4761.7
80,1071.99,4733.9
80,1072.49,4714.6
80,1072.99,4713.8
80,1073.49,4719.5
80,1073.99,4717.9
80,1074.49,4704.1
80,1074.99,4698.7
80,1075.49,4721.2
80,1075.99,4761.3
80,1076.49,4804.6
80,1076.99,4822.7
80,1077.48,4813.2
80,1077.98,4806.3
80,1078.48,4810.8
80,1078.98,4816.9
80,1079.48,4810.6
80,1079.98,4789.5
80,1080.48,4769.7
80,1080.98,4752.8
80,1081.48,4735.7
80,1081.98,4712
80,1082.48,4698
80,1082.98,4701.2
80,1083.48,4705.8
80,1083.98,4712
80,1084.48,4727.3
80,1084.98,4744
80,1085.48,4754.8
80,1085.98,4743
80,1086.48,4719.1
80,1086.98,4702.6
80,1087.48,4699.1
80,1087.98,4689.8
80,1088.47,4694.4
80,1088.97,4698.4
80,1089.47,4667.4
80,1089.97,4664.2
80,1090.47,4703.2
80,1090.97,4739.4
80,1091.47,4755
80,1091.97,4744.3
80,1092.47,4729.5
80,1092.97,4706.2
80,1093.47,4693.1
80,1093.97,4687.7
80,1094.47,4694.8
80,1094.97,4705.8
80,1095.47,4716
80,1095.97,4726.9
80,1096.47,4701.9
80,1096.97,4661.9
80,1097.47,4663.3
80,1097.97,4715.3
80,1098.47,4779.4
80,1098.97,4807.1
80,1099.46,4800.8
80,1099.96,4794.7
80,1100.46,4798.1
80,1100.96,4790.8
80,1101.46,4770.2
80,1101.96,4749.5
80,1102.46,4733.6
80,1102.96,4717.5
80,1103.46,4706.2
80,1103.96,4705.3
80,1104.46,4702
80,1104.96,4692.7
80,1105.46,4651
83.3,-2.96,0
83.3,-2.47,1.1
83.3,-1.97,6.1
83.3,-1.48,12.4
83.3,-0.99,18.1
83.3,-0.49,22.1
83.3,0,24.2
83.3,0.49,26.6
83.3,0.99,29.2
83.3,1.48,31.9
83.3,1.97,32.6
83.3,2.47,29
83.3,2.96,25.3
83.3,3.45,25
83.3,3.94,25
83.3,4.44,25.8
83.3,4.93,27.1
83.3,5.42,28.7
83.3,5.92,27.5
83.3,6.41,26.5
83.3,6.9,29.4
83.3,7.4,31
83.3,7.89,30.6
83.3,8.38,32
83.3,8.88,33.4
83.3,9.37,35.3
83.3,9.86,38.3
83.3,10.35,41.2
83.3,10.85,44.8
83.3,11.34,47.8
83.3,11.83,52.6
83.3,12.33,56.4
83.3,12.82,62.2
83.3,13.31,67.2
83.3,13.8,74.3
83.3,14.3,79.6
83.3,14.79,83.6
83.3,15.28,88.3
83.3,15.78,91.6
83.3,16.27,98
83.3,16.76,100
83.3,17.26,100.1
83.3,17.75,101.2
83.3,18.24,104.1
83.3,18.74,115.5
83.3,19.23,149.3
83.3,19.73,169.4
83.3,20.23,191.5
83.3,20.73,213.5
83.3,21.23,221.9
83.3,21.73,240.5
83.3,22.23,245.4
83.3,22.73,245.3
83.3,23.23,242.4
83.3,23.73,240.9
83.3,24.23,240
83.3,24.73,240.4
83.3,25.23,241.1
83.3,25.73,242.4
83.3,26.23,244.9
83.3,26.73,247.7
83.3,27.24,252.4
83.3,27.74,257.1
83.3,28.24,260.3
83.3,28.74,263
83.3,29.24,265.3
83.3,29.74,267.3
83.3,30.24,267.2
83.3,30.74,267.1
83.3,31.24,265.4
83.3,31.74,262.8
83.3,32.24,259.7
83.3,32.74,247.9
83.3,33.24,237
83.3,33.74,223.1
83.3,34.24,210.3
83.3,34.74,203.5
83.3,35.24,198.2
83.3,35.74,189.8
83.3,36.24,178.1
83.3,36.74,153.2
83.3,37.24,119.7
83.3,37.74,101.9
83.3,38.25,92.4
83.3,38.75,98.1
83.3,39.25,93.9
83.3,39.75,90.8
83.3,40.25,91.6
83.3,40.75,91.8
83.3,41.25,90.8
83.3,41.75,89.7
83.3,42.25,88.3
83.3,42.75,87
83.3,43.25,86.4
83.3,43.75,85.7
83.3,44.25,82.7
83.3,44.75,73.2
83.3,45.25,53.1
83.3,45.75,33.6
83.3,46.25,7.8
83.3,46.75,0
83.3,47.25,0
83.3,47.75,0
83.3,48.25,0
83.3,48.75,0
83.3,49.26,0
83.3,49.76,0
83.3,50.26,0
83.3,50.76,0
83.3,51.26,0
83.3,51.76,0
83.3,52.26,0
83.3,52.76,0
83.3,53.26,0
83.3,53.76,0
83.3,54.26,0
83.3,54.76,0
83.3,55.26,0
83.3,55.76,0
83.3,56.26,0
83.3,56.76,0
83.3,57.26,0
83.3,57.76,0
83.3,58.26,0
83.3,58.76,0
83.3,59.26,0
83.3,59.76,19
83.3,60.26,52.9
83.3,60.77,62.8
83.3,61.27,70.8
83.3,61.77,79
83.3,62.27,108.8
83.3,62.77,159.4
83.3,63.27,176.4
83.3,63.77,128.7
83.3,64.27,86.9
83.3,64.77,75.3
83.3,65.27,71
83.3,65.77,64.6
83.3,66.27,38.9
83.3,66.77,15.2
83.3,67.27,15.3
83.3,67.77,14.1
83.3,68.27,8.7
83.3,68.77,4.2
83.3,69.27,0
83.3,69.77,0
83.3,70.27,0
83.3,70.77,0
83.3,71.27,0
83.3,71.78,5.4
83.3,72.28,0
83.3,72.78,5.7
83.3,73.28,0.9
83.3,73.78,0
83.3,74.28,0.9
83.3,74.78,0
83.3,75.28,0.8
83.3,75.78,0
83.3,76.28,0
83.3,76.78,0
83.3,77.28,0
83.3,77.78,0
83.3,78.28,6
83.3,78.78,9.8
83.3,79.28,11
83.3,79.78,16.8
83.3,80.28,19.8
83.3,80.78,20.9
83.3,81.28,21.8
83.3,81.78,24.3
83.3,82.28,23.3
83.3,82.79,27.9
83.3,83.29,32.4
83.3,83.79,36.7
83.3,84.29,47.6
83.3,84.79,89
83.3,85.29,96.6
83.3,85.79,104.3
83.3,85.79,104.3
83.3,86.28,109
83.3,86.77,116.9
83.3,87.27,145.4
83.3,87.76,193.6
83.3,88.25,250.3
83.3,88.75,307.9
83.3,89.24,356.3
83.3,89.73,377.7
83.3,90.23,389.1
83.3,90.72,402.8
83.3,91.21,423.3
83.3,91.7,437.3
83.3,92.2,384.4
83.3,92.69,382.7
83.3,93.18,402
83.3,93.68,415.8
83.3,94.17,437.5
83.3,94.66,458.3
83.3,95.16,476.6
83.3,95.65,496
83.3,96.14,520.4
83.3,96.63,548.8
83.3,97.13,578.7
83.3,97.62,606.9
83.3,98.11,624.7
83.3,98.61,621.7
83.3,99.1,645.8
83.3,99.59,706.8
83.3,100.09,718.2
83.3,100.58,691.6
83.3,101.07,682.8
83.3,101.56,687.5
83.3,102.06,693
83.3,102.55,697
83.3,103.04,707.1
83.3,103.54,723.2
83.3,104.03,736.5
83.3,104.52,743.9
83.3,105.02,757.7
83.3,105.51,779.1
83.3,106,788.7
83.3,106.49,789.3
83.3,106.99,789.7
83.3,107.48,791.3
83.3,107.97,794
83.3,108.47,796.6
83.3,108.96,804
83.3,109.45,816.7
83.3,109.95,834.5
83.3,110.44,890.4
83.3,110.93,986.2
83.3,111.42,1078.3
83.3,111.92,1170.6
83.3,112.41,1237.7
83.3,112.9,1251.5
83.3,113.4,1242.2
83.3,113.89,1176.4
83.3,114.38,1050.9
83.3,114.88,999.2
83.3,115.37,1005.5
83.3,115.87,1051.5
83.3,116.37,1167.2
83.3,116.87,1196.2
83.3,117.37,1242.8
83.3,117.87,1334.5
83.3,118.37,1392.6
83.3,118.87,1419
83.3,119.37,1417.6
83.3,119.87,1379.7
83.3,120.37,1339.3
83.3,120.87,1267.8
83.3,121.37,1200.3
83.3,121.86,1159.2
83.3,122.36,1143.1
83.3,122.86,1144.3
83.3,123.36,1163.5
83.3,123.86,1184
83.3,124.36,1171.9
83.3,124.86,1111.5
83.3,125.36,1041.8
83.3,125.86,1002.3
83.3,126.36,982.3
83.3,126.86,977.5
83.3,127.36,983.6
83.3,127.86,992.3
83.3,128.36,1005.1
83.3,128.86,1032.9
83.3,129.36,1078.5
83.3,129.86,1133.8
83.3,130.36,1189.6
83.3,130.86,1219.5
83.3,131.36,1207.2
83.3,131.86,1178.6
83.3,132.36,1173
83.3,132.86,1177.9
83.3,133.36,1180.4
83.3,133.86,1189.8
83.3,134.36,1195.1
83.3,134.86,1192.8
83.3,135.36,1197.1
83.3,135.86,1205.2
83.3,136.36,1218.4
83.3,136.86,1237.2
83.3,137.35,1260.7
83.3,137.85,1267
83.3,138.35,1238.2
83.3,138.85,1172.2
83.3,139.35,1060.2
83.3,139.85,988.4
83.3,140.35,981.7
83.3,140.85,998.9
83.3,141.35,1028.4
83.3,141.85,1073.9
83.3,142.35,1147.1
83.3,142.85,1127.5
83.3,143.35,1090.3
83.3,143.85,1113.9
83.3,144.35,1156.3
83.3,144.85,1189.8
83.3,145.35,1234.2
83.3,145.85,1289.3
83.3,146.35,1335.2
83.3,146.85,1391.2
83.3,147.35,1422.6
83.3,147.85,1463
83.3,148.35,1512.7
83.3,148.85,1539
83.3,149.35,1549.1
83.3,149.85,1538.6
83.3,150.35,1473.4
83.3,150.85,1415.2
83.3,151.35,1323.9
83.3,151.85,1318
83.3,152.34,1434.6
83.3,152.84,1539.5
83.3,153.34,1570.6
83.3,153.84,1590.3
83.3,154.34,1657.9
83.3,154.84,1748.8
83.3,155.34,1836.8
83.3,155.84,1947.8
83.3,156.34,2094.1
83.3,156.84,2220.5
83.3,157.34,2337.1
83.3,157.84,2453.5
83.3,158.34,2555.2
83.3,158.84,2671
83.3,159.34,2778.1
83.3,159.84,2926.8
83.3,160.34,3131.1
83.3,160.84,3369
83.3,161.34,3492.4
83.3,161.84,3531.3
83.3,162.34,3544.4
83.3,162.84,3553.5
83.3,163.34,3560.9
83.3,163.84,3565.8
83.3,164.34,3571.1
83.3,164.84,3575.6
83.3,165.34,3577.7
83.3,165.84,3578
83.3,166.34,3578.9
83.3,166.84,3578.9
83.3,167.33,3577.7
83.3,167.83,3576.3
83.3,168.33,3575.5
83.3,168.83,3574.2
83.3,169.33,3574.6
83.3,169.83,3575.5
83.3,170.33,3576.9
83.3,170.83,3578.6
83.3,171.33,3577.9
83.3,171.83,3577.1
83.3,172.33,3578.2
83.3,172.83,3579.2
83.3,173.33,3579.5
83.3,173.83,3577.8
83.3,174.33,3575.5
83.3,174.83,3573.3
83.3,175.33,3569.1
83.3,175.83,3566.2
83.3,176.33,3566.2
83.3,176.83,3562.7
83.3,177.33,3557.9
83.3,177.83,3555.7
83.3,178.33,3549.4
83.3,178.83,3531.7
83.3,179.33,3533.8
83.3,179.83,3542.6
83.3,180.33,3540.9
83.3,180.83,3541.3
83.3,181.33,3544.7
83.3,181.83,3547.5
83.3,182.32,3546.9
83.3,182.82,3546.5
83.3,183.32,3548.3
83.3,183.82,3549.1
83.3,184.32,3546.9
83.3,184.82,3547.2
83.3,185.32,3552.6
83.3,185.82,3558.7
83.3,186.32,3561
83.3,186.82,3562.9
83.3,187.32,3563.1
83.3,187.82,3561.9
83.3,188.32,3564.7
83.3,188.82,3567.4
83.3,189.32,3568.9
83.3,189.82,3570.5
83.3,190.32,3570.3
83.3,190.82,3571.2
83.3,191.32,3574.1
83.3,191.82,3575.3
83.3,192.32,3575.8
83.3,192.82,3574.1
83.3,193.32,3566.7
83.3,193.82,3561.4
83.3,194.32,3567.4
83.3,194.82,3575.9
83.3,195.32,3583.4
83.3,195.82,3557.5
83.3,196.32,3446.3
83.3,196.81,3427.9
83.3,197.31,3535.3
83.3,197.81,3579.4
83.3,198.31,3600.2
83.3,198.81,3624.5
83.3,199.31,3651
83.3,199.81,3663.9
83.3,200.31,3672.4
83.3,200.81,3682.6
83.3,201.31,3686.2
83.3,201.81,3703.9
83.3,202.31,3713.6
83.3,202.81,3716.6
83.3,203.31,3717.6
83.3,203.81,3718.2
83.3,204.31,3720.8
83.3,204.81,3720.9
83.3,205.31,3722.8
83.3,205.81,3725
83.3,206.31,3726.7
83.3,206.81,3727.4
83.3,207.31,3729.5
83.3,207.81,3730.9
83.3,208.31,3731.5
83.3,208.81,3733.2
83.3,209.31,3732.8
83.3,209.81,3734.3
83.3,210.31,3736.2
83.3,210.81,3739
83.3,211.31,3741.6
83.3,211.8,3744.3
83.3,212.3,3746.5
83.3,212.8,3748.8
83.3,213.3,3749.6
83.3,213.8,3750.2
83.3,214.3,3752.8
83.3,214.8,3756
83.3,215.3,3759.7
83.3,215.8,3761
83.3,216.3,3759.2
83.3,216.8,3756.3
83.3,217.3,3752.8
83.3,217.8,3754.8
83.3,218.3,3755
83.3,218.8,3752.3
83.3,219.3,3751.4
83.3,219.8,3758.5
83.3,220.3,3763.1
83.3,220.8,3766.3
83.3,221.3,3767
83.3,221.8,3769.4
83.3,222.3,3776.7
83.3,222.8,3784.2
83.3,223.3,3783.7
83.3,223.8,3784.1
83.3,224.3,3787.5
83.3,224.8,3791.1
83.3,225.3,3795.7
83.3,225.8,3799.6
83.3,226.29,3802
83.3,226.79,3805
83.3,227.29,3799.3
83.3,227.79,3743.1
83.3,228.29,3655.8
83.3,228.79,3663.7
83.3,229.29,3726.4
83.3,229.79,3752.1
83.3,230.29,3742.4
83.3,230.79,3744.7
83.3,231.29,3745.4
83.3,231.79,3773.4
83.3,232.29,3793
83.3,232.79,3799.1
83.3,233.29,3804.5
83.3,233.79,3834.1
83.3,234.29,3882.5
83.3,234.79,3896.1
83.3,235.29,3887.8
83.3,235.79,3861.8
83.3,236.29,3848.3
83.3,236.79,3848.5
83.3,237.29,3855.4
83.3,237.79,3866.9
83.3,238.29,3871.6
83.3,238.79,3874.4
83.3,239.29,3876.5
83.3,239.79,3880
83.3,240.29,3881.3
83.3,240.78,3884.7
83.3,241.28,3886.6
83.3,241.78,3889.7
83.3,242.28,3884.8
83.3,242.78,3872.9
83.3,243.28,3873.2
83.3,243.78,3874.5
83.3,244.28,3872.6
83.3,244.78,3876.4
83.3,245.28,3884.2
83.3,245.78,3894.6
83.3,246.28,3903
83.3,246.78,3912.5
83.3,247.28,3923.2
83.3,247.78,3937.8
83.3,248.28,3949.1
83.3,248.78,3954.3
83.3,249.28,3949.7
83.3,249.78,3950.1
83.3,250.28,3953
83.3,250.78,3955.9
83.3,251.28,3958.7
83.3,251.78,3960.2
83.3,252.28,3962.1
83.3,252.78,3963.2
83.3,253.28,3963.8
83.3,253.78,3964.7
83.3,254.28,3966.2
83.3,254.77,3968.9
83.3,255.27,3970.8
83.3,255.77,3971.2
83.3,256.27,3973.3
83.3,256.77,3975.3
83.3,257.27,3977
83.3,257.77,3978.6
83.3,258.27,3981.5
83.3,258.77,3984.5
83.3,259.27,3985.6
83.3,259.77,3987.7
83.3,260.27,3989.4
83.3,260.77,3991.7
83.3,261.27,3993.1
83.3,261.77,3995.7
83.3,262.27,3996
83.3,262.77,3999.3
83.3,263.27,4002.2
83.3,263.77,4008
83.3,264.27,4013.2
83.3,264.77,4018.3
83.3,265.27,4019.6
83.3,265.77,4017.6
83.3,266.27,4016.8
83.3,266.77,4024.1
83.3,267.27,4029
83.3,267.77,4023.2
83.3,268.27,4027.4
83.3,268.77,4032
83.3,269.26,4031.6
83.3,269.76,4034.7
83.3,270.26,4041.7
83.3,270.76,4057.1
83.3,271.26,4073.6
83.3,271.76,4073.6
83.3,272.26,4041.3
83.3,272.76,4039.1
83.3,273.26,4049.1
83.3,273.76,4053.7
83.3,274.26,4069.7
83.3,274.76,4049.2
83.3,275.26,4044.8
83.3,275.76,4015.1
83.3,276.26,3969
83.3,276.76,3934.5
83.3,277.26,3928.2
83.3,277.76,3922.6
83.3,278.26,3926.5
83.3,278.76,3938
83.3,279.26,3944.4
83.3,279.76,3941
83.3,280.26,3938.6
83.3,280.76,3944.6
83.3,281.26,3947.1
83.3,281.76,3967
83.3,282.26,3994.9
83.3,282.76,4020.9
83.3,283.25,4051.4
83.3,283.75,4079.7
83.3,284.25,4080.2
83.3,284.75,4089.6
83.3,285.25,4116
83.3,285.75,4124.5
83.3,286.25,4127.4
83.3,286.75,4127.8
83.3,287.25,4129.2
83.3,287.75,4130.3
83.3,288.25,4134.6
83.3,288.75,4140.2
83.3,289.25,4146.9
83.3,289.75,4146
83.3,290.25,4147.1
83.3,290.75,4146.1
83.3,291.25,4147.2
83.3,291.75,4143.1
83.3,292.25,4136.7
83.3,292.75,4132.5
83.3,293.25,4136.2
83.3,293.75,4141.4
83.3,294.25,4150.7
83.3,294.75,4148.8
83.3,295.25,4150.5
83.3,295.75,4149.7
83.3,296.25,4156.9
83.3,296.75,4166.4
83.3,297.25,4167.9
83.3,297.74,4172.5
83.3,298.24,4176.1
83.3,298.74,4179.1
83.3,299.24,4182.9
83.3,299.74,4186.3
83.3,300.24,4193.3
83.3,300.74,4189.9
83.3,301.24,4187.9
83.3,301.74,4189.5
83.3,302.24,4190.7
83.3,302.74,4191.7
83.3,303.24,4196.7
83.3,303.74,4202.2
83.3,304.24,4202.1
83.3,304.74,4201.9
83.3,305.24,4205.7
83.3,305.74,4211.3
83.3,306.24,4214.1
83.3,306.74,4209.8
83.3,307.24,4208.2
83.3,307.74,4205.7
83.3,308.24,4205.5
83.3,308.74,4205.2
83.3,309.24,4204.8
83.3,309.74,4204.7
83.3,310.24,4206.3
83.3,310.74,4207.5
83.3,311.24,4205.7
83.3,311.73,4210.7
83.3,312.23,4228.1
83.3,312.73,4246.5
83.3,313.23,4250.4
83.3,313.73,4252.1
83.3,314.23,4250.8
83.3,314.73,4250.7
83.3,315.23,4229.5
83.3,315.73,4195.4
83.3,316.23,4172.7
83.3,316.73,4152.5
83.3,317.23,4151
83.3,317.73,4140.3
83.3,318.23,4127.9
83.3,318.73,4106.6
83.3,319.23,4071.3
83.3,319.73,4058
83.3,320.23,4075
83.3,320.73,4080.5
83.3,321.23,4072.2
83.3,321.73,4080.8
83.3,322.23,4087.6
83.3,322.73,4091.3
83.3,323.23,4126.8
83.3,323.73,4152.3
83.3,324.23,4174.1
83.3,324.73,4208.5
83.3,325.23,4213.1
83.3,325.72,4221.3
83.3,326.22,4210.8
83.3,326.72,4217.3
83.3,327.22,4233.7
83.3,327.72,4250.8
83.3,328.22,4264.8
83.3,328.72,4273.6
83.3,329.22,4288.3
83.3,329.72,4295.5
83.3,330.22,4297.9
83.3,330.72,4299.5
83.3,331.22,4299.6
83.3,331.72,4300.5
83.3,332.22,4309.1
83.3,332.72,4308.6
83.3,333.22,4299.4
83.3,333.72,4295.6
83.3,334.22,4288.8
83.3,334.72,4264.3
83.3,335.22,4219.2
83.3,335.72,4150.7
83.3,336.22,4134.7
83.3,336.72,4141.9
83.3,337.22,4151.8
83.3,337.72,4156.7
83.3,338.22,4153.4
83.3,338.72,4124.4
83.3,339.22,4087.8
83.3,339.71,4072.1
83.3,340.21,4054.1
83.3,340.71,4087.1
83.3,341.21,4133.2
83.3,341.71,4158
83.3,342.21,4172.2
83.3,342.71,4181.6
83.3,343.21,4134.7
83.3,343.71,4101.3
83.3,344.21,4102
83.3,344.71,4101.7
83.3,345.21,4103.7
83.3,345.71,4107.2
83.3,346.21,4125.7
83.3,346.71,4164.1
83.3,347.21,4190.2
83.3,347.71,4201.5
83.3,348.21,4203.1
83.3,348.71,4204.2
83.3,349.21,4201.8
83.3,349.71,4193.6
83.3,350.21,4183.2
83.3,350.71,4167.4
83.3,351.21,4153.2
83.3,351.71,4154.1
83.3,352.21,4166.5
83.3,352.71,4178.4
83.3,353.21,4177
83.3,353.7,4167.9
83.3,354.2,4161
83.3,354.7,4175.9
83.3,355.2,4191.7
83.3,355.7,4192.1
83.3,356.2,4206.9
83.3,356.7,4263.9
83.3,357.2,4293.9
83.3,357.7,4306.2
83.3,358.2,4313.2
83.3,358.7,4319
83.3,359.2,4318.9
83.3,359.7,4322.4
83.3,360.2,4328.9
83.3,360.7,4326.2
83.3,361.2,4315.1
83.3,361.7,4314
83.3,362.2,4323.3
83.3,362.7,4320.6
83.3,363.2,4289.7
83.3,363.7,4240.8
83.3,364.2,4187
83.3,364.7,4142.1
83.3,365.2,4111.3
83.3,365.7,4121.1
83.3,366.2,4154.6
83.3,366.7,4163.7
83.3,367.2,4173.1
83.3,367.69,4170.5
83.3,368.19,4156
83.3,368.69,4146.7
83.3,369.19,4147.2
83.3,369.69,4150.4
83.3,370.19,4145.4
83.3,370.69,4135.4
83.3,371.19,4126.6
83.3,371.69,4127.1
83.3,372.19,4142.2
83.3,372.69,4176.8
83.3,373.19,4224.9
83.3,373.69,4259.2
83.3,374.19,4274.5
83.3,374.69,4280.4
83.3,375.19,4288.4
83.3,375.69,4300.1
83.3,376.19,4314.8
83.3,376.69,4334.9
83.3,377.19,4350.7
83.3,377.69,4359.4
83.3,378.19,4357.5
83.3,378.69,4332.5
83.3,379.19,4306
83.3,379.69,4275.3
83.3,380.19,4239.4
83.3,380.69,4220.4
83.3,381.18,4217.2
83.3,381.68,4209.6
83.3,382.18,4196.1
83.3,382.68,4191.9
83.3,383.18,4185.3
83.3,383.68,4184
83.3,384.18,4193.2
83.3,384.68,4209.1
83.3,385.18,4210.9
83.3,385.68,4216
83.3,386.18,4221.5
83.3,386.68,4213.1
83.3,387.18,4206.4
83.3,387.68,4185.2
83.3,388.18,4154.6
83.3,388.68,4153.3
83.3,389.18,4168.3
83.3,389.68,4158.6
83.3,390.18,4127.6
83.3,390.68,4109.4
83.3,391.18,4112.6
83.3,391.68,4123
83.3,392.18,4134.1
83.3,392.68,4146
83.3,393.18,4148.9
83.3,393.68,4141.6
83.3,394.18,4133.4
83.3,394.67,4168.5
83.3,395.17,4206.3
83.3,395.67,4228.2
83.3,396.17,4226.9
83.3,396.67,4234.4
83.3,397.17,4230.6
83.3,397.67,4229.6
83.3,398.17,4224
83.3,398.67,4212.5
83.3,399.17,4201.4
83.3,399.67,4203.8
83.3,400.17,4207.2
83.3,400.67,4208.8
83.3,401.17,4215
83.3,401.67,4230.5
83.3,402.17,4228.8
83.3,402.67,4174.4
83.3,403.17,4155.5
83.3,403.67,4134.2
83.3,404.17,4090.3
83.3,404.67,4077.7
83.3,405.17,4059.4
83.3,405.67,4038.7
83.3,406.17,4035.2
83.3,406.67,4046.9
83.3,407.17,4055.9
83.3,407.67,4087.3
83.3,408.16,4138.2
83.3,408.66,4173.4
83.3,409.16,4189.7
83.3,409.66,4182.9
83.3,410.16,4179.1
83.3,410.66,4186.9
83.3,411.16,4184.3
83.3,411.66,4154.9
83.3,412.16,4095.6
83.3,412.66,4070
83.3,413.16,4068.7
83.3,413.66,4057.8
83.3,414.16,4061.5
83.3,414.66,4089.1
83.3,415.16,4129.4
83.3,415.66,4151.9
83.3,416.16,4160.7
83.3,416.66,4149.4
83.3,417.16,4149.2
83.3,417.66,4155.5
83.3,418.16,4157.5
83.3,418.66,4150.6
83.3,419.16,4150
83.3,419.66,4158.9
83.3,420.16,4166.5
83.3,420.66,4242.5
83.3,421.16,4260.6
83.3,421.65,4253.6
83.3,422.15,4237.2
83.3,422.65,4231
83.3,423.15,4222.1
83.3,423.65,4216.3
83.3,424.15,4232.4
83.3,424.65,4265.5
83.3,425.15,4254.3
83.3,425.65,4212.1
83.3,426.15,4197.7
83.3,426.65,4192.3
83.3,427.15,4203.4
83.3,427.65,4227.2
83.3,428.15,4242
83.3,428.65,4231.1
83.3,429.15,4161
83.3,429.65,4101.5
83.3,430.15,4115.3
83.3,430.65,4166.9
83.3,431.15,4197.3
83.3,431.65,4210
83.3,432.15,4221.5
83.3,432.65,4226.9
83.3,433.15,4221.7
83.3,433.65,4211.3
83.3,434.15,4204
83.3,434.65,4206.8
83.3,435.14,4203.2
83.3,435.64,4217.2
83.3,436.14,4221.2
83.3,436.64,4218
83.3,437.14,4230.8
83.3,437.64,4244.4
83.3,438.14,4242.7
83.3,438.64,4230.7
83.3,439.14,4207.9
83.3,439.64,4175.1
83.3,440.14,4164.6
83.3,440.64,4193.7
83.3,441.14,4253.8
83.3,441.64,4281.5
83.3,442.14,4304.9
83.3,442.64,4305.4
83.3,443.14,4282.4
83.3,443.64,4254.5
83.3,444.14,4263.4
83.3,444.64,4287.2
83.3,445.14,4299.7
83.3,445.64,4300.5
83.3,446.14,4303.4
83.3,446.64,4275
83.3,447.14,4223.2
83.3,447.64,4186.6
83.3,448.14,4164.5
83.3,448.63,4144.4
83.3,449.13,4128.6
83.3,449.63,4128.2
83.3,450.13,4130.7
83.3,450.63,4129.3
83.3,451.13,4125.2
83.3,451.63,4124.4
83.3,452.13,4115.3
83.3,452.63,4106.2
83.3,453.13,4089.1
83.3,453.63,4077.5
83.3,454.13,4102.1
83.3,454.63,4118.3
83.3,455.13,4175
83.3,455.63,4231.8
83.3,456.13,4253.8
83.3,456.63,4255.8
83.3,457.13,4261.8
83.3,457.63,4255.9
83.3,458.13,4237.3
83.3,458.63,4183.7
83.3,459.13,4188.2
83.3,459.63,4229.4
83.3,460.13,4262.7
83.3,460.63,4274.8
83.3,461.12,4268.3
83.3,461.62,4239.4
83.3,462.12,4232.6
83.3,462.62,4230.5
83.3,463.12,4228.1
83.3,463.62,4229.1
83.3,464.12,4221.1
83.3,464.62,4214.5
83.3,465.12,4186.8
83.3,465.62,4138
83.3,466.12,4116.4
83.3,466.62,4112.1
83.3,467.12,4110.5
83.3,467.62,4104.6
83.3,468.12,4078.9
83.3,468.62,4091.9
83.3,469.12,4105
83.3,469.62,4104.3
83.3,470.12,4086.3
83.3,470.62,4085.9
83.3,471.12,4099.4
83.3,471.62,4120.1
83.3,472.12,4125.8
83.3,472.62,4117
83.3,473.12,4103.8
83.3,473.62,4094.4
83.3,474.11,4092.1
83.3,474.61,4106.7
83.3,475.11,4137.5
83.3,475.61,4171.7
83.3,476.11,4230.3
83.3,476.61,4258.3
83.3,477.11,4265.4
83.3,477.61,4299.8
83.3,478.11,4327.4
83.3,478.61,4301.1
83.3,479.11,4226
83.3,479.61,4217.7
83.3,480.11,4278.8
83.3,480.61,4313.9
83.3,481.11,4302.7
83.3,481.61,4269.9
83.3,482.11,4238.2
83.3,482.61,4218.3
83.3,483.11,4208.1
83.3,483.61,4213.9
83.3,484.11,4222.8
83.3,484.61,4230.4
83.3,485.11,4216.9
83.3,485.61,4186.1
83.3,486.11,4187.7
83.3,486.6,4223.4
83.3,487.1,4245.6
83.3,487.6,4271.3
83.3,488.1,4258.5
83.3,488.6,4251.5
83.3,489.1,4246.6
83.3,489.6,4229.7
83.3,490.1,4236.8
83.3,490.6,4226.7
83.3,491.1,4227.6
83.3,491.6,4236.7
83.3,492.1,4235.7
83.3,492.6,4219.5
83.3,493.1,4207
83.3,493.6,4196.1
83.3,494.1,4185.8
83.3,494.6,4198.7
83.3,495.1,4218.3
83.3,495.6,4211.3
83.3,496.1,4181.9
83.3,496.6,4170.8
83.3,497.1,4192.9
83.3,497.6,4209
83.3,498.1,4213.9
83.3,498.6,4216.5
83.3,499.1,4201.5
83.3,499.59,4196.8
83.3,500.09,4211.1
83.3,500.59,4241
83.3,501.09,4261.2
83.3,501.59,4254.7
83.3,502.09,4256.5
83.3,502.59,4266.5
83.3,503.09,4270.4
83.3,503.59,4260.6
83.3,504.09,4246.5
83.3,504.59,4264.7
83.3,505.09,4261
83.3,505.59,4248.6
83.3,506.09,4241.4
83.3,506.59,4250.1
83.3,507.09,4286.7
83.3,507.59,4324.2
83.3,508.09,4300.8
83.3,508.59,4278.4
83.3,509.09,4269.7
83.3,509.59,4258.4
83.3,510.09,4259.5
83.3,510.59,4250.1
83.3,511.09,4229.5
83.3,511.59,4224.5
83.3,512.08,4249.3
83.3,512.58,4277.8
83.3,513.08,4300.3
83.3,513.58,4307.6
83.3,514.08,4304.2
83.3,514.58,4302.9
83.3,515.08,4299.1
83.3,515.58,4295
83.3,516.08,4288.7
83.3,516.58,4281.9
83.3,517.08,4279.1
83.3,517.58,4284.9
83.3,518.08,4267.2
83.3,518.58,4244.6
83.3,519.08,4246.6
83.3,519.58,4264.3
83.3,520.08,4268
83.3,520.58,4265.9
83.3,521.08,4246.1
83.3,521.58,4233.5
83.3,522.08,4225.4
86.7,-3.7,24.6
86.7,-3.24,28.7
86.7,-2.77,32.9
86.7,-2.31,37.5
86.7,-1.85,43.1
86.7,-1.39,48.4
86.7,-0.92,56.6
86.7,-0.46,77.9
86.7,0,68.2
86.7,0.49,58.6
86.7,0.99,57.5
86.7,1.48,56.4
86.7,1.97,56.2
86.7,2.47,58.1
86.7,2.96,66.1
86.7,3.45,74.4
86.7,3.94,71.7
86.7,4.44,73.4
86.7,4.93,74
86.7,5.42,74.3
86.7,5.92,74.9
86.7,6.41,75.5
86.7,6.9,75.9
86.7,7.4,76.8
86.7,7.89,81.1
86.7,8.38,88.6
86.7,8.87,101.2
86.7,9.37,127.4
86.7,9.86,156.4
86.7,10.35,192.3
86.7,10.85,203.8
86.7,11.34,296.9
86.7,11.83,295.8
86.7,12.33,347
86.7,12.82,467.8
86.7,13.31,522.5
86.7,13.8,580.4
86.7,14.3,622.1
86.7,14.79,663.9
86.7,15.29,713.1
86.7,15.79,758.9
86.7,16.29,801.7
86.7,16.79,830
86.7,17.29,846.6
86.7,17.79,849.3
86.7,18.29,862.2
86.7,18.79,873.3
86.7,19.29,882.8
86.7,19.79,889.1
86.7,20.29,892.7
86.7,20.79,894.9
86.7,21.29,897
86.7,21.79,898.1
86.7,22.29,898.9
86.7,22.79,899
86.7,23.29,901.2
86.7,23.79,901.7
86.7,24.29,902
86.7,24.78,902.2
86.7,25.28,902
86.7,25.78,902.1
86.7,26.28,903
86.7,26.78,903.3
86.7,27.28,903.8
86.7,27.78,903
86.7,28.28,903
86.7,28.78,903
86.7,29.28,903
86.7,29.78,903
86.7,30.28,903.7
86.7,30.78,904
86.7,31.28,904
86.7,31.78,903.6
86.7,32.28,903
86.7,32.78,903
86.7,33.28,903
86.7,33.78,903
86.7,34.28,903
86.7,34.78,903
86.7,35.28,903
86.7,35.78,902.8
86.7,36.28,902.5
86.7,36.78,902.8
86.7,37.28,903
86.7,37.78,902.9
86.7,38.28,903
86.7,38.78,903
86.7,39.28,902.5
86.7,39.78,902
86.7,40.28,902
86.7,40.77,901.9
86.7,41.27,901.6
86.7,41.77,902
86.7,42.27,902
86.7,42.77,902
86.7,43.27,902
86.7,43.77,901.4
86.7,44.27,901
86.7,44.77,901
86.7,45.27,900.2
86.7,45.77,900.5
86.7,46.27,901.1
86.7,46.77,901.6
86.7,47.27,902
86.7,47.77,901.3
86.7,48.27,901
86.7,48.77,899.6
86.7,49.27,889.7
86.7,49.77,868
86.7,50.27,841.1
86.7,50.77,806.4
86.7,51.27,767.9
86.7,51.77,729.3
86.7,52.27,691.3
86.7,52.77,657.9
86.7,53.27,624.4
86.7,53.77,611.6
86.7,54.27,671.6
86.7,54.77,683
86.7,55.27,650.3
86.7,55.77,622.4
86.7,56.26,562.5
86.7,56.76,420.3
86.7,57.26,300.8
86.7,57.76,251.5
86.7,58.26,229.7
86.7,58.76,213.1
86.7,59.26,199.6
86.7,59.76,191.2
86.7,60.26,183.5
86.7,60.76,177.3
86.7,61.26,171.9
86.7,61.76,166.4
86.7,62.26,160.8
86.7,62.76,155.7
86.7,63.26,154.8
86.7,63.76,161.1
86.7,64.26,180
86.7,64.76,206.8
86.7,65.26,235.9
86.7,65.76,256.1
86.7,66.26,262.6
86.7,66.76,268.7
86.7,67.26,292.4
86.7,67.76,322.5
86.7,68.26,338.8
86.7,68.76,360.1
86.7,69.26,392.4
86.7,69.76,432
86.7,70.26,461
86.7,70.76,469.1
86.7,71.25,470.9
86.7,71.75,471.8
86.7,72.25,471.7
86.7,72.75,470.9
86.7,73.25,469.9
86.7,73.75,468.9
86.7,74.25,447.1
86.7,74.75,360.9
86.7,75.25,271.2
86.7,75.75,234.4
86.7,76.25,228.9
86.7,76.75,241.2
86.7,77.25,268.6
86.7,77.75,300.7
86.7,78.25,333.5
86.7,78.75,372
86.7,79.25,426
86.7,79.75,485
86.7,80.25,544.3
86.7,80.75,628.9
86.7,81.25,755
86.7,81.75,888.4
86.7,82.25,1010.5
86.7,82.75,1077.5
86.7,83.25,1147.4
86.7,83.75,1279.9
86.7,84.25,1453.7
86.7,84.75,1602.8
86.7,85.25,1646.9
86.7,85.75,1662.3
86.7,86.24,1665.5
86.7,86.74,1664.6
86.7,87.24,1661.9
86.7,87.74,1655.9
86.7,88.24,1648.4
86.7,88.74,1641.9
86.7,89.24,1636.6
86.7,89.74,1636.6
86.7,90.24,1647.8
86.7,90.74,1654.9
86.7,91.24,1638.3
86.7,91.74,1624.2
86.7,92.24,1616.1
86.7,92.74,1607.3
86.7,93.24,1592.1
86.7,93.74,1567.4
86.7,94.24,1544.6
86.7,94.74,1506.2
86.7,95.24,1455.9
86.7,95.74,1399
86.7,96.24,1330.6
86.7,96.74,1272.9
86.7,97.24,1246.5
86.7,97.74,1216.8
86.7,98.24,1177.2
86.7,98.74,1144.9
86.7,99.24,1119.2
86.7,99.74,1096.5
86.7,100.24,1071.8
86.7,100.73,1051.6
86.7,101.23,1027.7
86.7,101.73,1000
86.7,102.23,968.9
86.7,102.73,940.8
86.7,103.23,927.6
86.7,103.73,918.5
86.7,104.23,907.4
86.7,104.73,881.7
86.7,105.23,845.9
86.7,105.73,809
86.7,106.23,780.6
86.7,106.73,751.4
86.7,107.23,711.3
86.7,107.73,657.4
86.7,108.23,600.4
86.7,108.73,541.5
86.7,109.23,486.2
86.7,109.73,439.1
86.7,110.23,401.3
86.7,110.73,375.8
86.7,111.23,338.8
86.7,111.73,250.1
86.7,112.23,219.9
86.7,112.73,198.2
86.7,113.23,161.8
86.7,113.73,121.4
86.7,114.23,111
86.7,114.73,106.6
86.7,115.23,104
86.7,115.72,103.4
86.7,116.22,101.7
86.7,116.72,100.4
86.7,117.22,94.2
86.7,117.72,93.2
86.7,118.22,92.6
86.7,118.72,91.4
86.7,119.22,91.3
86.7,119.72,89.4
86.7,120.22,87.3
86.7,120.72,86.2
86.7,121.22,84.5
86.7,121.72,80.6
86.7,122.22,76.6
86.7,122.72,75.7
86.7,123.22,82.6
86.7,123.72,73.2
86.7,124.22,73.1
86.7,124.72,73.2
86.7,125.22,76.5
86.7,125.72,77
86.7,126.22,74.7
86.7,126.72,72.9
86.7,127.22,70.6
86.7,127.72,68.2
86.7,128.22,72.5
86.7,128.72,77.7
86.7,129.22,77.8
86.7,129.72,77.5
86.7,130.21,83.6
86.7,130.71,86.8
86.7,131.21,88.9
86.7,131.71,91.2
86.7,132.21,92.8
86.7,132.71,95.6
86.7,133.21,98.6
86.7,133.71,107.4
86.7,134.21,118.2
86.7,134.71,133
86.7,135.21,175.7
86.7,135.71,218.9
86.7,136.21,257
86.7,136.71,302.3
86.7,137.21,363.3
86.7,137.71,418
86.7,138.21,441.2
86.7,138.71,427.9
86.7,139.21,386
86.7,139.71,308.9
86.7,140.21,167.9
86.7,140.71,116.6
86.7,141.21,105
86.7,141.71,95.4
86.7,142.21,95.9
86.7,142.71,100.4
86.7,143.21,106.5
86.7,143.71,113.6
86.7,144.21,125.4
86.7,144.71,163.5
86.7,145.2,207.3
86.7,145.7,235
86.7,146.2,245.8
86.7,146.7,250.2
86.7,147.2,255.6
86.7,147.7,276.1
86.7,148.2,302
86.7,148.7,314
86.7,149.2,355.8
86.7,149.7,365.3
86.7,150.2,381.2
86.7,150.7,439.8
86.7,151.2,496.8
86.7,151.7,557
86.7,152.2,621.6
86.7,152.7,685.3
86.7,153.2,756.3
86.7,153.7,811.6
86.7,154.2,863.4
86.7,154.7,909.1
86.7,155.2,961.3
86.7,155.7,997.9
86.7,156.2,1029
86.7,156.7,1063.3
86.7,157.2,1107.1
86.7,157.7,1144.9
86.7,158.2,1167.9
86.7,158.7,1206.9
86.7,159.2,1232.1
86.7,159.7,1211.7
86.7,160.19,1194.3
86.7,160.69,1192
86.7,161.19,1192.5
86.7,161.69,1197.1
86.7,162.19,1205.6
86.7,162.69,1208.8
86.7,163.19,1202.5
86.7,163.69,1194
86.7,164.19,1180.4
86.7,164.69,1166.4
86.7,165.19,1154.8
86.7,165.69,1146.2
86.7,166.19,1139
86.7,166.69,1136.9
86.7,167.19,1138.1
86.7,167.69,1137.6
86.7,168.19,1131.9
86.7,168.69,1123.8
86.7,169.19,1118.6
86.7,169.69,1115.3
86.7,170.19,1112.2
86.7,170.69,1112.3
86.7,171.19,1113.8
86.7,171.69,1105.6
86.7,172.19,1100.4
86.7,172.69,1105.7
86.7,173.19,1113
86.7,173.69,1122
86.7,174.19,1121.8
86.7,174.68,1108.4
86.7,175.18,1093.4
86.7,175.68,1079
86.7,176.18,1062.7
86.7,176.68,1049.9
86.7,177.18,1031.8
86.7,177.68,970.2
86.7,178.18,821.5
86.7,178.68,654.5
86.7,179.18,555
86.7,179.68,510
86.7,180.18,477.7
86.7,180.68,484.3
86.7,181.18,525.2
86.7,181.68,565.9
86.7,182.18,603.4
86.7,182.68,638
86.7,183.18,638.1
86.7,183.68,576.5
86.7,184.18,507.5
86.7,184.68,469.2
86.7,185.18,453
86.7,185.68,449.1
86.7,186.18,460.5
86.7,186.68,500
86.7,187.18,566.5
86.7,187.68,523.2
86.7,188.18,501.9
86.7,188.68,528.9
86.7,189.18,561.9
86.7,189.67,582
86.7,190.17,597.6
86.7,190.67,617
86.7,191.17,638.9
86.7,191.67,658.7
86.7,192.17,675.2
86.7,192.67,693.1
86.7,193.17,713.3
86.7,193.67,730
86.7,194.17,746.4
86.7,194.67,757.6
86.7,195.17,762.5
86.7,195.67,774.3
86.7,196.17,784.7
86.7,196.67,788.7
86.7,197.17,779
86.7,197.67,759.6
86.7,198.17,741.9
86.7,198.67,728.3
86.7,199.17,723.5
86.7,199.67,741.5
86.7,200.17,776.4
86.7,200.67,812.9
86.7,201.17,865
86.7,201.67,898.5
86.7,202.17,910.5
86.7,202.67,931.3
86.7,203.17,965.2
86.7,203.67,997.2
86.7,204.16,1018.8
86.7,204.66,974.3
86.7,205.16,930.7
86.7,205.66,957.3
86.7,206.16,1069.7
86.7,206.66,1242.8
86.7,207.16,1371
86.7,207.66,1444.1
86.7,208.16,1534.5
86.7,208.66,1615
86.7,209.16,1706.9
86.7,209.66,1844.2
86.7,210.16,2002.1
86.7,210.66,2199.5
86.7,211.16,2360.3
86.7,211.66,2494.1
86.7,212.16,2656.3
86.7,212.66,2799.6
86.7,213.16,2912.8
86.7,213.66,3034.2
86.7,214.16,3183.9
86.7,214.66,3328.1
86.7,215.16,3483.3
86.7,215.66,3659
86.7,216.16,3786.1
86.7,216.66,3875.7
86.7,217.16,3904.3
86.7,217.66,3913.8
86.7,218.15,3918.9
86.7,218.65,3922.1
86.7,219.15,3923.2
86.7,219.65,3922.5
86.7,220.15,3923
86.7,220.65,3925
86.7,221.15,3927
86.7,221.65,3916.7
86.7,222.15,3907.8
86.7,222.65,3905.2
86.7,223.15,3906.6
86.7,223.65,3918.3
86.7,224.15,3930.9
86.7,224.65,3943.6
86.7,225.15,3949.1
86.7,225.65,3941.9
86.7,226.15,3927.2
86.7,226.65,3914.4
86.7,227.15,3904.2
86.7,227.65,3895.1
86.7,228.15,3874
86.7,228.65,3830.9
86.7,229.15,3798
86.7,229.65,3777.4
86.7,230.15,3762.6
86.7,230.65,3760.4
86.7,231.15,3765.3
86.7,231.65,3769.4
86.7,232.14,3777.7
86.7,232.64,3788.2
86.7,233.14,3775.9
86.7,233.64,3776.5
86.7,234.14,3773.2
86.7,234.64,3752.5
86.7,235.14,3740.4
86.7,235.64,3731.9
86.7,236.14,3735.8
86.7,236.64,3750.9
86.7,237.14,3770.8
86.7,237.64,3789
86.7,238.14,3800.1
86.7,238.64,3807.5
86.7,239.14,3818.2
86.7,239.64,3823.1
86.7,240.14,3824.5
86.7,240.64,3828
86.7,241.14,3830.5
86.7,241.64,3833.5
86.7,242.14,3835
86.7,242.64,3833.8
86.7,243.14,3829.2
86.7,243.64,3816.8
86.7,244.14,3815.7
86.7,244.64,3812.9
86.7,245.14,3794.7
86.7,245.64,3744.6
86.7,246.13,3705.8
86.7,246.63,3703.9
86.7,247.13,3704.6
86.7,247.63,3706.1
86.7,248.13,3714
86.7,248.63,3722.9
86.7,249.13,3728.7
86.7,249.63,3733.2
86.7,250.13,3735
86.7,250.63,3740.6
86.7,251.13,3771.1
86.7,251.63,3796.8
86.7,252.13,3801.2
86.7,252.63,3804.3
86.7,253.13,3808.6
86.7,253.63,3812.8
86.7,254.13,3814.6
86.7,254.63,3817.5
86.7,255.13,3821.6
86.7,255.63,3824.7
86.7,256.13,3826
86.7,256.63,3826.6
86.7,257.13,3828.2
86.7,257.63,3830.3
86.7,258.13,3832.5
86.7,258.63,3834.3
86.7,259.13,3834.8
86.7,259.63,3836.2
86.7,260.12,3839.3
86.7,260.62,3837.7
86.7,261.12,3830.8
86.7,261.62,3821.2
86.7,262.12,3813.7
86.7,262.62,3810
86.7,263.12,3809.8
86.7,263.62,3807.4
86.7,264.12,3804.1
86.7,264.62,3801.7
86.7,265.12,3798
86.7,265.62,3795.5
86.7,266.12,3796
86.7,266.62,3795.7
86.7,267.12,3794
86.7,267.62,3789.3
86.7,268.12,3783.7
86.7,268.62,3781
86.7,269.12,3777.9
86.7,269.62,3772.1
86.7,270.12,3777.1
86.7,270.62,3773.7
86.7,271.12,3779
86.7,271.62,3777.9
86.7,272.12,3787.8
86.7,272.62,3791.8
86.7,273.12,3795.8
86.7,273.62,3798.1
86.7,274.11,3787.8
86.7,274.61,3754
86.7,275.11,3743.8
86.7,275.61,3736.8
86.7,276.11,3747.9
86.7,276.61,3787.7
86.7,277.11,3803.3
86.7,277.61,3787.9
86.7,278.11,3777.9
86.7,278.61,3775.8
86.7,279.11,3783.2
86.7,279.61,3785.8
86.7,280.11,3781.9
86.7,280.61,3782
86.7,281.11,3784.8
86.7,281.61,3789
86.7,282.11,3791.4
86.7,282.61,3792.8
86.7,283.11,3792.6
86.7,283.61,3793.8
86.7,284.11,3798.3
86.7,284.61,3805.8
86.7,285.11,3795.7
86.7,285.61,3779.5
86.7,286.11,3797.2
86.7,286.61,3831
86.7,287.1,3827.6
86.7,287.6,3809.4
86.7,288.1,3807.9
86.7,288.6,3810.9
86.7,289.1,3817
86.7,289.6,3836.3
86.7,290.1,3861.4
86.7,290.6,3876.4
86.7,291.1,3881.9
86.7,291.6,3881
86.7,292.1,3872.3
86.7,292.6,3863.8
86.7,293.1,3859
86.7,293.6,3862.1
86.7,294.1,3866.4
86.7,294.6,3870.4
86.7,295.1,3871.5
86.7,295.6,3872.8
86.7,296.1,3876.8
86.7,296.6,3875.4
86.7,297.1,3876.3
86.7,297.6,3884
86.7,298.1,3891.6
86.7,298.6,3895.6
86.7,299.1,3897.5
86.7,299.6,3900.2
86.7,300.09,3903.2
86.7,300.59,3906.9
86.7,301.09,3909.5
86.7,301.59,3912.1
86.7,302.09,3918.3
86.7,302.59,3933.7
86.7,303.09,3973.7
86.7,303.59,4022.7
86.7,304.09,4047.3
86.7,304.59,4062.5
86.7,305.09,4074.1
86.7,305.59,4085.8
86.7,306.09,4096.4
86.7,306.59,4106
86.7,307.09,4115.3
86.7,307.59,4121.7
86.7,308.09,4128.8
86.7,308.59,4132.7
86.7,309.09,4129.4
86.7,309.59,4127.7
86.7,310.09,4124.6
86.7,310.59,4123.7
86.7,311.09,4124.5
86.7,311.59,4123.7
86.7,312.09,4121.2
86.7,312.59,4119.9
86.7,313.09,4121.3
86.7,313.58,4111.4
86.7,314.08,4110.1
86.7,314.58,4116.4
86.7,315.08,4122
86.7,315.58,4127.6
86.7,316.08,4133.3
86.7,316.58,4136.1
86.7,317.08,4139
86.7,317.58,4148.7
86.7,318.08,4158.8
86.7,318.58,4169.7
86.7,319.08,4197.7
86.7,319.58,4224.2
86.7,320.08,4238.6
86.7,320.58,4241.6
86.7,321.08,4213.5
86.7,321.58,4146.2
86.7,322.08,4125.9
86.7,322.58,4085.5
86.7,323.08,4041.8
86.7,323.58,4014.2
86.7,324.08,4024.4
86.7,324.58,4061.6
86.7,325.08,4104.3
86.7,325.58,4131.8
86.7,326.08,4140.9
86.7,326.57,4182.3
86.7,327.07,4197.4
86.7,327.57,4184.4
86.7,328.07,4170.7
86.7,328.57,4164.3
86.7,329.07,4159.5
86.7,329.57,4157.8
86.7,330.07,4154.1
86.7,330.57,4148.4
86.7,331.07,4145.9
86.7,331.57,4142.7
86.7,332.07,4138.8
86.7,332.57,4137.5
86.7,333.07,4140.8
86.7,333.57,4144.7
86.7,334.07,4143
86.7,334.57,4139.1
86.7,335.07,4134.7
86.7,335.57,4127.7
86.7,336.07,4124.7
86.7,336.57,4124.9
86.7,337.07,4125.3
86.7,337.57,4126.8
86.7,338.07,4130.1
86.7,338.57,4131.2
86.7,339.07,4132.8
86.7,339.57,4134.2
86.7,340.06,4131.9
86.7,340.56,4128.9
86.7,341.06,4126.4
86.7,341.56,4126.6
86.7,342.06,4130.4
86.7,342.56,4134.2
86.7,343.06,4145.8
86.7,343.56,4130.6
86.7,344.06,4077.5
86.7,344.56,4087.1
86.7,345.06,4112.5
86.7,345.56,4104
86.7,346.06,4057.3
86.7,346.56,4045.3
86.7,347.06,4036.2
86.7,347.56,4056
86.7,348.06,4066.7
86.7,348.56,4062.2
86.7,349.06,4053.6
86.7,349.56,4052.3
86.7,350.06,4061.5
86.7,350.56,4072.2
86.7,351.06,4073
86.7,351.56,4084.6
86.7,352.06,4104.8
86.7,352.56,4116.3
86.7,353.05,4135.8
86.7,353.55,4153.6
86.7,354.05,4165.9
86.7,354.55,4179.9
86.7,355.05,4209.4
86.7,355.55,4264.9
86.7,356.05,4321.9
86.7,356.55,4344
86.7,357.05,4344.1
86.7,357.55,4343.9
86.7,358.05,4344.3
86.7,358.55,4341.5
86.7,359.05,4340.6
86.7,359.55,4342.7
86.7,360.05,4339.5
86.7,360.55,4323.6
86.7,361.05,4328
86.7,361.55,4337.9
86.7,362.05,4341.5
86.7,362.55,4360
86.7,363.05,4372
86.7,363.55,4371.4
86.7,364.05,4374.7
86.7,364.55,4374.2
86.7,365.05,4364.2
86.7,365.55,4345.9
86.7,366.04,4332.5
86.7,366.54,4332
86.7,367.04,4320.3
86.7,367.54,4302
86.7,368.04,4290.1
86.7,368.54,4279.8
86.7,369.04,4285
86.7,369.54,4325
86.7,370.04,4381.3
86.7,370.54,4404.8
86.7,371.04,4409.2
86.7,371.54,4407.5
86.7,372.04,4401
86.7,372.54,4408.4
86.7,373.04,4417
86.7,373.54,4434.2
86.7,374.04,4444.2
86.7,374.54,4445.1
86.7,375.04,4443.6
86.7,375.54,4435.1
86.7,376.04,4406.2
86.7,376.54,4378.6
86.7,377.04,4382
86.7,377.54,4394.6
86.7,378.04,4390.5
86.7,378.54,4382
86.7,379.03,4366
86.7,379.53,4347.6
86.7,380.03,4340
86.7,380.53,4348.5
86.7,381.03,4339.8
86.7,381.53,4340.7
86.7,382.03,4363
86.7,382.53,4366.7
86.7,383.03,4366.7
86.7,383.53,4370.7
86.7,384.03,4375.3
86.7,384.53,4361.4
86.7,385.03,4359.4
86.7,385.53,4374.3
86.7,386.03,4370.8
86.7,386.53,4221.5
86.7,387.03,4103.2
86.7,387.53,4094.7
86.7,388.03,4082.4
86.7,388.53,4065.1
86.7,389.03,4172.2
86.7,389.53,4288.1
86.7,390.03,4300.9
86.7,390.53,4335.6
86.7,391.03,4377.9
86.7,391.53,4391.1
86.7,392.02,4387.9
86.7,392.52,4382.6
86.7,393.02,4381.6
86.7,393.52,4387
86.7,394.02,4343.2
86.7,394.52,4289.5
86.7,395.02,4283.5
86.7,395.52,4290.1
86.7,396.02,4314.9
86.7,396.52,4308.7
86.7,397.02,4198.1
86.7,397.52,4138.9
86.7,398.02,4164.7
86.7,398.52,4158.1
86.7,399.02,4120.7
86.7,399.52,4112.6
86.7,400.02,4096.1
86.7,400.52,4071.1
86.7,401.02,4069.8
86.7,401.52,4071.9
86.7,402.02,4064.1
86.7,402.52,4073.6
86.7,403.02,4094.9
86.7,403.52,4129.9
86.7,404.02,4179.8
86.7,404.52,4221.2
86.7,405.01,4251.3
86.7,405.51,4256.3
86.7,406.01,4270.1
86.7,406.51,4296.7
86.7,407.01,4324.3
86.7,407.51,4326.3
86.7,408.01,4313.7
86.7,408.51,4295.8
86.7,409.01,4296.1
86.7,409.51,4297.6
86.7,410.01,4295.4
86.7,410.51,4320.5
86.7,411.01,4328
86.7,411.51,4320.3
86.7,412.01,4309
86.7,412.51,4264.8
86.7,413.01,4233
86.7,413.51,4229.2
86.7,414.01,4215.3
86.7,414.51,4183.9
86.7,415.01,4165
86.7,415.51,4157.8
86.7,416.01,4172.5
86.7,416.51,4192.4
86.7,417.01,4210.9
86.7,417.51,4228.1
86.7,418,4225.1
86.7,418.5,4188.2
86.7,419,4124.3
86.7,419.5,4080.1
86.7,420,4077.8
86.7,420.5,4082.6
86.7,421,4086.1
86.7,421.5,4118.8
86.7,422,4148.7
86.7,422.5,4132.8
86.7,423,4099.6
86.7,423.5,4098.9
86.7,424,4095.8
86.7,424.5,4100.5
86.7,425,4106.3
86.7,425.5,4095.3
86.7,426,4084.3
86.7,426.5,4077.4
86.7,427,4067.4
86.7,427.5,4102.2
86.7,428,4125.7
86.7,428.5,4121.1
86.7,429,4081.1
86.7,429.5,3987.8
86.7,430,3957.7
86.7,430.49,4005.8
86.7,430.99,4071.1
86.7,431.49,4070.6
86.7,431.99,4078.3
86.7,432.49,4093.2
86.7,432.99,4101.3
86.7,433.49,4103.9
86.7,433.99,4105.8
86.7,434.49,4109.2
86.7,434.99,4108.9
86.7,435.49,4108.2
86.7,435.99,4129.8
86.7,436.49,4177.1
86.7,436.99,4192.6
86.7,437.49,4154.8
86.7,437.99,4137.9
86.7,438.49,4144.1
86.7,438.99,4161.2
86.7,439.49,4209.2
86.7,439.99,4275.5
86.7,440.49,4300.1
86.7,440.99,4254.9
86.7,441.49,4211.3
86.7,441.99,4186.1
86.7,442.49,4127.8
86.7,442.99,4051.6
86.7,443.48,4007.8
86.7,443.98,4000
86.7,444.48,3984.6
86.7,444.98,3995.5
86.7,445.48,4021.9
86.7,445.98,4048.4
86.7,446.48,4064.5
86.7,446.98,4066
86.7,447.48,4055.7
86.7,447.98,4046.8
86.7,448.48,4038.3
86.7,448.98,4041.4
86.7,449.48,4050.5
86.7,449.98,4074.3
86.7,450.48,4106.7
86.7,450.98,4114.9
86.7,451.48,4098.8
86.7,451.98,4073.5
86.7,452.48,4072.7
86.7,452.98,4092.6
86.7,453.48,4100.6
86.7,453.98,4103.2
86.7,454.48,4095.6
86.7,454.98,4083.5
86.7,455.48,4079.7
86.7,455.97,4097.1
86.7,456.47,4141.6
86.7,456.97,4230.3
86.7,457.47,4255.1
86.7,457.97,4220.1
86.7,458.47,4121.8
86.7,458.97,4047.5
86.7,459.47,4038.6
86.7,459.97,4091.3
86.7,460.47,4154.4
86.7,460.97,4218
86.7,461.47,4230.5
86.7,461.97,4218.3
86.7,462.47,4214
86.7,462.97,4262.4
86.7,463.47,4245.5
86.7,463.97,4202.3
86.7,464.47,4189.3
86.7,464.97,4189.4
86.7,465.47,4196
86.7,465.97,4198.7
86.7,466.47,4186.6
86.7,466.97,4175.9
86.7,467.47,4167.1
86.7,467.97,4158.9
86.7,468.47,4165.5
86.7,468.96,4179.8
86.7,469.46,4188
86.7,469.96,4187.7
86.7,470.46,4183.6
86.7,470.96,4191.6
86.7,471.46,4197.1
86.7,471.96,4204.6
86.7,472.46,4209
86.7,472.96,4200.7
86.7,473.46,4181.6
86.7,473.96,4157.8
86.7,474.46,4165.3
86.7,474.96,4179.9
86.7,475.46,4161
86.7,475.96,4154.8
86.7,476.46,4155.5
86.7,476.96,4150.1
86.7,477.46,4142.8
86.7,477.96,4136
86.7,478.46,4128.8
86.7,478.96,4119.4
86.7,479.46,4102
86.7,479.96,4065.4
86.7,480.46,3987.3
86.7,480.96,3918.2
86.7,481.45,3852.2
86.7,481.95,3822.1
86.7,482.45,3872.7
86.7,482.95,3900.6
86.7,483.45,3901.8
86.7,483.95,3911.8
86.7,484.45,3992
86.7,484.95,4016.8
86.7,485.45,4015.3
86.7,485.95,4024
86.7,486.45,4063.2
86.7,486.95,4089.4
86.7,487.45,4090.4
86.7,487.95,4092.7
86.7,488.45,4120.5
86.7,488.95,4149.6
86.7,489.45,4164.7
86.7,489.95,4167.7
86.7,490.45,4153
86.7,490.95,4129.4
86.7,491.45,4121.9
86.7,491.95,4112.8
86.7,492.45,4101
86.7,492.95,4082.2
86.7,493.45,4030.2
86.7,493.95,3952.3
86.7,494.44,3936.3
86.7,494.94,4060
86.7,495.44,4123.3
86.7,495.94,4123.7
86.7,496.44,4111.5
86.7,496.94,4119.1
86.7,497.44,4130.1
86.7,497.94,4137.2
86.7,498.44,4154.4
86.7,498.94,4170.8
86.7,499.44,4174.2
86.7,499.94,4113.7
86.7,500.44,4022.2
86.7,500.94,3910.6
86.7,501.44,3850
86.7,501.94,3825
86.7,502.44,3850.9
86.7,502.94,3969.9
86.7,503.44,4076.7
86.7,503.94,4114.8
86.7,504.44,4157
86.7,504.94,4192.6
86.7,505.44,4197.2
86.7,505.94,4194.5
86.7,506.43,4195.8
86.7,506.93,4197.9
86.7,507.43,4199.6
86.7,507.93,4198.6
86.7,508.43,4201.6
86.7,508.93,4197.8
86.7,509.43,4190.7
86.7,509.93,4173.9
86.7,510.43,4162.1
86.7,510.93,4168.5
86.7,511.43,4173.8
86.7,511.93,4162.5
86.7,512.43,4124.3
86.7,512.93,4062.6
86.7,513.43,3986.5
86.7,513.93,3766.1
86.7,514.43,3559.6
86.7,514.93,3504.5
86.7,515.43,3482.9
86.7,515.93,3474
86.7,516.43,3494.8
86.7,516.93,3533.9
86.7,517.43,3602.3
86.7,517.93,3687.7
86.7,518.43,3797.7
86.7,518.92,3902.2
86.7,519.42,3976
86.7,519.92,4038.7
86.7,520.42,4087.9
86.7,520.92,4105.2
86.7,521.42,4079.7
86.7,521.92,4075.4
86.7,522.42,4076.2
86.7,522.92,4079.1
86.7,523.42,4077.4
86.7,523.92,4074.2
86.7,524.42,4069.5
86.7,524.92,4063.4
86.7,525.42,4059.7
86.7,525.92,4062.2
86.7,526.42,4051.5
86.7,526.92,4042.6
86.7,527.42,4048.2
86.7,527.92,4055.9
86.7,528.42,4060.7
86.7,528.92,4070.3
86.7,529.42,4075.2
86.7,529.92,4068.9
86.7,530.42,4063.1
86.7,530.91,4065.9
86.7,531.41,4078.8
86.7,531.91,4090.4
86.7,532.41,4100.4
86.7,532.91,4098.3
86.7,533.41,4091.7
86.7,533.91,4085.8
86.7,534.41,4086.1
86.7,534.91,4090.9
86.7,535.41,4092.1
86.7,535.91,4092.5
86.7,536.41,4094.1
86.7,536.91,4098.8
86.7,537.41,4109.2
86.7,537.91,4121.8
86.7,538.41,4127.4
86.7,538.91,4147.9
86.7,539.41,4135.5
86.7,539.91,4104.1
86.7,540.41,4097.3
86.7,540.91,4089.9
86.7,541.41,4078.9
86.7,541.91,4065.6
86.7,542.41,4062.9
86.7,542.9,4071
86.7,543.4,4070.6
86.7,543.9,4054.8
86.7,544.4,4035.9
86.7,544.9,4025.5
86.7,545.4,4034.5
86.7,545.9,4038.6
86.7,546.4,4038.6
86.7,546.9,4042.6
86.7,547.4,4032.8
86.7,547.9,4022.6
86.7,548.4,4034.5
86.7,548.9,4046.2
86.7,549.4,4052
86.7,549.9,4070.2
86.7,550.4,4090.4
86.7,550.9,4087.9
86.7,551.4,4071.4
86.7,551.9,4070.1
86.7,552.4,4079.4
86.7,552.9,4088.2
86.7,553.4,4089.4
86.7,553.9,4091.1
86.7,554.4,4091.9
86.7,554.89,4084.9
86.7,555.39,4078.6
86.7,555.89,4070.3
86.7,556.39,4067.1
86.7,556.89,4071.4
86.7,557.39,4075.9
86.7,557.89,4082
86.7,558.39,4084.8
86.7,558.89,4078.7
86.7,559.39,4078.9
86.7,559.89,4080.7
86.7,560.39,4083.3
86.7,560.89,4083.6
86.7,561.39,4057.1
86.7,561.89,4010.7
86.7,562.39,3976.4
86.7,562.89,3962.1
86.7,563.39,3952.9
86.7,563.89,3963.1
86.7,564.39,3975.1
86.7,564.89,3998.4
86.7,565.39,4063.5
86.7,565.89,4107.6
86.7,566.39,4123.9
86.7,566.89,4117.4
86.7,567.38,4103.5
86.7,567.88,4095.8
86.7,568.38,4080
86.7,568.88,4047
86.7,569.38,3965.1
90,-5.18,0
90,-4.7,0
90,-4.23,0
90,-3.76,0
90,-3.29,0
90,-2.82,0
90,-2.35,0
90,-1.88,0
90,-1.41,0
90,-0.94,0
90,-0.47,15.6
90,0,29.4
90,0.44,38.9
90,0.89,45.6
90,1.33,53
90,1.77,62.4
90,2.22,80.9
90,2.71,148.6
90,3.2,288.3
90,3.7,407.7
90,4.19,498.3
90,4.68,526.8
90,5.18,575.2
90,5.67,605.7
90,6.16,625.3
90,6.66,634.3
90,7.15,635.6
90,7.64,635.5
90,8.13,636.2
90,8.63,635.4
90,9.12,637
90,9.61,638.2
90,10.11,637.8
90,10.6,634.9
90,11.09,629.6
90,11.59,629
90,12.08,642.3
90,12.57,644.4
90,13.06,644.9
90,13.56,639
90,14.05,636.5
90,14.54,630.6
90,15.04,626.8
90,15.53,630.9
90,16.02,637.9
90,16.52,628.3
90,17.01,617.4
90,17.51,609.7
90,18.01,600.5
90,18.51,583.1
90,19.01,561.6
90,19.51,536
90,20.01,509.4
90,20.51,481.5
90,21.01,450.6
90,21.51,413.8
90,22.01,369.9
90,22.51,340.5
90,23,344.2
90,23.5,356.7
90,24,385.3
90,24.5,398.7
90,25,417.1
90,25.5,444.7
90,26,526.5
90,26.5,634.8
90,27,685.2
90,27.5,698.7
90,28,709.4
90,28.5,711.7
90,29,708
90,29.5,714.7
90,30,718.7
90,30.5,722.5
90,31,737.6
90,31.5,749.7
90,32,750.7
90,32.5,745.8
90,33,750.4
90,33.5,758.2
90,34,763.4
90,34.5,767
90,35,770.8
90,35.5,776
90,36,784.9
90,36.5,804.2
90,37,814.2
90,37.5,805.8
90,37.99,802.2
90,38.49,782.6
90,38.99,749.7
90,39.49,740.2
90,39.99,749.4
90,40.49,766.6
90,40.99,782.4
90,41.49,794.7
90,41.99,800.2
90,42.49,804
90,42.99,807.4
90,43.49,810.5
90,43.99,812.5
90,44.49,806.1
90,44.99,768.7
90,45.49,692.6
90,45.99,591.6
90,46.49,498
90,46.99,419.9
90,47.49,371.2
90,47.99,345.8
90,48.49,325.4
90,48.99,307.4
90,49.49,289.8
90,49.99,271.7
90,50.49,253
90,50.99,237.7
90,51.49,235.6
90,51.99,246.9
90,52.49,273.5
90,52.98,301.7
90,53.48,335.5
90,53.98,379
90,54.48,459
90,54.97,603
90,55.46,771
90,55.96,892.7
90,56.45,989
90,56.94,1059.5
90,57.43,1115.5
90,57.93,1133.3
90,58.42,1138.6
90,58.91,1139.5
90,59.41,1140
90,59.9,1141.9
90,60.39,1141.3
90,60.89,1140.5
90,61.38,1141.7
90,61.87,1143.3
90,62.36,1146
90,62.86,1147.6
90,63.35,1149.9
90,63.84,1153.2
90,64.34,1155.5
90,64.83,1156.6
90,65.32,1159
90,65.82,1162.4
90,66.31,1165.7
90,66.8,1169
90,67.29,1172.4
90,67.79,1175.3
90,68.28,1177.4
90,68.77,1178.9
90,69.27,1180.1
90,69.77,1180.6
90,70.26,1181.9
90,70.76,1185.7
90,71.26,1190.5
90,71.76,1195.2
90,72.25,1203.5
90,72.75,1208.2
90,73.25,1210.4
90,73.74,1213.1
90,74.24,1215.7
90,74.74,1217.6
90,75.24,1219.6
90,75.73,1223.4
90,76.23,1227.9
90,76.73,1231.2
90,77.22,1232.1
90,77.72,1233
90,78.22,1234.3
90,78.72,1235.7
90,79.21,1235.8
90,79.71,1235.8
90,80.21,1238.2
90,80.7,1237
90,81.2,1238.2
90,81.7,1240.4
90,82.2,1242.4
90,82.69,1243.9
90,83.19,1246
90,83.69,1248.3
90,84.18,1250.5
90,84.68,1253.3
90,85.18,1255.1
90,85.68,1256.3
90,86.17,1257.5
90,86.67,1257.5
90,87.17,1254.1
90,87.66,1249.7
90,88.16,1243.8
90,88.66,1234.8
90,89.16,1225.3
90,89.65,1217.8
90,90.15,1195.1
90,90.65,1122.6
90,91.14,1026.3
90,91.64,767.6
90,92.14,632.6
90,92.64,530.6
90,93.13,419.7
90,93.63,313.5
90,94.13,226.4
90,94.62,176.2
90,95.12,150.5
90,95.62,147.7
90,96.12,157.2
90,96.61,180.1
90,97.11,206.1
90,97.61,225.1
90,98.1,245.6
90,98.6,267.6
90,99.1,287.5
90,99.6,307.6
90,100.09,329.4
90,100.59,360
90,101.09,412.2
90,101.58,493.5
90,102.08,571.6
90,102.58,672.2
90,103.08,787.2
90,103.57,888.3
90,104.07,935.1
90,104.57,1033.7
90,105.06,1093.2
90,105.56,1149.8
90,106.06,1206.1
90,106.56,1287.3
90,107.05,1310.5
90,107.55,1325
90,108.05,1339.8
90,108.54,1347.6
90,109.04,1343.9
90,109.54,1352.8
90,110.04,1364.8
90,110.53,1380.2
90,111.03,1393.1
90,111.53,1400.4
90,112.02,1383.4
90,112.52,1374.3
90,113.02,1373.5
90,113.52,1371.6
90,114.01,1338.3
90,114.51,1323.8
90,115.01,1332.7
90,115.5,1348.5
90,116,1368.6
90,116.5,1397.5
90,117,1436.4
90,117.49,1475
90,117.99,1532
90,118.49,1577.7
90,118.98,1606.7
90,119.48,1622.8
90,119.98,1626.4
90,120.47,1627.4
90,120.97,1632
90,121.47,1640.2
90,121.97,1651.7
90,122.46,1638.5
90,122.96,1610.1
90,123.46,1613.5
90,123.95,1638.2
90,124.45,1666.1
90,124.95,1689.5
90,125.45,1701.8
90,125.94,1706.3
90,126.44,1709
90,126.94,1710.7
90,127.43,1707
90,127.93,1699
90,128.43,1693
90,128.93,1686.3
90,129.42,1674.8
90,129.92,1664.5
90,130.42,1659
90,130.91,1656.4
90,131.41,1652.9
90,131.91,1648.6
90,132.41,1645.2
90,132.9,1642.7
90,133.4,1645.1
90,133.9,1646.9
90,134.39,1646.6
90,134.89,1642
90,135.39,1633.5
90,135.89,1628.7
90,136.38,1629.3
90,136.88,1635
90,137.38,1641.8
90,137.87,1644.6
90,138.37,1644.6
90,138.87,1639.9
90,139.37,1629.3
90,139.86,1619.4
90,140.36,1609.7
90,140.86,1599.5
90,141.35,1587.4
90,141.85,1572.9
90,142.35,1558.9
90,142.85,1546.5
90,143.34,1530.5
90,143.84,1513.4
90,144.34,1499.6
90,144.83,1479.6
90,145.33,1451.5
90,145.83,1416.8
90,146.33,1375.3
90,146.82,1338.6
90,147.32,1265.5
90,147.82,1175.9
90,148.31,1120.5
90,148.81,1081.4
90,149.31,1043.2
90,149.81,1005.8
90,150.3,969.4
90,150.8,925.9
90,151.3,861.8
90,151.79,775.5
90,152.29,710.2
90,152.79,663.1
90,153.29,619.2
90,153.78,578.8
90,154.28,542.1
90,154.78,502
90,155.27,464.4
90,155.77,439
90,156.27,440.4
90,156.77,441.8
90,157.26,414.4
90,157.76,363.9
90,158.26,349.7
90,158.75,332.1
90,159.25,320.2
90,159.75,308.9
90,160.25,313.4
90,160.74,307
90,161.24,297.7
90,161.74,292.8
90,162.23,296.8
90,162.73,305.8
90,163.23,323.6
90,163.73,316.4
90,164.22,304.8
90,164.72,315.4
90,165.22,342.3
90,165.71,384.8
90,166.21,437.1
90,166.71,522.1
90,167.2,611.9
90,167.7,689
90,168.2,730.2
90,168.7,736.9
90,169.19,724.9
90,169.69,722.1
90,170.19,723.7
90,170.68,712
90,171.18,694.4
90,171.68,680.1
90,172.18,665.6
90,172.67,646.2
90,173.17,631
90,173.67,626.4
90,174.16,638.9
90,174.66,653.1
90,175.16,665.9
90,175.66,677.4
90,176.15,686.2
90,176.65,712.7
90,177.15,749
90,177.64,801.8
90,178.14,862.2
90,178.64,880.9
90,179.14,913.2
90,179.63,986.9
90,180.13,1031.6
90,180.63,1056.8
90,181.12,1102.2
90,181.62,1146.4
90,182.12,1183.2
90,182.62,1209.4
90,183.11,1214.6
90,183.61,1217.9
90,184.11,1221.8
90,184.6,1234.9
90,185.1,1261.6
90,185.6,1290.8
90,186.1,1311.3
90,186.59,1318
90,187.09,1315.4
90,187.59,1301.2
90,188.09,1250.7
90,188.58,1131.1
90,189.08,954.9
90,189.58,777.2
90,190.08,658.5
90,190.57,646.9
90,191.07,617.1
90,191.57,634.1
90,192.07,628.3
90,192.56,627.2
90,193.06,623.5
90,193.56,608.6
90,194.06,571.9
90,194.56,466.4
90,195.05,382.8
90,195.55,432.9
90,196.05,577.8
90,196.55,836.9
90,197.04,870.9
90,197.54,888.6
90,198.04,910.3
90,198.54,974.4
90,199.04,1019.8
90,199.53,1046
90,200.03,1058.6
90,200.53,1060.9
90,201.03,1060
90,201.52,1040
90,202.02,984.4
90,202.52,940
90,203.02,931.1
90,203.51,914.5
90,204.01,813.7
90,204.51,649.1
90,205.01,487.7
90,205.51,355.8
90,206,308.9
90,206.5,289.4
90,207,281.8
90,207.5,305.2
90,207.99,393.4
90,208.49,474.1
90,208.99,559.7
90,209.49,655.2
90,209.98,739.7
90,210.48,837.8
90,210.98,929.4
90,211.48,1013.9
90,211.98,1098.5
90,212.47,1155.9
90,212.97,1186.6
90,213.47,1201.8
90,213.97,1212.7
90,214.46,1230.6
90,214.96,1261.1
90,215.46,1279.4
90,215.96,1286.1
90,216.45,1298.2
90,216.95,1316.3
90,217.45,1336.1
90,217.95,1359.9
90,218.45,1380.8
90,218.94,1395.8
90,219.44,1357.3
90,219.94,1279.2
90,220.44,1280.3
90,220.93,1345.9
90,221.43,1421.2
90,221.93,1460
90,222.43,1499.5
90,222.93,1537.9
90,223.42,1532.6
90,223.92,1507.4
90,224.42,1500.9
90,224.92,1502.6
90,225.41,1507.5
90,225.91,1512.7
90,226.41,1518.9
90,226.91,1529.1
90,227.4,1544.8
90,227.9,1563.3
90,228.4,1572.7
90,228.9,1590.4
90,229.4,1616.9
90,229.89,1609.1
90,230.39,1596.2
90,230.89,1560.7
90,231.39,1490.5
90,231.88,1406.7
90,232.38,1359.1
90,232.88,1340.2
90,233.38,1315.7
90,233.87,1273.2
90,234.37,1228
90,234.87,1182.2
90,235.37,1128.9
90,235.87,1087.3
90,236.36,1042.4
90,236.86,1024.3
90,237.36,1005.7
90,237.86,976.5
90,238.35,944
90,238.85,899
90,239.35,860.1
90,239.85,834.8
90,240.35,894.8
90,240.85,949.2
90,241.35,981.1
90,241.85,996.9
90,242.35,1006.6
90,242.85,1013.6
90,243.35,1042.9
90,243.85,1107.2
90,244.35,1204.8
90,244.85,1295
90,245.35,1388.5
90,245.85,1452.6
90,246.35,1464.7
90,246.85,1447.5
90,247.35,1464.9
90,247.85,1505.7
90,248.34,1549.4
90,248.84,1569.3
90,249.34,1600.8
90,249.84,1671.4
90,250.34,1753.8
90,250.84,1847.4
90,251.34,1982.4
90,251.84,2123.9
90,252.34,2202.1
90,252.84,2235.3
90,253.34,2233.2
90,253.84,2212.1
90,254.34,2175.9
90,254.84,2203.3
90,255.34,2289.1
90,255.84,2390
90,256.34,2462.2
90,256.84,2537.7
90,257.34,2637.4
90,257.84,2650.3
90,258.34,2621.5
90,258.84,2638.1
90,259.34,2682.4
90,259.84,2780.9
90,260.34,2988.5
90,260.84,3133
90,261.33,3200.1
90,261.83,3216.3
90,262.33,3208.3
90,262.83,3196.5
90,263.33,3201.2
90,263.83,3219
90,264.33,3245.1
90,264.83,3271.4
90,265.33,3285.1
90,265.83,3301.6
90,266.33,3310.8
90,266.83,3309.6
90,267.33,3311.7
90,267.83,3325.3
90,268.33,3347.7
90,268.83,3385.6
90,269.33,3410.3
90,269.83,3477.4
90,270.33,3603.1
90,270.83,3674.7
90,271.33,3691.1
90,271.83,3701.1
90,272.33,3709.4
90,272.83,3729.1
90,273.33,3747.4
90,273.83,3761.3
90,274.32,3782.1
90,274.82,3799.7
90,275.32,3807.9
90,275.82,3816.7
90,276.32,3830.3
90,276.82,3842.4
90,277.32,3851.1
90,277.82,3858.7
90,278.32,3861.7
90,278.82,3860.6
90,279.32,3859.7
90,279.82,3858.3
90,280.32,3856.1
90,280.82,3855
90,281.32,3854.5
90,281.82,3854.2
90,282.32,3850.9
90,282.82,3851
90,283.32,3852.9
90,283.82,3853
90,284.32,3851.5
90,284.82,3850.8
90,285.32,3851.1
90,285.82,3851
90,286.32,3846.6
90,286.82,3841.8
90,287.31,3839.4
90,287.81,3839.1
90,288.31,3839.3
90,288.81,3838.1
90,289.31,3836.6
90,289.81,3834.8
90,290.31,3834.6
90,290.81,3831.9
90,291.31,3839.6
90,291.81,3849.4
90,292.31,3848.9
90,292.81,3845.1
90,293.31,3841.4
90,293.81,3837.1
90,294.31,3835.5
90,294.81,3837.8
90,295.31,3840.3
90,295.81,3840.5
90,296.31,3839.4
90,296.81,3839
90,297.31,3839
90,297.81,3838.8
90,298.31,3840.8
90,298.81,3841.8
90,299.31,3839.1
90,299.81,3834.1
90,300.3,3832.7
90,300.8,3832.4
90,301.3,3831.9
90,301.8,3832.2
90,302.3,3832.8
90,302.8,3829.1
90,303.3,3827
90,303.8,3823.4
90,304.3,3822.6
90,304.8,3822.4
90,305.3,3824.1
90,305.8,3825.1
90,306.3,3826
90,306.8,3825.5
90,307.3,3828.9
90,307.8,3837.1
90,308.3,3829.4
90,308.8,3833.5
90,309.3,3840.3
90,309.8,3840.3
90,310.3,3830.6
90,310.8,3825.4
90,311.3,3822.6
90,311.8,3820.9
90,312.3,3823.8
90,312.8,3834.4
90,313.29,3840.7
90,313.79,3812.7
90,314.29,3783.5
90,314.79,3784.9
90,315.29,3788.1
90,315.79,3784
90,316.29,3698.6
90,316.79,3511
90,317.29,3391.8
90,317.79,3354.8
90,318.29,3296.7
90,318.79,3222.7
90,319.29,3213.2
90,319.79,3271.8
90,320.29,3309.3
90,320.79,3413.7
90,321.29,3634.2
90,321.79,3722.1
90,322.29,3687.3
90,322.79,3685.1
90,323.29,3734.3
90,323.79,3720.8
90,324.29,3718.4
90,324.79,3715.9
90,325.29,3720.1
90,325.78,3736.3
90,326.28,3744.4
90,326.78,3739
90,327.28,3717.3
90,327.78,3695.7
90,328.28,3696.4
90,328.78,3732.6
90,329.28,3821.7
90,329.78,3942.6
90,330.28,3995.2
90,330.78,3985.4
90,331.28,3969
90,331.78,3958.4
90,332.28,3953
90,332.78,3954.9
90,333.28,3958.7
90,333.78,3965.9
90,334.28,3967.5
90,334.78,3950.3
90,335.28,3924.1
90,335.78,3896.7
90,336.28,3878.9
90,336.78,3879.8
90,337.28,3886.7
90,337.78,3879.5
90,338.28,3857.5
90,338.77,3835.3
90,339.27,3816
90,339.77,3776.4
90,340.27,3767
90,340.77,3795.9
90,341.27,3800.2
90,341.77,3777.7
90,342.27,3714.2
90,342.77,3676.9
90,343.27,3668.3
90,343.77,3667.8
90,344.27,3661.6
90,344.77,3744.8
90,345.27,3864.3
90,345.77,3950.1
90,346.27,3996.8
90,346.77,4025.3
90,347.27,4042.6
90,347.77,4052.4
90,348.27,4059.3
90,348.77,4063
90,349.27,4074
90,349.77,4077.1
90,350.27,4072.7
90,350.77,4032.8
90,351.26,3993.6
90,351.76,4017.5
90,352.26,4142.7
90,352.76,4319.2
90,353.26,4498.4
90,353.76,4608.9
90,354.26,4655.2
90,354.76,4648.2
90,355.26,4639.5
90,355.76,4634.9
90,356.26,4633.3
90,356.76,4637.7
90,357.26,4645.1
90,357.76,4650.7
90,358.26,4652.6
90,358.76,4651.3
90,359.26,4643.6
90,359.76,4634.7
90,360.26,4634.3
90,360.76,4634.4
90,361.26,4631.1
90,361.76,4627
90,362.26,4622.7
90,362.76,4617.7
90,363.26,4603.4
90,363.76,4577.4
90,364.25,4535.3
90,364.75,4451.6
90,365.25,4391
90,365.75,4337.5
90,366.25,4246.7
90,366.75,4211.8
90,367.25,4228.1
90,367.75,4216.4
90,368.25,4185.4
90,368.75,4154.9
90,369.25,4134.6
90,369.75,4119.4
90,370.25,4089.9
90,370.75,4066.8
90,371.25,4060.7
90,371.75,4047
90,372.25,4029.6
90,372.75,3992.9
90,373.25,3949.6
90,373.75,3919
90,374.25,3892.8
90,374.75,3895.6
90,375.25,3872.7
90,375.75,3856.4
90,376.25,3858.2
90,376.74,3854
90,377.24,3848.6
90,377.74,3842.1
90,378.24,3817.2
90,378.74,3801.2
90,379.24,3797.4
90,379.74,3796.2
90,380.24,3797.3
90,380.74,3789
90,381.24,3770.3
90,381.74,3750.9
90,382.24,3724.4
90,382.74,3707
90,383.24,3698.8
90,383.74,3675.7
90,384.24,3666.1
90,384.74,3662.6
90,385.24,3655.7
90,385.74,3648.6
90,386.24,3669.3
90,386.74,3682
90,387.24,3695.9
90,387.74,3703.6
90,388.24,3694.7
90,388.74,3695
90,389.23,3701.4
90,389.73,3713.4
90,390.23,3733.1
90,390.73,3749.2
90,391.23,3768.2
90,391.73,3800.8
90,392.23,3812.9
90,392.73,3807
90,393.23,3808.1
90,393.73,3807.2
90,394.23,3808.9
90,394.73,3819.5
90,395.23,3828.9
90,395.73,3831
90,396.23,3823.5
90,396.73,3832
90,397.23,3867.6
90,397.73,3892.3
90,398.23,3908.5
90,398.73,3928.2
90,399.23,3946.6
90,399.73,3968.5
90,400.23,3977.4
90,400.73,3975.1
90,401.23,3956.8
90,401.72,3914.5
90,402.22,3894.5
90,402.72,3898.1
90,403.22,3897.5
90,403.72,3885
90,404.22,3864.2
90,404.72,3831.7
90,405.22,3781.2
90,405.72,3740.1
90,406.22,3750.6
90,406.72,3790.7
90,407.22,3817.6
90,407.72,3834.8
90,408.22,3847.7
90,408.72,3861.8
90,409.22,3873.9
90,409.72,3884.2
90,410.22,3888
90,410.72,3887.1
90,411.22,3898.6
90,411.72,3923.8
90,412.22,3931.8
90,412.72,3924
90,413.22,3957.8
90,413.71,3993.3
90,414.21,4059.4
90,414.71,4144.5
90,415.21,4191.4
90,415.71,4198
90,416.21,4188.2
90,416.71,4181.7
90,417.21,4175.8
90,417.71,4167.9
90,418.21,4159.7
90,418.71,4177.4
90,419.21,4184.9
90,419.71,4186.3
90,420.21,4188.5
90,420.71,4205.4
90,421.21,4226.7
90,421.71,4240.3
90,422.21,4215.5
90,422.71,4195.4
90,423.21,4080.8
90,423.71,3968.7
90,424.21,3927.5
90,424.71,3915
90,425.21,3896.3
90,425.7,3894.7
90,426.2,3917.2
90,426.7,3920.6
90,427.2,3900.8
90,427.7,3863.9
90,428.2,3742.7
90,428.7,3573.2
90,429.2,3487.1
90,429.7,3449.4
90,430.2,3399.9
90,430.7,3362.4
90,431.2,3388.4
90,431.7,3420.8
90,432.2,3436.2
90,432.7,3528.2
90,433.2,3749.1
90,433.7,3939.8
90,434.2,4021.8
90,434.7,4052.2
90,435.2,4070
90,435.7,4091.6
90,436.2,4103.8
90,436.7,4104
90,437.2,4104.3
90,437.69,4088.7
90,438.19,4063.2
90,438.69,4064.2
90,439.19,4077.6
90,439.69,4088.9
90,440.19,4092
90,440.69,4088.8
90,441.19,4080
90,441.69,4076.9
90,442.19,4078
90,442.69,4099.4
90,443.19,4132
90,443.69,4144
90,444.19,4191.6
90,444.69,4220.3
90,445.19,4227.7
90,445.69,4239.1
90,446.19,4238.5
90,446.69,4242.4
90,447.19,4239.1
90,447.69,4228.3
90,448.19,4195.1
90,448.69,4140.8
90,449.19,4101.8
90,449.69,4105
90,450.18,4119
90,450.68,4125.6
90,451.18,4110.9
90,451.68,4096.6
90,452.18,4099.8
90,452.68,4123.3
90,453.18,4132.8
90,453.68,4116.6
90,454.18,4124
90,454.68,4135.7
90,455.18,4132.1
90,455.68,4088.4
90,456.18,4020
90,456.68,3939
90,457.18,3912.8
90,457.68,3914.3
90,458.18,3933.7
90,458.68,3949.8
90,459.18,3953.8
90,459.68,3945
90,460.18,3921.4
90,460.68,3900.9
90,461.18,3890
90,461.68,3855
90,462.17,3838.4
90,462.67,3854.6
90,463.17,3878.8
90,463.67,3925
90,464.17,3967.1
90,464.67,3967.5
90,465.17,3963.3
90,465.67,3966.4
90,466.17,3966.5
90,466.67,3990.6
90,467.17,4009.3
90,467.67,4007.6
90,468.17,4021.4
90,468.67,4060.5
90,469.17,4104.5
90,469.67,4148.5
90,470.17,4141.9
90,470.67,4127
90,471.17,4115.9
90,471.67,4109
90,472.17,4108.4
90,472.67,4114.8
90,473.17,4127.7
90,473.67,4134.4
90,474.16,4142.4
90,474.66,4153.1
90,475.16,4154.5
90,475.66,4158.2
90,476.16,4173.3
90,476.66,4157.7
90,477.16,4119.2
90,477.66,4097.4
90,478.16,4067.7
90,478.66,4032.5
90,479.16,4012.8
90,479.66,4013.9
90,480.16,4034
90,480.66,4030.2
90,481.16,4007.3
90,481.66,3984.3
90,482.16,3992.7
90,482.66,4060.7
90,483.16,4085
90,483.66,4061.7
90,484.16,4023.5
90,484.66,4003.2
90,485.16,4030.3
90,485.66,4121.3
90,486.15,4170.4
90,486.65,4167.7
90,487.15,4168
90,487.65,4186.3
90,488.15,4209.5
90,488.65,4246.8
90,489.15,4274.2
90,489.65,4279.7
90,490.15,4231.2
90,490.65,4130.8
90,491.15,4128.5
90,491.65,4163.1
90,492.15,4168.1
90,492.65,4163.7
90,493.15,4174.5
90,493.65,4176.6
90,494.15,4174.1
90,494.65,4166.3
90,495.15,4156.2
90,495.65,4149.2
90,496.15,4135.2
90,496.65,4124.8
90,497.15,4121.5
90,497.64,4104.6
90,498.14,4092.2
90,498.64,4102.1
90,499.14,4108.1
90,499.64,4133.4
90,500.14,4150.9
90,500.64,4168.1
90,501.14,4221.4
90,501.64,4283.2
90,502.14,4315.8
90,502.64,4334.6
90,503.14,4340.9
90,503.64,4332.1
90,504.14,4167.9
90,504.64,4040.1
90,505.14,4004.5
90,505.64,4010
90,506.14,4042.4
90,506.64,4073.9
90,507.14,4087.1
90,507.64,4087.3
90,508.14,4144.9
90,508.64,4208
90,509.14,4228.7
90,509.63,4238.7
90,510.13,4232.5
90,510.63,4202.5
90,511.13,4166.7
90,511.63,4143.2
90,512.13,4144.3
90,512.63,4137.5
90,513.13,4115.6
90,513.63,4106
90,514.13,4120.9
90,514.63,4159.7
90,515.13,4194.4
90,515.63,4208.7
90,516.13,4212.5
90,516.63,4218.2
90,517.13,4206.2
90,517.63,4197.7
90,518.13,4211.5
90,518.63,4244.1
90,519.13,4272.5
90,519.63,4274.9
90,520.13,4270.7
90,520.63,4272.2
90,521.13,4318
90,521.62,4338.9
90,522.12,4326.7
90,522.62,4299
90,523.12,4261.5
90,523.62,4232
90,524.12,4222.2
90,524.62,4205.6
90,525.12,4179.5
90,525.62,4128.3
90,526.12,4091
90,526.62,4093.5
90,527.12,4083.2
90,527.62,4077.4
90,528.12,4081.2
90,528.62,4095.6
90,529.12,4119.6
90,529.62,4126.1
90,530.12,4118
90,530.62,4108.3
90,531.12,4094.6
90,531.62,4081
90,532.12,4073.5
90,532.62,4073.6
90,533.12,4067.1
90,533.61,4061.6
90,534.11,4038.8
90,534.61,4015.1
90,535.11,3984.7
90,535.61,3957.4
90,536.11,3950.1
90,536.61,3973.7
90,537.11,4017.1
90,537.61,4070.6
90,538.11,4121.7
90,538.61,4141.3
90,539.11,4149.3
90,539.61,4152.2
90,540.11,4147.8
90,540.61,4120.7
90,541.11,4076.6
90,541.61,4045.7
90,542.11,4031.9
90,542.61,3993.4
90,543.11,3937
90,543.61,3880.1
90,544.11,3817.1
90,544.61,3816.7
90,545.1,3834.4
90,545.6,3832.8
90,546.1,3843.3
90,546.6,3861.5
90,547.1,3883.5
90,547.6,3896.1
90,548.1,3895.3
90,548.6,3893.1
90,549.1,3915
90,549.6,3911.1
90,550.1,3907.2
90,550.6,3919.2
90,551.1,3933
90,551.6,3976.4
90,552.1,4011.4
90,552.6,4035.1
90,553.1,4044.3
90,553.6,4040.6
90,554.1,4039.3
90,554.6,4047.8
90,555.1,4021.1
90,555.6,3980.8
90,556.1,3964.7
90,556.59,3950.6
90,557.09,3909
90,557.59,3844.6
90,558.09,3839.4
90,558.59,3881.9
90,559.09,3937.6
90,559.59,3997.6
90,560.09,4047.8
90,560.59,4078.5
90,561.09,4109.6
90,561.59,4194.6
90,562.09,4296.2
90,562.59,4318
90,563.09,4333.2
90,563.59,4342.1
90,564.09,4325.1
90,564.59,4269.3
90,565.09,4226.9
90,565.59,4224.5
90,566.09,4205.7
90,566.59,4146.9
90,567.09,4076.9
90,567.59,4068.5
90,568.09,4062.3
90,568.58,4015.6
90,569.08,3950.8
90,569.58,3851.5
90,570.08,3724.7
90,570.58,3676.2
90,571.08,3678.8
90,571.58,3693.6
90,572.08,3714.7
90,572.58,3737.8
90,573.08,3754.3
90,573.58,3752.4
90,574.08,3738.3
90,574.58,3714.2
90,575.08,3699.8
90,575.58,3710.5
90,576.08,3727.9
90,576.58,3742.3
90,577.08,3774.1
90,577.58,3820.8
90,578.08,3863.7
90,578.58,3937.3
90,579.08,4042.1
90,579.58,4120.1
90,580.07,4178.3
90,580.57,4206
90,581.07,4213.2
90,581.57,4216.2
90,582.07,4221.9
90,582.57,4222.9
90,583.07,4221
90,583.57,4216.6
90,584.07,4209.4
90,584.57,4208
90,585.07,4193.5
90,585.57,4182.5
90,586.07,4178.8
90,586.57,4173.4
90,587.07,4158.4
90,587.57,4142
90,588.07,4131.4
90,588.57,4128.3
90,589.07,4135.9
90,589.57,4150.5
90,590.07,4146.2
90,590.57,4146.8
90,591.07,4153.4
90,591.56,4127.3
90,592.06,4032.4
90,592.56,3936.2
90,593.06,3885.3
90,593.56,3845.2
90,594.06,3858.5
90,594.56,3892.9
90,595.06,3905.8
90,595.56,3904.6
90,596.06,3892.2
90,596.56,3881.7
90,597.06,3880.6
90,597.56,3888.3
90,598.06,3918
90,598.56,3954.1
90,599.06,3967
90,599.56,3971.1
90,600.06,3970.6
90,600.56,3969.9
90,601.06,3969
90,601.56,3983.7
90,602.06,3998.4
90,602.56,4000.5
90,603.05,3999.4
90,603.55,4000.2
90,604.05,4001
90,604.55,4001.8
90,605.05,4002.1
90,605.55,3998.7
90,606.05,4003.8
90,606.55,4010.1
90,607.05,4015.3
90,607.55,4019.7
90,608.05,4023
90,608.55,4024.5
90,609.05,4024.8
90,609.55,4012.3
90,610.05,4001.8
90,610.55,4001.2
90,611.05,3984.5
90,611.55,3953.1
90,612.05,3904.8
90,612.55,3848.8
90,613.05,3802
90,613.55,3792.6
90,614.05,3792.8
90,614.54,3794.5
90,615.04,3833.3
90,615.54,3848.2
90,616.04,3841.7
90,616.54,3847.2
90,617.04,3887.1
90,617.54,3969.1
90,618.04,4004.3
90,618.54,4017.6
90,619.04,4068.3
90,619.54,4093.9
90,620.04,4105.3
90,620.54,4108.8
90,621.04,4114.9
90,621.54,4123.7
90,622.04,4122.1
90,622.54,4119.1
90,623.04,4112.7
90,623.54,4090.1
90,624.04,4027.4
90,624.54,3954
90,625.04,3920.9
90,625.53,3934.7
90,626.03,3951.8
90,626.53,3905.6
90,627.03,3841.1
90,627.53,3888.9
90,628.03,3921.9
90,628.53,3921.6
90,629.03,3919.9
90,629.53,3966.3
90,630.03,4048.8
90,630.53,4090.2
90,631.03,4093.6
90,631.53,4099.9
90,632.03,4104
90,632.53,4104.7
90,633.03,4105
90,633.53,4098.8
90,634.03,4092.6
90,634.53,4085.7
90,635.03,4073.8
90,635.53,4051.6
90,636.03,4036.9
90,636.53,4035.9
90,637.02,4066
90,637.52,4081
90,638.02,4085.1
90,638.52,4081.9
90,639.02,4073.1
90,639.52,4054.7
90,640.02,4051.2
90,640.52,4048.1
90,641.02,4042.6
90,641.52,4051.6
90,642.02,4080.9
90,642.52,4093.6
90,643.02,4101.5
90,643.52,4129.5
90,644.02,4158.7
90,644.52,4168
90,645.02,4170.6
90,645.52,4176.7
90,646.02,4187.9
90,646.52,4193.9
90,647.02,4195.9
90,647.52,4195.2
90,648.01,4193.9
90,648.51,4190.1
90,649.01,4183.7
90,649.51,4185.9
90,650.01,4189.6
90,650.51,4193
90,651.01,4188.8
90,651.51,4179.1
90,652.01,4150
90,652.51,4097
90,653.01,4050.2
90,653.51,4084.4
90,654.01,4103.9
90,654.51,4115.4
90,655.01,4121.7
90,655.51,4114.4
90,656.01,4106.6
90,656.51,4110.3
90,657.01,4102.3
90,657.51,4114
90,658.01,4169.4
90,658.51,4200
90,659,4196.1
90,659.5,4189.4
90,660,4195.5
90,660.5,4213.2
90,661,4222.6
90,661.5,4217
90,662,4191.4
90,662.5,4149.1
90,663,4127.7
90,663.5,4144.7
90,664,4168.2
90,664.5,4180.6
90,665,4168.7
90,665.5,4126.7
90,666,4127.9
90,666.5,4144.8
90,667,4142.4
90,667.5,4143.8
90,668,4152.6
90,668.5,4176.1
90,669,4212
90,669.5,4228.4
90,670,4226.5
90,670.49,4191.6
90,670.99,4139.5
90,671.49,4064.2
90,671.99,3988.7
90,672.49,4001.5
90,672.99,4055.7
90,673.49,4120.3
90,673.99,4170
90,674.49,4181
90,674.99,4184.3
90,675.49,4190.6
90,675.99,4202.4
90,676.49,4202.9
90,676.99,4195.5
90,677.49,4184.1
90,677.99,4181.1
90,678.49,4181
90,678.99,4204
90,679.49,4246.6
90,679.99,4263.3
90,680.49,4256.5
90,680.99,4240.5
90,681.48,4230.9
90,681.98,4238
90,682.48,4261.5
90,682.98,4245.2
90,683.48,4220.2
90,683.98,4232.9
90,684.48,4249.4
90,684.98,4265.2
90,685.48,4275.5
90,685.98,4272.7
90,686.48,4275.4
90,686.98,4279.9
90,687.48,4293
90,687.98,4254.3
90,688.48,4198.1
90,688.98,4179.7
90,689.48,4206.1
90,689.98,4192.3
90,690.48,4187.1
90,690.98,4196.3
90,691.48,4199.9
90,691.98,4200.1
90,692.48,4201.8
90,692.98,4200.4
90,693.47,4187.9
90,693.97,4196.5
90,694.47,4210.4
90,694.97,4213.4
90,695.47,4226.3
90,695.97,4261.4
90,696.47,4264.2
90,696.97,4260.3
90,697.47,4275.3
90,697.97,4266.7
90,698.47,4254
90,698.97,4259
90,699.47,4251.3
90,699.97,4293.7
90,700.47,4307.4
90,700.97,4306.7
90,701.47,4323.6
90,701.97,4343.5
90,702.47,4338.7
90,702.97,4326.3
90,703.47,4282.2
90,703.97,4249.7
90,704.47,4243.9
90,704.97,4241.4
90,705.46,4247.7
90,705.96,4268.7
90,706.46,4266.3
90,706.96,4244.1
90,707.46,4241.4
90,707.96,4238.4
90,708.46,4215.2
90,708.96,4176.7
90,709.46,4147
90,709.96,4125.3
90,710.46,4110
90,710.96,4145
90,711.46,4180.4
90,711.96,4211.4
90,712.46,4247.3
90,712.96,4278
90,713.46,4298.1
90,713.96,4292.3
90,714.46,4272
90,714.96,4269.5
90,715.46,4272.7
90,715.96,4283.9
90,716.46,4294.8
90,716.96,4321.2
90,717.45,4345.4
90,717.95,4361.5
90,718.45,4384.2
90,718.95,4408.6
90,719.45,4432.1
90,719.95,4446.4
90,720.45,4456.2
90,720.95,4463.3
90,721.45,4460.7
90,721.95,4491.1
90,722.45,4521.5
90,722.95,4481.9
90,723.45,4488.4
90,723.95,4503.5
90,724.45,4518.5
90,724.95,4530.9
90,725.45,4533.3
90,725.95,4526.2
90,726.45,4506.9
90,726.95,4485.5
90,727.45,4464.6
90,727.95,4442.1
90,728.45,4427.9
90,728.95,4415
90,729.44,4398.6
90,729.94,4379.3
90,730.44,4343.8
90,730.94,4317.4
90,731.44,4290.3
90,731.94,4241
90,732.44,4225.3
90,732.94,4218.3
90,733.44,4128
90,733.94,4007.3
90,734.44,3897
90,734.94,3869.9
90,735.44,3807.6
90,735.94,3706.5
90,736.44,3535.7
90,736.94,3289.7
90,737.44,3096.1
90,737.94,3005.9
90,738.44,2943.6
90,738.94,2910.8
90,739.44,2959.8
90,739.94,3025.2
90,740.44,3070.1
90,740.94,3096.2
90,741.43,3126.2
90,741.93,3162.3
90,742.43,3163.7
90,742.93,3189.3
90,743.43,3266.3
90,743.93,3283.3
90,744.43,3233.3
90,744.93,3229.2
90,745.43,3274
90,745.93,3313.9
90,746.43,3484.8
90,746.93,3636.8
90,747.43,3777.4
90,747.93,3845.6
90,748.43,3874.8
90,748.93,3969.6
90,749.43,4054.1
90,749.93,4063.2
90,750.43,4090.8
90,750.93,4187.5
90,751.43,4270.2
90,751.93,4299.1
90,752.43,4279.8
90,752.93,4295
90,753.42,4347.2
90,753.92,4389.9
90,754.42,4390.2
90,754.92,4390.4
90,755.42,4402.5
90,755.92,4412.3
90,756.42,4428.6
90,756.92,4444.3
90,757.42,4463.5
90,757.92,4470.8
90,758.42,4484.2
90,758.92,4527.6
90,759.42,4525.5
90,759.92,4503.9
90,760.42,4466.4
90,760.92,4463.5
90,761.42,4465.9
90,761.92,4483.4
90,762.42,4476
90,762.92,4459.4
90,763.42,4453.3
90,763.92,4452.5
90,764.42,4459.9
90,764.92,4476.9
90,765.42,4483.6
90,765.91,4471.6
90,766.41,4418.9
90,766.91,4317.3
90,767.41,4225
90,767.91,4187.4
90,768.41,4181.2
90,768.91,4177
90,769.41,4174.4
90,769.91,4151.8
90,770.41,4122.1
90,770.91,4077
90,771.41,4013.8
90,771.91,3953.1
90,772.41,3898.2
90,772.91,3875.7
90,773.41,3836.3
90,773.91,3759
90,774.41,3689.9
90,774.91,3672.8
90,775.41,3773.8
90,775.91,3880.8
90,776.41,3955
90,776.91,4014
90,777.41,4050
90,777.9,4127.3
90,778.4,4221.7
90,778.9,4290.2
90,779.4,4374.7
90,779.9,4438.9
90,780.4,4445.8
90,780.9,4431.9
90,781.4,4433.1
90,781.9,4457
90,782.4,4464.7
90,782.9,4462.6
90,783.4,4470.8
90,783.9,4483.3
90,784.4,4478.6
90,784.9,4456.4
90,785.4,4452.7
90,785.9,4461.4
90,786.4,4466.4
90,786.9,4473.2
90,787.4,4482.2
90,787.9,4482.4
90,788.4,4482.7
90,788.9,4480.9
90,789.4,4471.4
90,789.89,4461.5
90,790.39,4453.7
90,790.89,4396.4
90,791.39,4367.8
90,791.89,4415.9
90,792.39,4434.5
90,792.89,4426
90,793.39,4450.9
90,793.89,4494.2
90,794.39,4533.9
90,794.89,4537
90,795.39,4496.2
90,795.89,4443.2
90,796.39,4409.1
90,796.89,4374.4
90,797.39,4334.7
90,797.89,4308.6
90,798.39,4326.8
90,798.89,4361.1
90,799.39,4395.5
90,799.89,4430.8
90,800.39,4462.9
90,800.89,4497.4
90,801.39,4499.9
90,801.88,4472.5
90,802.38,4442.7
90,802.88,4420
90,803.38,4359.3
90,803.88,4352.7
90,804.38,4351.1
90,804.88,4364.8
90,805.38,4380.1
90,805.88,4382.9
90,806.38,4368.7
90,806.88,4346.4
90,807.38,4330.9
90,807.88,4327.7
90,808.38,4324.6
90,808.88,4321.2
90,809.38,4337.1
90,809.88,4409.1
90,810.38,4443.9
90,810.88,4477.7
90,811.38,4489.9
90,811.88,4467.1
90,812.38,4374.2
90,812.88,4311
90,813.38,4290
90,813.87,4255.2
90,814.37,4250.9
90,814.87,4272.9
90,815.37,4303.2
90,815.87,4329.7
90,816.37,4380.9
90,816.87,4423.9
90,817.37,4439.7
90,817.87,4432.7
90,818.37,4413.8
90,818.87,4406.1
90,819.37,4412.6
90,819.87,4437.6
90,820.37,4448.4
90,820.87,4433.5
90,821.37,4395.1
90,821.87,4373.8
90,822.37,4387.4
90,822.87,4418.7
90,823.37,4416.4
90,823.87,4404.3
90,824.37,4376.7
90,824.87,4364.9
90,825.37,4366.6
90,825.86,4366.5
90,826.36,4350.9
90,826.86,4335.4
90,827.36,4346.9
90,827.86,4361.7
90,828.36,4364.9
90,828.86,4366.8
90,829.36,4362.1
90,829.86,4378.2
90,830.36,4384.7
90,830.86,4391.9
90,831.36,4397.3
90,831.86,4399.7
90,832.36,4378.2
90,832.86,4356
90,833.36,4346.7
90,833.86,4348
90,834.36,4357.3
90,834.86,4366.6
90,835.36,4370.3
90,835.86,4371.3
90,836.36,4372.9
90,836.85,4385.6
90,837.35,4402.5
90,837.85,4391.9
90,838.35,4360.3
90,838.85,4336.8
90,839.35,4334.2
90,839.85,4343
90,840.35,4333
90,840.85,4303.3
90,841.35,4285.7
90,841.85,4278.2
90,842.35,4274.7
90,842.85,4278.3
90,843.35,4279.7
90,843.85,4280.7
90,844.35,4279.3
90,844.85,4273.8
90,845.35,4290.1
90,845.85,4326.5
90,846.35,4355.9
90,846.85,4366.4
90,847.34,4363.2
90,847.84,4355.8
90,848.34,4353.3
90,848.84,4353.9
90,849.34,4351
90,849.84,4343.8
90,850.34,4333.6
90,850.84,4333.6
90,851.34,4345.9
90,851.84,4356.8
90,852.34,4363.4
90,852.84,4362.4
90,853.34,4362.9
90,853.84,4370.4
90,854.34,4384
90,854.84,4402.8
90,855.34,4418.6
90,855.84,4424.2
90,856.34,4426.7
90,856.84,4430.6
90,857.34,4435
90,857.83,4435.6
90,858.33,4434.2
90,858.83,4429.8
90,859.33,4423.6
90,859.83,4414.2
90,860.33,4411.3
90,860.83,4411.8
90,861.33,4406
90,861.83,4409.6
90,862.33,4413.7
90,862.83,4381.5
90,863.33,4364.7
90,863.83,4375.7
90,864.33,4374.2
90,864.83,4374.2
90,865.33,4383.9
90,865.83,4394.2
90,866.33,4398.5
90,866.83,4399.9
90,867.33,4397.9
90,867.83,4394.6
90,868.33,4385.1
90,868.82,4373.1
90,869.32,4364.9
90,869.82,4368.2
90,870.32,4364.8
90,870.82,4361.3
90,871.32,4363.6
90,871.82,4383.6
90,872.32,4389.4
90,872.82,4389.6
90,873.32,4380.8
90,873.82,4375.4
90,874.32,4375.4
90,874.82,4383.1
90,875.32,4416
90,875.82,4435.4
90,876.32,4414.4
90,876.82,4396.2
90,877.32,4398.3
90,877.82,4397.9
90,878.32,4394.5
90,878.82,4388.1
90,879.31,4382.8
90,879.81,4371
90,880.31,4331.6
90,880.81,4292
90,881.31,4294.3
90,881.81,4347.8
90,882.31,4389.7
90,882.81,4421.4
90,883.31,4444
90,883.81,4461
90,884.31,4439
90,884.81,4409.6
90,885.31,4395
90,885.81,4406.3
90,886.31,4376.9
90,886.81,4340.5
90,887.31,4322.6
90,887.81,4327.9
90,888.31,4354.1
90,888.81,4394.9
90,889.31,4430.8
90,889.8,4459.4
90,890.3,4462.7
90,890.8,4466.5
90,891.3,4482.9
90,891.8,4494.7
90,892.3,4498.8
90,892.8,4500.9
90,893.3,4503.1
90,893.8,4509
90,894.3,4508
90,894.8,4504.2
90,895.3,4491
90,895.8,4452.6
90,896.3,4407.2
90,896.8,4355.5
90,897.3,4293.3
90,897.8,4214.6
90,898.3,4179.1
90,898.8,4191.4
90,899.3,4223.1
90,899.8,4238.3
90,900.29,4268.9
90,900.79,4295.4
90,901.29,4295.6
90,901.79,4321.6
90,902.29,4327.6
90,902.79,4333.1
90,903.29,4343.4
90,903.79,4357.2
90,904.29,4387.8
90,904.79,4395.6
90,905.29,4410.3
90,905.79,4421.9
90,906.29,4433.2
90,906.79,4445.2
90,907.29,4454.6
90,907.79,4461.9
90,908.29,4469.8
90,908.79,4472.4
90,909.29,4471.1
90,909.79,4472.9
90,910.29,4487.7
90,910.78,4510.1
90,911.28,4514.9
90,911.78,4529.6
90,912.28,4533.3
90,912.78,4515.3
90,913.28,4534.1
90,913.78,4542
90,914.28,4519.9
90,914.78,4488.2
90,915.28,4434.6
90,915.78,4400
90,916.28,4373.2
90,916.78,4379.7
90,917.28,4421.9
90,917.78,4467.5
90,918.28,4473.4
90,918.78,4468.6
90,919.28,4461.8
90,919.78,4463.4
90,920.28,4468.4
90,920.78,4467
90,921.27,4459.9
90,921.77,4455.9
90,922.27,4453
90,922.77,4446.7
90,923.27,4449
90,923.77,4453
90,924.27,4457.4
90,924.77,4463.3
90,925.27,4468.8
90,925.77,4467.3
90,926.27,4458.1
90,926.77,4427.3
90,927.27,4383.2
90,927.77,4331
90,928.27,4298.5
90,928.77,4236.9
90,929.27,4150.8
90,929.77,4092
90,930.27,4060.2
90,930.77,4062.2
90,931.27,4107.3
90,931.76,4145.6
90,932.26,4124.2
90,932.76,4051.8
90,933.26,3983.9
90,933.76,3927.7
90,934.26,3907.5
90,934.76,3950.6
90,935.26,4004.4
90,935.76,3999.5
90,936.26,4069.4
90,936.76,4108
90,937.26,4073.5
90,937.76,3986.5
90,938.26,3952.8
90,938.76,3964.9
90,939.26,4029.9
90,939.76,4167.1
90,940.26,4302.1
90,940.76,4342.8
90,941.26,4349.6
90,941.76,4351
90,942.26,4350.5
90,942.75,4346.5
90,943.25,4340.2
90,943.75,4343.2
90,944.25,4382
90,944.75,4454.2
90,945.25,4506.5
90,945.75,4519.6
90,946.25,4516.4
90,946.75,4509.4
90,947.25,4500.7
90,947.75,4495.2
90,948.25,4492.7
90,948.75,4488.7
90,949.25,4482.7
90,949.75,4476.7
90,950.25,4468.4
90,950.75,4464.2
90,951.25,4468.1
90,951.75,4471.2
90,952.25,4459.1
90,952.75,4452.9
90,953.24,4458.2
90,953.74,4462.8
90,954.24,4469.3
90,954.74,4480.9
90,955.24,4487.9
90,955.74,4476.6
90,956.24,4465.4
90,956.74,4470.1
90,957.24,4464.5
90,957.74,4451.6
90,958.24,4439.4
90,958.74,4435.3
90,959.24,4419.3
90,959.74,4390.9
90,960.24,4358.4
90,960.74,4314.6
90,961.24,4235.6
90,961.74,4156.7
90,962.24,4106.5
90,962.74,4054.4
90,963.24,4018.3
90,963.73,3994
90,964.23,3977.2
90,964.73,3973.1
90,965.23,3990.8
90,965.73,4025.3
90,966.23,4065.6
90,966.73,4111.4
90,967.23,4155.7
90,967.73,4195.5
90,968.23,4233.3
90,968.73,4270.9
90,969.23,4310.1
90,969.73,4344.1
90,970.23,4371.1
90,970.73,4391.6
90,971.23,4409
90,971.73,4423.4
90,972.23,4435.7
90,972.73,4444.5
90,973.23,4450.7
90,973.73,4454.4
90,974.22,4451.9
90,974.72,4449.2
90,975.22,4443.4
90,975.72,4435.2
90,976.22,4423.9
90,976.72,4410.4
90,977.22,4394.4
90,977.72,4376.2
90,978.22,4355.5
90,978.72,4333.9
90,979.22,4310.5
90,979.72,4287.4
90,980.22,4264.5
90,980.72,4239.1
90,981.22,4212.8
90,981.72,4187.5
90,982.22,4182.7
90,982.72,4188.3
90,983.22,4206.9
90,983.72,4237.1
90,984.22,4269.3
90,984.71,4300
90,985.21,4327.5
90,985.71,4349.9
90,986.21,4366.3
90,986.71,4379.8
90,987.21,4390.5
90,987.71,4398.2
90,988.21,4405
90,988.71,4410.6
90,989.21,4414
90,989.71,4411.7
90,990.21,4406
90,990.71,4397.5
90,991.21,4388.9
90,991.71,4379.9
90,992.21,4371.1
90,992.71,4363.6
90,993.21,4356.7
90,993.71,4350.8
90,994.2,4346.6
90,994.7,4344.3
90,995.2,4343.1
90,995.7,4344.7
90,996.2,4347.3
90,996.7,4350.9
90,997.2,4350.5
90,997.7,4350.9
90,998.2,4350.7
90,998.7,4349.3
90,999.2,4348.5
90,999.7,4349.2
90,1000.2,4351.3
90,1000.7,4351.9
90,1001.2,4352
90,1001.7,4352.8
90,1002.2,4354.1
90,1002.7,4356.6
90,1003.2,4361.1
90,1003.7,4366.4
90,1004.2,4371.8
90,1004.69,4376.8
90,1005.19,4383.8
90,1005.69,4391.3
90,1006.19,4398.5
90,1006.69,4404.6
90,1007.19,4409.9
90,1007.69,4415.7
90,1008.19,4421.7
90,1008.69,4428.1
90,1009.19,4434.4
90,1009.69,4440.3
90,1010.19,4444.9
90,1010.69,4448.1
90,1011.19,4450.4
90,1011.69,4449.4
90,1012.19,4447.3
90,1012.69,4445.3
90,1013.19,4442.6
90,1013.69,4440.2
90,1014.19,4438.6
90,1014.68,4436.7
90,1015.18,4434.7
90,1015.68,4435.1
90,1016.18,4435.7
90,1016.68,4436.8
90,1017.18,4438.6
90,1017.68,4444
90,1018.18,4452.3
90,1018.68,4460.4
90,1019.18,4467.7
90,1019.68,4473.6
90,1020.18,4477.6
90,1020.68,4478.9
90,1021.18,4479.4
90,1021.68,4477
90,1022.18,4472.8
90,1022.68,4466.3
90,1023.18,4458.1
90,1023.68,4448.7
90,1024.17,4438.8
90,1024.67,4428.3
90,1025.17,4416.8
90,1025.67,4404.5
90,1026.17,4392.7
90,1026.67,4385.2
90,1027.17,4380.4
90,1027.67,4377.3
90,1028.17,4378.3
90,1028.67,4381.6
90,1029.17,4390.3
90,1029.67,4401.3
90,1030.17,4410.4
90,1030.67,4410.4
90,1031.17,4418.3
90,1031.67,4422.2
90,1032.17,4424.8
90,1032.67,4453.5
90,1033.17,4482.3
90,1033.67,4485.3
90,1034.16,4494
90,1034.66,4499.3
90,1035.16,4499
90,1035.66,4486.8
90,1036.16,4454.6
90,1036.66,4405.1
90,1037.16,4340
90,1037.66,4257.1
90,1038.16,4155.7
90,1038.66,4044.1
90,1039.16,3931.8
90,1039.66,3842.5
90,1040.16,3774
90,1040.66,3716
90,1041.16,3667
90,1041.66,3636.8
90,1042.16,3634.2
90,1042.66,3649.1
90,1043.16,3674.4
90,1043.66,3720.9
90,1044.15,3769
90,1044.65,3817.5
90,1045.15,3869.2
90,1045.65,3932.4
90,1046.15,4014.6
90,1046.65,4095.1
90,1047.15,4171.2
90,1047.65,4242.9
90,1048.15,4311.1
90,1048.65,4373.1
90,1049.15,4429.9
90,1049.65,4475.3
90,1050.15,4510
90,1050.65,4535.4
90,1051.15,4551.4
90,1051.65,4561.5
90,1052.15,4568.1
90,1052.65,4571.7
90,1053.15,4572.2
90,1053.65,4568.3
90,1054.14,4560.8
90,1054.64,4551
90,1055.14,4539.5
90,1055.64,4526.8
90,1056.14,4513.3
90,1056.64,4498.7
90,1057.14,4482
90,1057.64,4464.3
90,1058.14,4446
90,1058.64,4428.1
90,1059.14,4410.6
90,1059.64,4393.2
90,1060.14,4376.4
90,1060.64,4360.4
90,1061.14,4345
90,1061.64,4330.7
90,1062.14,4317.3
90,1062.64,4305.3
90,1063.14,4295.7
90,1063.64,4288.6
90,1064.13,4283.7
90,1064.63,4280.9
90,1065.13,4280.2
90,1065.63,4279.8
90,1066.13,4281
90,1066.63,4282
90,1067.13,4283.9
90,1067.63,4284.4
90,1068.13,4284.6
90,1068.63,4284.3
90,1069.13,4283
90,1069.63,4280.3
90,1070.13,4275.6
90,1070.63,4267.8
90,1071.13,4255.7
90,1071.63,4235.1
90,1072.13,4206.2
90,1072.63,4170.1
90,1073.13,4125.1
90,1073.63,4071.2
90,1074.12,4004.8
90,1074.62,3930.4
90,1075.12,3852.6
90,1075.62,3794.2
90,1076.12,3740.7
90,1076.62,3688.3
90,1077.12,3637.9
90,1077.62,3605.3
90,1078.12,3595.7
90,1078.62,3603.2
90,1079.12,3627.4
90,1079.62,3673.9
90,1080.12,3722.2
90,1080.62,3773.4
90,1081.12,3824.6
90,1081.62,3881.4
90,1082.12,3941.6
90,1082.62,4004.5
90,1083.12,4068.3
90,1083.62,4126
90,1084.12,4179.4
90,1084.61,4229.8
90,1085.11,4279
90,1085.61,4326.2
90,1086.11,4376.9
90,1086.61,4432.2
90,1087.11,4486.4
90,1087.61,4538.7
90,1088.11,4586.5
90,1088.61,4623.3
90,1089.11,4652.5
90,1089.61,4676.7
90,1090.11,4699.5
90,1090.61,4715.5
90,1091.11,4720.9
90,1091.61,4719
90,1092.11,4712.5
90,1092.61,4698.1
90,1093.11,4677.7
90,1093.61,4651.4
90,1094.11,4617.6
90,1094.6,4572.3
90,1095.1,4510.7
90,1095.6,4430.1
90,1096.1,4329.6
90,1096.6,4212.1
90,1097.1,4088
90,1097.6,3960.8
90,1098.1,3841.8
90,1098.6,3761.9
90,1099.1,3711
90,1099.6,3678.9
90,1100.1,3675.2
90,1100.6,3688.9
90,1101.1,3704.1
90,1101.6,3728.8
90,1102.1,3764.6
90,1102.6,3834.2
90,1103.1,3908.9
90,1103.6,3987.8
90,1104.1,4064.9
90,1104.59,4133.6
90,1105.09,4190.6
90,1105.59,4235.8
90,1106.09,4266.5
90,1106.59,4285.1
90,1107.09,4293.4
90,1107.59,4294.7
90,1108.09,4294
90,1108.59,4291.5
90,1109.09,4288.3
90,1109.59,4289.4
90,1110.09,4300.1
90,1110.59,4316.3
90,1111.09,4333.4
90,1111.59,4352.3
90,1112.09,4368.4
90,1112.59,4383.1
90,1113.09,4395.3
90,1113.59,4408.9
90,1114.09,4422.2
90,1114.58,4435.5
90,1115.08,4448.5
90,1115.58,4462
90,1116.08,4474.7
90,1116.58,4487.4
90,1117.08,4500.5
90,1117.58,4512.8
90,1118.08,4525.6
90,1118.58,4538.1
90,1119.08,4547.9
90,1119.58,4556.6
90,1120.08,4563.9
90,1120.58,4571.2
90,1121.08,4580.1
90,1121.58,4590.4
90,1122.08,4599.7
90,1122.58,4608
90,1123.08,4615.3
90,1123.58,4621.9
90,1124.08,4625.3
90,1124.57,4627.1
90,1125.07,4627.7
90,1125.57,4627.5
90,1126.07,4626.9
90,1126.57,4626.9
90,1127.07,4625.8
90,1127.57,4625.6
90,1128.07,4625.5
90,1128.57,4627.3
90,1129.07,4630.4
90,1129.57,4634
90,1130.07,4637.8
90,1130.57,4641.6
90,1131.07,4645.3
90,1131.57,4649.1
90,1132.07,4652.8
90,1132.57,4657.1
90,1133.07,4661.4
90,1133.57,4665.4
90,1134.06,4669.2
90,1134.56,4672
90,1135.06,4675.3
90,1135.56,4678
90,1136.06,4679.6
90,1136.56,4675.2
90,1137.06,4669.5
90,1137.56,4660.3
90,1138.06,4646.5
90,1138.56,4626.9
90,1139.06,4604.4
90,1139.56,4579.9
90,1140.06,4555.5
90,1140.56,4531.2
90,1141.06,4506.5
90,1141.56,4479.3
90,1142.06,4454.9
90,1142.56,4435
90,1143.06,4416.8
90,1143.55,4397.1
90,1144.05,4382.7
90,1144.55,4374.7
90,1145.05,4389.2
90,1145.55,4421.2
90,1146.05,4454.8
90,1146.55,4477.9
90,1147.05,4491
90,1147.55,4496.8
90,1148.05,4497.4
90,1148.55,4496.1
90,1149.05,4497.9
90,1149.55,4508.1
90,1150.05,4522.2
90,1150.55,4538.6
90,1151.05,4558.4
90,1151.55,4580.8
90,1152.05,4601.8
90,1152.55,4621.1
90,1153.04,4641.4
90,1153.54,4661.7
90,1154.04,4681.6
90,1154.54,4700.9
90,1155.04,4717.8
90,1155.54,4733.6
90,1156.04,4749.2
90,1156.54,4764.6
90,1157.04,4777.2
90,1157.54,4788
90,1158.04,4798
90,1158.54,4805.9
90,1159.04,4807.2
90,1159.54,4805.1
90,1160.04,4796.3
90,1160.54,4776.9
90,1161.04,4752.5
90,1161.54,4723.8
90,1162.04,4690.3
90,1162.53,4650.9
90,1163.03,4609.2
90,1163.53,4564.6
90,1164.03,4516.3
90,1164.53,4448.6
90,1165.03,4366.5
90,1165.53,4276.4
90,1166.03,4187.5
90,1166.53,4114
90,1167.03,4046.1
90,1167.53,3981.3
90,1168.03,3922.9
90,1168.53,3872.9
90,1169.03,3830.5
90,1169.53,3795
90,1170.03,3766.8
90,1170.53,3741.1
90,1171.03,3718.7
90,1171.53,3698.4
90,1172.02,3689.6
90,1172.52,3697.8
90,1173.02,3722.3
90,1173.52,3769.7
90,1174.02,3838.9
90,1174.52,3923.9
90,1175.02,4023.3
90,1175.52,4136
90,1176.02,4250.4
90,1176.52,4361.4
90,1177.02,4463.5
90,1177.52,4554.9
90,1178.02,4628.7
90,1178.52,4692.9
90,1179.02,4751
90,1179.52,4799.6
90,1180.02,4837.1
90,1180.52,4866.7
90,1181.02,4886.1
90,1181.51,4897.2
90,1182.01,4905.3
90,1182.51,4911.8
90,1183.01,4920.4
90,1183.51,4930.7
90,1184.01,4939
90,1184.51,4943.7
90,1185.01,4942.2
90,1185.51,4931.6
90,1186.01,4917.1
90,1186.51,4903.2
90,1187.01,4893.3
90,1187.51,4886.6
90,1188.01,4878.1
90,1188.51,4865.5
90,1189.01,4850.1
90,1189.51,4832.6
90,1190.01,4814.2
90,1190.51,4791.7
90,1191,4768.6
90,1191.5,4745.3
90,1192,4722.1
90,1192.5,4697.5
90,1193,4670.3
90,1193.5,4643.4
90,1194,4617.1
90,1194.5,4590.5
90,1195,4564.5
90,1195.5,4539.7
90,1196,4517.8
90,1196.5,4498.2
90,1197,4480.7
90,1197.5,4463.9
90,1198,4447.4
90,1198.5,4432.2
90,1199,4418.2
90,1199.5,4405.6
90,1199.99,4394.2
90,1200.49,4384.3
90,1200.99,4375.4
90,1201.49,4366.1
90,1201.99,4353.7
90,1202.49,4340.4
90,1202.99,4326.1
90,1203.49,4312.2
90,1203.99,4295.9
90,1204.49,4278.3
90,1204.99,4260.9
90,1205.49,4244.4
90,1205.99,4231.7
90,1206.49,4225.4
90,1206.99,4225
90,1207.49,4228.9
90,1207.99,4242.2
90,1208.49,4264.3
90,1208.99,4291.9
90,1209.48,4320.1
90,1209.98,4347.3
90,1210.48,4372.1
90,1210.98,4392.4
90,1211.48,4404.6
90,1211.98,4412.3
90,1212.48,4416.7
90,1212.98,4418.5
90,1213.48,4412.2
90,1213.98,4395.6
90,1214.48,4374.7
90,1214.98,4350.3
90,1215.48,4326.3
90,1215.98,4304.6
90,1216.48,4286.7
90,1216.98,4278.7
90,1217.48,4280
90,1217.98,4284.2
90,1218.48,4290.2
90,1218.97,4298.2
90,1219.47,4306.5
90,1219.97,4316.5
90,1220.47,4325.6
90,1220.97,4333.1
90,1221.47,4333.9
90,1221.97,4330.4
90,1222.47,4323.3
90,1222.97,4313.3
90,1223.47,4299.2
90,1223.97,4281
90,1224.47,4257
90,1224.97,4225.7
90,1225.47,4191.1
90,1225.97,4158
90,1226.47,4129.7
90,1226.97,4105.2
90,1227.47,4081.1
90,1227.97,4056.6
90,1228.46,4036.8
90,1228.96,4032.9
90,1229.46,4038.9
90,1229.96,4048.4
90,1230.46,4058.1
90,1230.96,4071.1
90,1231.46,4084.6
90,1231.96,4097.9
90,1232.46,4109
90,1232.96,4118.8
90,1233.46,4127.3
90,1233.96,4134.6
90,1234.46,4145.1
90,1234.96,4162.4
90,1235.46,4178.4
90,1235.96,4193.9
90,1236.46,4211
90,1236.96,4230.3
90,1237.46,4250.9
90,1237.95,4270.1
90,1238.45,4287.5
90,1238.95,4304.7
90,1239.45,4321.9
90,1239.95,4336.2
90,1240.45,4350.6
90,1240.95,4365.4
90,1241.45,4381.5
90,1241.95,4397.2
90,1242.45,4410.2
90,1242.95,4422.2
90,1243.45,4434
90,1243.95,4445.7
90,1244.45,4457.2
90,1244.95,4467.5
90,1245.45,4475.3
90,1245.95,4481.2
90,1246.45,4486.5
90,1246.95,4491
90,1247.44,4494.3
90,1247.94,4496.7
90,1248.44,4498.8
90,1248.94,4500.8
90,1249.44,4501.9
90,1249.94,4498.8
90,1250.44,4494.6
90,1250.94,4491.2
90,1251.44,4486.8
90,1251.94,4479.6
90,1252.44,4470.5
90,1252.94,4458.2
90,1253.44,4443.9
90,1253.94,4429.4
90,1254.44,4415.3
90,1254.94,4401.1
90,1255.44,4385.8
90,1255.94,4370.7
90,1256.44,4358.2
90,1256.93,4347.6
90,1257.43,4338.3
90,1257.93,4329.3
90,1258.43,4319.9
90,1258.93,4310.7
90,1259.43,4302.2
90,1259.93,4296.6
90,1260.43,4291.5
90,1260.93,4289.3
90,1261.43,4286.7
90,1261.93,4284.5
90,1262.43,4281.5
90,1262.93,4279.6
90,1263.43,4277
90,1263.93,4275.2
90,1264.43,4274.4
90,1264.93,4275.1
90,1265.43,4278.9
90,1265.93,4285.8
90,1266.42,4303.5
90,1266.92,4331.6
90,1267.42,4368.4
90,1267.92,4389.1
90,1268.42,4379.6
90,1268.92,4366
90,1269.42,4353.9
90,1269.92,4340.2
90,1270.42,4322.8
90,1270.92,4299.1
90,1271.42,4272.8
90,1271.92,4247.3
90,1272.42,4226.3
90,1272.92,4211.9
90,1273.42,4203.8
90,1273.92,4206
93.3,-5.18,0
93.3,-4.71,0
93.3,-4.24,0
93.3,-3.76,1.9
93.3,-3.29,11.8
93.3,-2.82,27.3
93.3,-2.35,33.2
93.3,-1.88,38.7
93.3,-1.41,44.9
93.3,-0.94,52.6
93.3,-0.47,61.8
93.3,0,93.1
93.3,0.48,167.5
93.3,0.96,239.7
93.3,1.44,291.9
93.3,1.92,300.2
93.3,2.4,323.9
93.3,2.88,327.3
93.3,3.36,353.3
93.3,3.85,375.4
93.3,4.33,397.8
93.3,4.81,416.6
93.3,5.29,436.2
93.3,5.77,456.5
93.3,6.25,479.1
93.3,6.73,512.8
93.3,7.21,545.3
93.3,7.69,563.7
93.3,8.17,587.7
93.3,8.65,605.2
93.3,9.13,611.5
93.3,9.61,604.7
93.3,10.11,587.5
93.3,10.6,584.4
93.3,11.09,583.2
93.3,11.58,587.1
93.3,12.08,589
93.3,12.57,590.9
93.3,13.06,595
93.3,13.56,592.5
93.3,14.05,590.6
93.3,14.54,591.4
93.3,15.04,601.8
93.3,15.53,610.3
93.3,16.02,618
93.3,16.52,628.3
93.3,17.01,646.3
93.3,17.5,670.2
93.3,17.99,686.6
93.3,18.49,697.2
93.3,18.98,702.8
93.3,19.47,712.6
93.3,19.97,724.8
93.3,20.46,740.2
93.3,20.95,755
93.3,21.44,761.7
93.3,21.94,763.7
93.3,22.43,769.5
93.3,22.92,785.2
93.3,23.42,810
93.3,23.91,833.3
93.3,24.4,855.2
93.3,24.9,867.9
93.3,25.4,877.8
93.3,25.9,887.9
93.3,26.4,893.7
93.3,26.9,894.4
93.3,27.4,902.5
93.3,27.9,915.3
93.3,28.4,929.6
93.3,28.9,957.7
93.3,29.4,946.4
93.3,29.9,946.4
93.3,30.4,964
93.3,30.9,972.4
93.3,31.4,975.7
93.3,31.9,980.7
93.3,32.4,983.3
93.3,32.9,989.6
93.3,33.4,990.4
93.3,33.9,998
93.3,34.4,1006.6
93.3,34.9,999.5
93.3,35.39,1003.8
93.3,35.89,1011.9
93.3,36.39,1018.3
93.3,36.89,1020.6
93.3,37.39,1024.4
93.3,37.89,1028.8
93.3,38.39,1033.2
93.3,38.89,1037.6
93.3,39.39,1041
93.3,39.89,1045.3
93.3,40.39,1051.9
93.3,40.89,1057.6
93.3,41.39,1062.3
93.3,41.89,1069.9
93.3,42.39,1082.2
93.3,42.89,1088
93.3,43.39,1091.3
93.3,43.89,1094.8
93.3,44.39,1095.5
93.3,44.89,1090.6
93.3,45.39,1041.9
93.3,45.89,895.5
93.3,46.39,702.7
93.3,46.89,536.8
93.3,47.39,423.2
93.3,47.89,368.8
93.3,48.38,349.5
93.3,48.88,328.9
93.3,49.38,314.5
93.3,49.88,302.9
93.3,50.38,294
93.3,50.88,284.5
93.3,51.38,274.9
93.3,51.88,273.6
93.3,52.38,282.8
93.3,52.88,334.1
93.3,53.38,380.5
93.3,53.88,414.4
93.3,54.38,445.1
93.3,54.88,469.8
93.3,55.38,493.6
93.3,55.88,519.2
93.3,56.38,530.6
93.3,56.88,528.6
93.3,57.38,559.2
93.3,57.88,584
93.3,58.38,601.8
93.3,58.88,627
93.3,59.38,644.8
93.3,59.88,646.8
93.3,60.38,641.6
93.3,60.88,633.1
93.3,61.38,613.6
93.3,61.87,590.5
93.3,62.37,570.8
93.3,62.87,549.6
93.3,63.37,517
93.3,63.87,476.5
93.3,64.37,433.6
93.3,64.87,404.9
93.3,65.37,389.8
93.3,65.87,392.4
93.3,66.37,390.9
93.3,66.87,362.8
93.3,67.37,336.3
93.3,67.87,300.1
93.3,68.37,271.1
93.3,68.87,244.2
93.3,69.37,213
93.3,69.87,188.8
93.3,70.37,177.3
93.3,70.87,257.7
93.3,71.37,499.5
93.3,71.87,687.1
93.3,72.37,753
93.3,72.87,778.4
93.3,73.37,800.6
93.3,73.87,813.7
93.3,74.37,805.6
93.3,74.87,772.7
93.3,75.36,706.1
93.3,75.86,635
93.3,76.36,634.6
93.3,76.86,701.9
93.3,77.36,839.8
93.3,77.86,1079.1
93.3,78.36,1172.6
93.3,78.86,1158.2
93.3,79.36,1133.6
93.3,79.86,1148.8
93.3,80.36,1170
93.3,80.86,1172.7
93.3,81.36,1205.2
93.3,81.86,1338.5
93.3,82.36,1583.2
93.3,82.86,1790.8
93.3,83.36,1839.1
93.3,83.86,1851.1
93.3,84.36,1853.6
93.3,84.86,1852.5
93.3,85.36,1850.2
93.3,85.86,1844.2
93.3,86.36,1845.5
93.3,86.86,1853.9
93.3,87.36,1858.8
93.3,87.86,1861.3
93.3,88.36,1868.2
93.3,88.85,1874.7
93.3,89.35,1882
93.3,89.85,1885.3
93.3,90.35,1886
93.3,90.85,1890.2
93.3,91.35,1895.4
93.3,91.85,1899.1
93.3,92.35,1899.8
93.3,92.85,1892.3
93.3,93.35,1885.8
93.3,93.85,1878.9
93.3,94.35,1867.8
93.3,94.85,1852.5
93.3,95.35,1822.4
93.3,95.85,1800
93.3,96.35,1775.9
93.3,96.85,1745.3
93.3,97.35,1715
93.3,97.85,1687.7
93.3,98.35,1661
93.3,98.85,1627.6
93.3,99.35,1582.9
93.3,99.85,1544.2
93.3,100.35,1517
93.3,100.85,1475.4
93.3,101.35,1431.4
93.3,101.85,1418.4
93.3,102.35,1433.1
93.3,102.84,1418.1
93.3,103.34,1394.6
93.3,103.84,1380.4
93.3,104.34,1374
93.3,104.84,1374.6
93.3,105.34,1378.9
93.3,105.84,1387
93.3,106.34,1396.7
93.3,106.84,1420.2
93.3,107.34,1453.9
93.3,107.84,1448.9
93.3,108.34,1410.9
93.3,108.84,1384.8
93.3,109.34,1354.3
93.3,109.84,1323.6
93.3,110.34,1296.4
93.3,110.84,1272
93.3,111.34,1237.6
93.3,111.84,1225.4
93.3,112.34,1220.4
93.3,112.84,1197.6
93.3,113.34,1178.8
93.3,113.84,1166.8
93.3,114.34,1158.4
93.3,114.84,1156.2
93.3,115.34,1155.3
93.3,115.84,1163.2
93.3,116.34,1163
93.3,116.84,1147.7
93.3,117.33,1127.3
93.3,117.83,1110.4
93.3,118.33,1101
93.3,118.83,1094.6
93.3,119.33,1086.9
93.3,119.83,1074.7
93.3,120.33,1045
93.3,120.83,1003.5
93.3,121.33,970.5
93.3,121.83,953.8
93.3,122.33,925.7
93.3,122.83,856.1
93.3,123.33,785.8
93.3,123.83,720.7
93.3,124.33,653
93.3,124.83,577.3
93.3,125.33,524.1
93.3,125.83,486.3
93.3,126.33,450.5
93.3,126.83,413.4
93.3,127.33,371.1
93.3,127.83,355.1
93.3,128.33,386.4
93.3,128.83,434.2
93.3,129.33,480.9
93.3,129.83,511.2
93.3,130.33,543.2
93.3,130.83,582.7
93.3,131.32,632.8
93.3,131.82,712.3
93.3,132.32,810.5
93.3,132.82,922.5
93.3,133.32,1088.5
93.3,133.82,1212.7
93.3,134.32,1286.4
93.3,134.82,1332.6
93.3,135.32,1367.7
93.3,135.82,1407.3
93.3,136.32,1440.8
93.3,136.82,1457.3
93.3,137.32,1533.1
93.3,137.82,1626.2
93.3,138.32,1670.9
93.3,138.82,1686.2
93.3,139.32,1690.6
93.3,139.82,1697.3
93.3,140.32,1699.2
93.3,140.82,1696.6
93.3,141.32,1691.5
93.3,141.82,1685.5
93.3,142.32,1680.5
93.3,142.82,1676.6
93.3,143.32,1673
93.3,143.82,1670.3
93.3,144.31,1666.1
93.3,144.81,1663.7
93.3,145.31,1663.8
93.3,145.81,1667.7
93.3,146.31,1670.8
93.3,146.81,1674.5
93.3,147.31,1675.6
93.3,147.81,1675.8
93.3,148.31,1675.1
93.3,148.81,1673.7
93.3,149.31,1670.8
93.3,149.81,1666.4
93.3,150.31,1663
93.3,150.81,1659.7
93.3,151.31,1654.5
93.3,151.81,1647.2
93.3,152.31,1638
93.3,152.81,1628.5
93.3,153.31,1618.9
93.3,153.81,1603.8
93.3,154.31,1582.1
93.3,154.81,1564.7
93.3,155.31,1550
93.3,155.81,1535.5
93.3,156.31,1520.9
93.3,156.81,1505.7
93.3,157.3,1493.2
93.3,157.8,1479.1
93.3,158.3,1465.3
93.3,158.8,1449.8
93.3,159.3,1441.7
93.3,159.8,1438.3
93.3,160.3,1437.5
93.3,160.8,1438.9
93.3,161.3,1442.6
93.3,161.8,1448
93.3,162.3,1452.9
93.3,162.8,1460.1
93.3,163.3,1466.3
93.3,163.8,1453.3
93.3,164.3,1420.5
93.3,164.8,1393.4
93.3,165.3,1335.8
93.3,165.8,1293
93.3,166.3,1281.7
93.3,166.8,1288
93.3,167.3,1313.7
93.3,167.8,1340.2
93.3,168.3,1343.5
93.3,168.8,1347.5
93.3,169.3,1354.8
93.3,169.79,1364.7
93.3,170.29,1398.7
93.3,170.79,1414.5
93.3,171.29,1439.9
93.3,171.79,1464.2
93.3,172.29,1473.9
93.3,172.79,1477.9
93.3,173.29,1480.8
93.3,173.79,1481.1
93.3,174.29,1481.9
93.3,174.79,1483.4
93.3,175.29,1482
93.3,175.79,1479.9
93.3,176.29,1480.7
93.3,176.79,1483.3
93.3,177.29,1487.6
93.3,177.79,1492
93.3,178.29,1496.8
93.3,178.79,1498.6
93.3,179.29,1505.5
93.3,179.79,1515
93.3,180.29,1521.7
93.3,180.79,1523.9
93.3,181.29,1527.2
93.3,181.79,1535.6
93.3,182.29,1543.6
93.3,182.78,1552.3
93.3,183.28,1558.5
93.3,183.78,1564.7
93.3,184.28,1572.2
93.3,184.78,1577
93.3,185.28,1580.2
93.3,185.78,1582.6
93.3,186.28,1584.8
93.3,186.78,1588
93.3,187.28,1590.6
93.3,187.78,1592.4
93.3,188.28,1593.7
93.3,188.78,1593.9
93.3,189.28,1591.4
93.3,189.78,1584.1
93.3,190.28,1571.3
93.3,190.78,1556.7
93.3,191.28,1545
93.3,191.78,1529.8
93.3,192.28,1518
93.3,192.78,1525.4
93.3,193.28,1513.6
93.3,193.78,1406.2
93.3,194.28,1257.9
93.3,194.78,1103.5
93.3,195.27,967.1
93.3,195.77,878.8
93.3,196.27,840.6
93.3,196.77,817.8
93.3,197.27,811.8
93.3,197.77,824.7
93.3,198.27,847.5
93.3,198.77,888.1
93.3,199.27,932.8
93.3,199.77,982.5
93.3,200.27,1069.7
93.3,200.77,1188.6
93.3,201.27,1294.6
93.3,201.77,1368.7
93.3,202.27,1392.1
93.3,202.77,1351.9
93.3,203.27,1264
93.3,203.77,1197.3
93.3,204.27,1210.3
93.3,204.77,1264.6
93.3,205.27,1315.6
93.3,205.77,1360.8
93.3,206.27,1416.9
93.3,206.77,1479.7
93.3,207.27,1527.8
93.3,207.77,1553.8
93.3,208.26,1568.6
93.3,208.76,1581.9
93.3,209.26,1594.4
93.3,209.76,1621.5
93.3,210.26,1629.4
93.3,210.76,1573.1
93.3,211.26,1584.4
93.3,211.76,1641.7
93.3,212.26,1677.3
93.3,212.76,1699.4
93.3,213.26,1713.3
93.3,213.76,1728.3
93.3,214.26,1742.8
93.3,214.76,1753.2
93.3,215.26,1757.3
93.3,215.76,1757.9
93.3,216.26,1759.8
93.3,216.76,1760.9
93.3,217.26,1763.4
93.3,217.76,1789.1
93.3,218.26,1818.2
93.3,218.76,1848.2
93.3,219.26,1849.7
93.3,219.76,1799.7
93.3,220.26,1732.7
93.3,220.75,1642.4
93.3,221.25,1552.5
93.3,221.75,1492.6
93.3,222.25,1415.4
93.3,222.75,1340.8
93.3,223.25,1254.8
93.3,223.75,1191.6
93.3,224.25,1231.7
93.3,224.75,1275.7
93.3,225.25,1357.2
93.3,225.75,1434.8
93.3,226.25,1481
93.3,226.75,1464.6
93.3,227.25,1401.6
93.3,227.75,1337.9
93.3,228.25,1313.5
93.3,228.75,1386.7
93.3,229.25,1492.2
93.3,229.75,1592.9
93.3,230.25,1627.6
93.3,230.75,1637.9
93.3,231.25,1690.3
93.3,231.75,1778.8
93.3,232.25,1890.1
93.3,232.75,1994.7
93.3,233.25,2065.4
93.3,233.74,2128.2
93.3,234.24,2214.4
93.3,234.74,2313.4
93.3,235.24,2385.2
93.3,235.74,2423
93.3,236.24,2438.9
93.3,236.74,2459.2
93.3,237.24,2530.2
93.3,237.74,2618.6
93.3,238.24,2629.2
93.3,238.74,2619.1
93.3,239.24,2620
93.3,239.74,2623.9
93.3,240.24,2622.8
93.3,240.74,2620.9
93.3,241.24,2613.9
93.3,241.74,2612.9
93.3,242.24,2605.8
93.3,242.74,2548.8
93.3,243.24,2467.4
93.3,243.74,2386.2
93.3,244.24,2309.9
93.3,244.74,2234.9
93.3,245.24,2115.2
93.3,245.74,1958
93.3,246.24,1873.9
93.3,246.73,1951.4
93.3,247.23,2189.9
93.3,247.73,2490.4
93.3,248.23,2764
93.3,248.73,2915.1
93.3,249.23,3029.4
93.3,249.73,3140.3
93.3,250.23,3162.1
93.3,250.73,3179.1
93.3,251.23,3194.1
93.3,251.73,3224.4
93.3,252.23,3285
93.3,252.73,3320
93.3,253.23,3349
93.3,253.73,3379.7
93.3,254.23,3418.2
93.3,254.73,3447.6
93.3,255.23,3470.6
93.3,255.73,3485.5
93.3,256.23,3499.8
93.3,256.73,3504
93.3,257.23,3499.3
93.3,257.73,3491.8
93.3,258.23,3490.3
93.3,258.73,3496.9
93.3,259.22,3504.6
93.3,259.72,3513.1
93.3,260.22,3520.3
93.3,260.72,3526.4
93.3,261.22,3529.7
93.3,261.72,3532.4
93.3,262.22,3535.1
93.3,262.72,3538.8
93.3,263.22,3539.4
93.3,263.72,3530.2
93.3,264.22,3527.2
93.3,264.72,3589.8
93.3,265.22,3650.3
93.3,265.72,3652.7
93.3,266.22,3627.2
93.3,266.72,3627
93.3,267.22,3644
93.3,267.72,3658.8
93.3,268.22,3668.5
93.3,268.72,3677.4
93.3,269.22,3682.5
93.3,269.72,3686.2
93.3,270.22,3692.3
93.3,270.72,3699.8
93.3,271.22,3707.5
93.3,271.71,3714.8
93.3,272.21,3719.6
93.3,272.71,3723.3
93.3,273.21,3730
93.3,273.71,3736
93.3,274.21,3739.4
93.3,274.71,3744.9
93.3,275.21,3753.6
93.3,275.71,3755
93.3,276.21,3751.9
93.3,276.71,3752
93.3,277.21,3756.2
93.3,277.71,3766.7
93.3,278.21,3772.7
93.3,278.71,3774.4
93.3,279.21,3778.1
93.3,279.71,3779.4
93.3,280.21,3777.2
93.3,280.71,3772.4
93.3,281.21,3770.6
93.3,281.71,3767.6
93.3,282.21,3765.7
93.3,282.71,3766.7
93.3,283.21,3768
93.3,283.71,3771.4
93.3,284.2,3774.7
93.3,284.7,3779.5
93.3,285.2,3775
93.3,285.7,3753
93.3,286.2,3728.7
93.3,286.7,3713.3
93.3,287.2,3702.4
93.3,287.7,3688.3
93.3,288.2,3677
93.3,288.7,3671
93.3,289.2,3670.5
93.3,289.7,3675.7
93.3,290.2,3709
93.3,290.7,3724
93.3,291.2,3727.9
93.3,291.7,3732.9
93.3,292.2,3737.1
93.3,292.7,3736.2
93.3,293.2,3737
93.3,293.7,3737.7
93.3,294.2,3737.7
93.3,294.7,3738.6
93.3,295.2,3737.5
93.3,295.7,3736.4
93.3,296.2,3734.8
93.3,296.69,3731.9
93.3,297.19,3730.6
93.3,297.69,3730.6
93.3,298.19,3731.2
93.3,298.69,3731
93.3,299.19,3731.7
93.3,299.69,3738.5
93.3,300.19,3745.8
93.3,300.69,3752.5
93.3,301.19,3776
93.3,301.69,3823.4
93.3,302.19,3847.4
93.3,302.69,3884.3
93.3,303.19,3940.5
93.3,303.69,3963.8
93.3,304.19,3971.3
93.3,304.69,3977.1
93.3,305.19,3982.6
93.3,305.69,3987
93.3,306.19,3986.6
93.3,306.69,3984.2
93.3,307.19,3983.1
93.3,307.69,3980.4
93.3,308.19,3977.2
93.3,308.69,3973.9
93.3,309.18,3972.2
93.3,309.68,3969.5
93.3,310.18,3969.2
93.3,310.68,3963.1
93.3,311.18,3961.5
93.3,311.68,3958.7
93.3,312.18,3952.5
93.3,312.68,3950.9
93.3,313.18,3953.1
93.3,313.68,3949.9
93.3,314.18,3946.1
93.3,314.68,3947
93.3,315.18,3943.9
93.3,315.68,3940.2
93.3,316.18,3941
93.3,316.68,3941.5
93.3,317.18,3940.6
93.3,317.68,3937.8
93.3,318.18,3937.7
93.3,318.68,3938.5
93.3,319.18,3934.3
93.3,319.68,3935.9
93.3,320.18,3939
93.3,320.68,3939.1
93.3,321.18,3939.4
93.3,321.67,3941
93.3,322.17,3942.5
93.3,322.67,3941.3
93.3,323.17,3937.1
93.3,323.67,3939.8
93.3,324.17,3942.4
93.3,324.67,3930.7
93.3,325.17,3927.3
93.3,325.67,3923.4
93.3,326.17,3909.4
93.3,326.67,3899.6
93.3,327.17,3905.9
93.3,327.67,3895.8
93.3,328.17,3887.9
93.3,328.67,3879.9
93.3,329.17,3873.6
93.3,329.67,3867.3
93.3,330.17,3868.9
93.3,330.67,3876.5
93.3,331.17,3875.2
93.3,331.67,3879.9
93.3,332.17,3884.7
93.3,332.67,3912.6
93.3,333.17,3911.1
93.3,333.66,3898.1
93.3,334.16,3900.2
93.3,334.66,3906.3
93.3,335.16,3911.3
93.3,335.66,3914.2
93.3,336.16,3910.6
93.3,336.66,3891.9
93.3,337.16,3864.5
93.3,337.66,3850
93.3,338.16,3856.8
93.3,338.66,3872.1
93.3,339.16,3880.4
93.3,339.66,3876.2
93.3,340.16,3869.4
93.3,340.66,3864.4
93.3,341.16,3861.1
93.3,341.66,3857.6
93.3,342.16,3848.3
93.3,342.66,3835.4
93.3,343.16,3831
93.3,343.66,3837.5
93.3,344.16,3842.6
93.3,344.66,3823.3
93.3,345.16,3823.1
93.3,345.65,3829
93.3,346.15,3839.3
93.3,346.65,3852.1
93.3,347.15,3863.1
93.3,347.65,3859.4
93.3,348.15,3873
93.3,348.65,3886.8
93.3,349.15,3876.8
93.3,349.65,3876.6
93.3,350.15,3886.8
93.3,350.65,3890.6
93.3,351.15,3889.9
93.3,351.65,3895.6
93.3,352.15,3901.5
93.3,352.65,3887.5
93.3,353.15,3868.1
93.3,353.65,3862.2
93.3,354.15,3862
93.3,354.65,3866.8
93.3,355.15,3874.8
93.3,355.65,3877.7
93.3,356.15,3875.6
93.3,356.65,3871.3
93.3,357.14,3871.1
93.3,357.64,3885.7
93.3,358.14,3903.2
93.3,358.64,3916.9
93.3,359.14,3920.8
93.3,359.64,3908.8
93.3,360.14,3888.6
93.3,360.64,3878.9
93.3,361.14,3880.9
93.3,361.64,3883.4
93.3,362.14,3882.6
93.3,362.64,3868
93.3,363.14,3837.4
93.3,363.64,3806.8
93.3,364.14,3791.9
93.3,364.64,3794
93.3,365.14,3797.4
93.3,365.64,3811.3
93.3,366.14,3836.1
93.3,366.64,3868.9
93.3,367.14,3871.2
93.3,367.64,3858.8
93.3,368.14,3849
93.3,368.64,3836.3
93.3,369.13,3830.5
93.3,369.63,3851.1
93.3,370.13,3914.4
93.3,370.63,3963.9
93.3,371.13,3972.6
93.3,371.63,3955.2
93.3,372.13,3935.7
93.3,372.63,3927.9
93.3,373.13,3934.9
93.3,373.63,3929
93.3,374.13,3924.6
93.3,374.63,3939.6
93.3,375.13,3981.1
93.3,375.63,4028.6
93.3,376.13,4055.8
93.3,376.63,4068.1
93.3,377.13,4043.4
93.3,377.63,3954.4
93.3,378.13,3895
93.3,378.63,3890.4
93.3,379.13,3897
93.3,379.63,3907.9
93.3,380.13,3912.3
93.3,380.63,3916.2
93.3,381.12,3914.5
93.3,381.62,3909.4
93.3,382.12,3912.2
93.3,382.62,3905.8
93.3,383.12,3880.2
93.3,383.62,3877.4
93.3,384.12,3892.4
93.3,384.62,3917.1
93.3,385.12,3944.4
93.3,385.62,3950.1
93.3,386.12,3929
93.3,386.62,3899.1
93.3,387.12,3905.7
93.3,387.62,3934.1
93.3,388.12,3945.5
93.3,388.62,3944.9
93.3,389.12,3944.3
93.3,389.62,3942.9
93.3,390.12,3921.7
93.3,390.62,3903.1
93.3,391.12,3895.4
93.3,391.62,3885.6
93.3,392.12,3892.3
93.3,392.62,3870.7
93.3,393.11,3840.7
93.3,393.61,3833.6
93.3,394.11,3838.9
93.3,394.61,3859.7
93.3,395.11,3873.7
93.3,395.61,3868
93.3,396.11,3860.2
93.3,396.61,3867.2
93.3,397.11,3870.4
93.3,397.61,3869.4
93.3,398.11,3876.1
93.3,398.61,3888.2
93.3,399.11,3901.6
93.3,399.61,3922.9
93.3,400.11,3980.4
93.3,400.61,4002
93.3,401.11,3997.4
93.3,401.61,3991.1
93.3,402.11,3990.9
93.3,402.61,3994.3
93.3,403.11,4012.8
93.3,403.61,4022.8
93.3,404.11,4023.7
93.3,404.61,3999
93.3,405.1,3982.2
93.3,405.6,4085
93.3,406.1,4165.6
93.3,406.6,4188.6
93.3,407.1,4184.4
93.3,407.6,4177.3
93.3,408.1,4174
93.3,408.6,4164
93.3,409.1,4141.6
93.3,409.6,4117.7
93.3,410.1,4079.1
93.3,410.6,4043.5
93.3,411.1,4021.4
93.3,411.6,4006.7
93.3,412.1,3998.2
93.3,412.6,3998.2
93.3,413.1,4015.3
93.3,413.6,4005.4
93.3,414.1,3947.5
93.3,414.6,3908.9
93.3,415.1,3907.5
93.3,415.6,3931.5
93.3,416.1,3964
93.3,416.59,3978.9
93.3,417.09,3957.7
93.3,417.59,3937.3
93.3,418.09,3944.1
93.3,418.59,3953.9
93.3,419.09,3957.4
93.3,419.59,3964.2
93.3,420.09,3976.4
93.3,420.59,3980.9
93.3,421.09,3998.9
93.3,421.59,4020.9
93.3,422.09,4022.8
93.3,422.59,4025.8
93.3,423.09,4024.4
93.3,423.59,4018.2
93.3,424.09,4003.4
93.3,424.59,3985.1
93.3,425.09,3974.3
93.3,425.59,3969.2
93.3,426.09,3963.8
93.3,426.59,3951.7
93.3,427.09,3925.9
93.3,427.59,3907.7
93.3,428.09,3895.8
93.3,428.58,3892.7
93.3,429.08,3889.2
93.3,429.58,3866.3
93.3,430.08,3828.3
93.3,430.58,3809.5
93.3,431.08,3810.5
93.3,431.58,3824.2
93.3,432.08,3844.6
93.3,432.58,3853
93.3,433.08,3845.4
93.3,433.58,3845.9
93.3,434.08,3869.1
93.3,434.58,3905.6
93.3,435.08,3918.2
93.3,435.58,3920.1
93.3,436.08,3921.1
93.3,436.58,3911.2
93.3,437.08,3905.3
93.3,437.58,3906.4
93.3,438.08,3892.2
93.3,438.58,3888.2
93.3,439.08,3891.4
93.3,439.58,3871.3
93.3,440.07,3827.3
93.3,440.57,3827.7
93.3,441.07,3855.9
93.3,441.57,3876.6
93.3,442.07,3891.1
93.3,442.57,3903.8
93.3,443.07,3903.7
93.3,443.57,3895.5
93.3,444.07,3876.9
93.3,444.57,3863.7
93.3,445.07,3867.7
93.3,445.57,3902.4
93.3,446.07,3927.9
93.3,446.57,3940.8
93.3,447.07,3962
93.3,447.57,3951.3
93.3,448.07,3945.5
93.3,448.57,3958.5
93.3,449.07,3978.3
93.3,449.57,3977.7
93.3,450.07,3975.8
93.3,450.57,3991.7
93.3,451.07,3997.1
93.3,451.57,4009.3
93.3,452.06,4051.6
93.3,452.56,4074.8
93.3,453.06,4088.9
93.3,453.56,4093.7
93.3,454.06,4067.5
93.3,454.56,4051.1
93.3,455.06,4077.6
93.3,455.56,4104.2
93.3,456.06,4139.8
93.3,456.56,4146.7
93.3,457.06,4156
93.3,457.56,4170.6
93.3,458.06,4176.5
93.3,458.56,4174.5
93.3,459.06,4158.2
93.3,459.56,4129.6
93.3,460.06,4109.2
93.3,460.56,4095
93.3,461.06,4072.6
93.3,461.56,4047.3
93.3,462.06,4024.9
93.3,462.56,4027.9
93.3,463.06,4042.4
93.3,463.55,4060.9
93.3,464.05,4077.6
93.3,464.55,4087.2
93.3,465.05,4091.6
93.3,465.55,4105.9
93.3,466.05,4118.1
93.3,466.55,4114.2
93.3,467.05,4099.5
93.3,467.55,4095
93.3,468.05,4109.6
93.3,468.55,4129.2
93.3,469.05,4121.8
93.3,469.55,4109
93.3,470.05,4102.4
93.3,470.55,4098.5
93.3,471.05,4095.3
93.3,471.55,4086
93.3,472.05,4098
93.3,472.55,4147.2
93.3,473.05,4200.1
93.3,473.55,4234
93.3,474.05,4253.2
93.3,474.55,4264.4
93.3,475.04,4268
93.3,475.54,4260.9
93.3,476.04,4252.4
93.3,476.54,4252.2
93.3,477.04,4219.2
93.3,477.54,4163.6
93.3,478.04,4178
93.3,478.54,4235
93.3,479.04,4267
93.3,479.54,4263.5
93.3,480.04,4244
93.3,480.54,4217.1
93.3,481.04,4229.6
93.3,481.54,4242.8
93.3,482.04,4242.6
93.3,482.54,4243.6
93.3,483.04,4252.8
93.3,483.54,4252
93.3,484.04,4245.1
93.3,484.54,4240.2
93.3,485.04,4241.5
93.3,485.54,4258.7
93.3,486.03,4253.7
93.3,486.53,4242.2
93.3,487.03,4247.1
93.3,487.53,4264.2
93.3,488.03,4281.2
93.3,488.53,4287.1
93.3,489.03,4283.5
93.3,489.53,4276.5
93.3,490.03,4262.9
93.3,490.53,4246.5
93.3,491.03,4245.9
93.3,491.53,4249.1
93.3,492.03,4245
93.3,492.53,4235.4
93.3,493.03,4240.4
93.3,493.53,4247.4
93.3,494.03,4247.5
93.3,494.53,4240.3
93.3,495.03,4222.8
93.3,495.53,4225.9
93.3,496.03,4234
93.3,496.53,4224.9
93.3,497.03,4209.6
93.3,497.52,4224.6
93.3,498.02,4227.6
93.3,498.52,4195.6
93.3,499.02,4178.5
93.3,499.52,4189.7
93.3,500.02,4196.4
93.3,500.52,4193
93.3,501.02,4188.4
93.3,501.52,4183.7
93.3,502.02,4182.5
93.3,502.52,4185.8
93.3,503.02,4185.7
93.3,503.52,4182.5
93.3,504.02,4172.1
93.3,504.52,4179.6
93.3,505.02,4186.7
93.3,505.52,4178.3
93.3,506.02,4146.6
93.3,506.52,4081.9
93.3,507.02,3961.7
93.3,507.52,3867.9
93.3,508.02,3872.1
93.3,508.51,3977.1
93.3,509.01,4078.1
93.3,509.51,4115.5
93.3,510.01,4127.8
93.3,510.51,4105.7
93.3,511.01,4070.5
93.3,511.51,4069.1
93.3,512.01,4072.5
93.3,512.51,4102.3
93.3,513.01,4138.4
93.3,513.51,4128
93.3,514.01,4089.1
93.3,514.51,4084.4
93.3,515.01,4112.8
93.3,515.51,4179
93.3,516.01,4214.3
93.3,516.51,4219.8
93.3,517.01,4214.1
93.3,517.51,4208.4
93.3,518.01,4197
93.3,518.51,4166.9
93.3,519.01,4116.7
93.3,519.51,4030.7
93.3,520,3922
93.3,520.5,3890.7
93.3,521,3984.1
93.3,521.5,4099.5
93.3,522,4130.5
93.3,522.5,4130.4
93.3,523,4127.5
93.3,523.5,4126.4
93.3,524,4113.4
93.3,524.5,4093.5
93.3,525,4085.9
93.3,525.5,4088.6
93.3,526,4102.7
93.3,526.5,4133.4
93.3,527,4120
93.3,527.5,4088.9
93.3,528,4109.2
93.3,528.5,4143.7
93.3,529,4160
93.3,529.5,4151.9
93.3,530,4139.4
93.3,530.5,4137.1
93.3,530.99,4141.3
93.3,531.49,4152.3
93.3,531.99,4159.7
93.3,532.49,4177.3
93.3,532.99,4187.7
93.3,533.49,4183.7
93.3,533.99,4171.8
93.3,534.49,4165.4
93.3,534.99,4165.4
93.3,535.49,4171.8
93.3,535.99,4178.9
93.3,536.49,4181.7
93.3,536.99,4184.8
93.3,537.49,4186.2
93.3,537.99,4177.8
93.3,538.49,4162.7
93.3,538.99,4155.7
93.3,539.49,4152.4
93.3,539.99,4151.1
93.3,540.49,4157.2
93.3,540.99,4175.5
93.3,541.49,4193
93.3,541.98,4184.8
93.3,542.48,4166.7
93.3,542.98,4156.8
93.3,543.48,4137.8
93.3,543.98,4081
93.3,544.48,3961.7
93.3,544.98,3843.8
93.3,545.48,3813.2
93.3,545.98,3903
93.3,546.48,3997.7
93.3,546.98,4079.9
93.3,547.48,4086.9
93.3,547.98,4071.1
93.3,548.48,4071.1
93.3,548.98,4084.4
93.3,549.48,4101.4
93.3,549.98,4122.1
93.3,550.48,4141.2
93.3,550.98,4155.5
93.3,551.48,4166.1
93.3,551.98,4170.6
93.3,552.48,4157.8
93.3,552.97,4143.1
93.3,553.47,4150.2
93.3,553.97,4164.3
93.3,554.47,4160.2
93.3,554.97,4137.5
93.3,555.47,4117.1
93.3,555.97,4109.6
93.3,556.47,4136.7
93.3,556.97,4150.3
93.3,557.47,4156.9
93.3,557.97,4167.4
93.3,558.47,4176.8
93.3,558.97,4183.6
93.3,559.47,4188.5
93.3,559.97,4186.7
93.3,560.47,4174.4
93.3,560.97,4144.7
93.3,561.47,4115
93.3,561.97,4099.5
93.3,562.47,4096.3
93.3,562.97,4093
93.3,563.47,4076.3
93.3,563.96,4039.5
93.3,564.46,3958.1
93.3,564.96,3924.7
93.3,565.46,3941.3
93.3,565.96,3949.1
93.3,566.46,3931.9
93.3,566.96,3907.2
93.3,567.46,3853.9
93.3,567.96,3784.4
93.3,568.46,3759.9
93.3,568.96,3842.8
93.3,569.46,3946.3
93.3,569.96,3975.1
93.3,570.46,3965.5
93.3,570.96,3982.4
93.3,571.46,4011
93.3,571.96,4027.7
93.3,572.46,4050.9
93.3,572.96,4063.5
93.3,573.46,4075.4
93.3,573.96,4083.5
93.3,574.46,4083.5
93.3,574.95,4070.9
93.3,575.45,4065.1
93.3,575.95,4069.2
93.3,576.45,4076.8
93.3,576.95,4071.7
93.3,577.45,4065
93.3,577.95,4062.7
93.3,578.45,4066.1
93.3,578.95,4074.4
93.3,579.45,4084.7
93.3,579.95,4084.5
93.3,580.45,4043.5
93.3,580.95,4008.1
93.3,581.45,4017.8
93.3,581.95,4021.7
93.3,582.45,4027.1
93.3,582.95,4050.7
93.3,583.45,4048.5
93.3,583.95,4006.7
93.3,584.45,3958.4
93.3,584.95,3985
93.3,585.45,4041.7
93.3,585.94,4055.7
93.3,586.44,4060.8
93.3,586.94,4072
93.3,587.44,4078.7
93.3,587.94,4085.5
93.3,588.44,4074.9
93.3,588.94,4067.1
93.3,589.44,4073.6
93.3,589.94,4082.7
93.3,590.44,4102.5
93.3,590.94,4115.7
93.3,591.44,4119.1
93.3,591.94,4118.5
93.3,592.44,4120.3
93.3,592.94,4124.5
93.3,593.44,4137.1
93.3,593.94,4144.9
93.3,594.44,4148.7
93.3,594.94,4148.2
93.3,595.44,4149.6
93.3,595.94,4150
93.3,596.43,4147.7
93.3,596.93,4145.5
93.3,597.43,4145
93.3,597.93,4147
93.3,598.43,4150.9
93.3,598.93,4157
93.3,599.43,4167.2
93.3,599.93,4173
93.3,600.43,4176.5
93.3,600.93,4178.9
93.3,601.43,4184.1
93.3,601.93,4193.8
93.3,602.43,4206.1
93.3,602.93,4216.1
93.3,603.43,4230.7
93.3,603.93,4247.6
93.3,604.43,4260.5
93.3,604.93,4267
93.3,605.43,4271.5
93.3,605.93,4267.6
93.3,606.43,4278.7
93.3,606.93,4295.5
93.3,607.42,4303.7
93.3,607.92,4304.3
93.3,608.42,4303.8
93.3,608.92,4305
93.3,609.42,4304.8
93.3,609.92,4305.3
93.3,610.42,4306.9
93.3,610.92,4309.1
93.3,611.42,4306.6
93.3,611.92,4303.3
93.3,612.42,4298.5
93.3,612.92,4288.2
93.3,613.42,4266.6
93.3,613.92,4222.9
93.3,614.42,4146.5
93.3,614.92,4032.2
93.3,615.42,3928
93.3,615.92,3839.6
93.3,616.42,3744.3
93.3,616.92,3672.5
93.3,617.42,3632.8
93.3,617.92,3583.8
93.3,618.41,3524.8
93.3,618.91,3451.1
93.3,619.41,3431.3
93.3,619.91,3412.2
93.3,620.41,3430.2
93.3,620.91,3589.1
93.3,621.41,3777.8
93.3,621.91,3888.1
93.3,622.41,3954.8
93.3,622.91,3996.3
93.3,623.41,4030.1
93.3,623.91,4082.8
93.3,624.41,4136.1
93.3,624.91,4198.7
93.3,625.41,4259.5
93.3,625.91,4297.8
93.3,626.41,4325.7
93.3,626.91,4368.6
93.3,627.41,4445.6
93.3,627.91,4521.3
93.3,628.41,4520.2
93.3,628.9,4511.6
93.3,629.4,4494.6
93.3,629.9,4452
93.3,630.4,4392.5
93.3,630.9,4342.2
93.3,631.4,4294.4
93.3,631.9,4243.5
93.3,632.4,4216.9
93.3,632.9,4233.5
93.3,633.4,4239.4
93.3,633.9,4273.4
93.3,634.4,4306.5
93.3,634.9,4273.6
93.3,635.4,4221.5
93.3,635.9,4197.4
93.3,636.4,4199.6
93.3,636.9,4244.6
93.3,637.4,4306.2
93.3,637.9,4311.3
93.3,638.4,4251.8
93.3,638.9,4226.5
93.3,639.39,4250.6
93.3,639.89,4297.9
93.3,640.39,4323
93.3,640.89,4324.7
93.3,641.39,4324.8
93.3,641.89,4326.3
93.3,642.39,4327.7
93.3,642.89,4331.8
93.3,643.39,4330.5
93.3,643.89,4328.4
93.3,644.39,4327.4
93.3,644.89,4323.2
93.3,645.39,4322.8
93.3,645.89,4326
93.3,646.39,4329
93.3,646.89,4299.1
93.3,647.39,4262
93.3,647.89,4245.2
93.3,648.39,4228.5
93.3,648.89,4208.9
93.3,649.39,4211.2
93.3,649.88,4215.1
93.3,650.38,4190.9
93.3,650.88,4157.5
93.3,651.38,4137
93.3,651.88,4121.2
93.3,652.38,4107.4
93.3,652.88,4115.6
93.3,653.38,4128.2
93.3,653.88,4126.9
93.3,654.38,4110.5
93.3,654.88,4119.5
93.3,655.38,4122.4
93.3,655.88,4108.9
93.3,656.38,4070.7
93.3,656.88,4046
93.3,657.38,4031.2
93.3,657.88,4026.4
93.3,658.38,4040.8
93.3,658.88,4094.4
93.3,659.38,4135.4
93.3,659.88,4158.6
93.3,660.37,4196.2
93.3,660.87,4224.9
93.3,661.37,4231.9
93.3,661.87,4223
93.3,662.37,4201.8
93.3,662.87,4177.1
93.3,663.37,4152.5
93.3,663.87,4151.9
93.3,664.37,4182
93.3,664.87,4200.9
93.3,665.37,4208.2
93.3,665.87,4216.6
93.3,666.37,4227.8
93.3,666.87,4239.4
93.3,667.37,4250.1
93.3,667.87,4257.2
93.3,668.37,4282.5
93.3,668.87,4325.2
93.3,669.37,4366.2
93.3,669.87,4383.5
93.3,670.37,4382.8
93.3,670.86,4383.6
93.3,671.36,4385.9
93.3,671.86,4389
93.3,672.36,4390.9
93.3,672.86,4408.6
93.3,673.36,4405.4
93.3,673.86,4373.6
93.3,674.36,4341.2
93.3,674.86,4346.8
93.3,675.36,4377.2
93.3,675.86,4417.7
93.3,676.36,4449.7
93.3,676.86,4447.5
93.3,677.36,4423.5
93.3,677.86,4418.3
93.3,678.36,4427.2
93.3,678.86,4437.5
93.3,679.36,4449.7
93.3,679.86,4446.1
93.3,680.36,4439.3
93.3,680.86,4425.9
93.3,681.36,4402.8
93.3,681.85,4370.6
93.3,682.35,4335.1
93.3,682.85,4308.3
93.3,683.35,4289.1
93.3,683.85,4288.2
93.3,684.35,4292.1
93.3,684.85,4279.7
93.3,685.35,4259.2
93.3,685.85,4218.1
93.3,686.35,4190.9
93.3,686.85,4214.4
93.3,687.35,4243.8
93.3,687.85,4250
93.3,688.35,4220.6
93.3,688.85,4176.3
93.3,689.35,4135.7
93.3,689.85,4101.5
100,0,216.8
100,0.5,203.8
100,1,194.9
100,1.5,172.2
100,2,149.4
100,2.49,169.4
100,2.99,237.9
100,3.49,314.5
100,3.99,371.7
100,4.49,423
100,4.99,469.3
100,5.49,508.8
100,5.99,525.4
100,6.48,531
100,6.98,546.2
100,7.48,570.9
100,7.98,586.3
100,8.48,606.5
100,8.98,638.4
100,9.48,673.2
100,9.98,708.7
100,10.47,751.1
100,10.97,785
100,11.47,798.5
100,11.97,812.5
100,12.47,836.5
100,12.97,866.7
100,13.47,887.2
100,13.97,896.1
100,14.46,911.5
100,14.96,927.1
100,15.46,943.8
100,15.96,963.1
100,16.46,983.1
100,16.96,1007.4
100,17.46,1039.7
100,17.96,1061.7
100,18.45,1073.1
100,18.95,1078.4
100,19.45,1084.8
100,19.95,1091.8
100,20.45,1100.7
100,20.95,1101.3
100,21.45,1104.3
100,21.95,1111.7
100,22.44,1117.2
100,22.94,1118.7
100,23.44,1120.5
100,23.94,1127.8
100,24.44,1134.5
100,24.94,1140.1
100,25.44,1146.5
100,25.94,1153.7
100,26.43,1161.2
100,26.93,1167.3
100,27.43,1175.8
100,27.93,1183.5
100,28.43,1190.3
100,28.93,1194.2
100,29.43,1195.6
100,29.93,1199.7
100,30.42,1203.6
100,30.92,1208.9
100,31.42,1216.4
100,31.92,1224.6
100,32.42,1231.4
100,32.92,1238
100,33.42,1245.5
100,33.92,1253.2
100,34.41,1266.2
100,34.91,1284
100,35.41,1288.7
100,35.91,1287.7
100,36.41,1289.7
100,36.91,1291.6
100,37.41,1294.2
100,37.91,1300.2
100,38.4,1307.7
100,38.9,1314
100,39.4,1320.3
100,39.9,1326.4
100,40.4,1263.3
100,40.9,1131.8
100,41.4,1012.6
100,41.9,931.9
100,42.39,864.7
100,42.89,916.1
100,43.39,966.3
100,43.89,984.8
100,44.39,1043.5
100,44.89,1101.5
100,45.39,1060.5
100,45.89,1028
100,46.38,1021.8
100,46.88,1026.7
100,47.38,1012.9
100,47.88,965.5
100,48.38,889.6
100,48.88,793.4
100,49.38,716.5
100,49.88,706.8
100,50.37,726.7
100,50.87,681.7
100,51.37,730.8
100,51.87,775.5
100,52.37,789.8
100,52.87,800
100,53.37,866.6
100,53.87,964.5
100,54.37,1013.8
100,54.86,1088.4
100,55.36,1137.2
100,55.86,1167
100,56.36,1188.9
100,56.86,1199.5
100,57.36,1211.2
100,57.86,1214.4
100,58.36,1219.4
100,58.85,1219.2
100,59.35,1220.3
100,59.85,1222.7
100,60.35,1225.7
100,60.85,1237
100,61.35,1253.3
100,61.85,1268.4
100,62.35,1264.4
100,62.84,1287.7
100,63.34,1354.4
100,63.84,1380.5
100,64.34,1392
100,64.84,1406.7
100,65.34,1395.2
100,65.84,1372.4
100,66.34,1346.6
100,66.83,1364.1
100,67.33,1406.2
100,67.83,1460
100,68.33,1484.3
100,68.83,1486.4
100,69.33,1492.6
100,69.83,1498
100,70.33,1498.6
100,70.82,1502.1
100,71.32,1513.6
100,71.82,1530.4
100,72.32,1548.2
100,72.82,1527.6
100,73.32,1527.6
100,73.82,1545.9
100,74.32,1555.7
100,74.81,1560.9
100,75.31,1565.6
100,75.81,1584.1
100,76.31,1609.7
100,76.81,1636.7
100,77.31,1652
100,77.81,1668.3
100,78.31,1694.4
100,78.8,1714.2
100,79.3,1735.1
100,79.8,1756.6
100,80.3,1777.6
100,80.8,1797.5
100,81.3,1813.8
100,81.8,1834
100,82.3,1849.8
100,82.79,1854.3
100,83.29,1866.9
100,83.79,1878.6
100,84.29,1885.7
100,84.79,1889.9
100,85.29,1896.2
100,85.79,1903.2
100,86.29,1904.6
100,86.79,1907.8
100,87.29,1910.1
100,87.79,1911.2
100,88.28,1916.5
100,88.78,1928.2
100,89.28,1929
100,89.78,1920.3
100,90.28,1925.1
100,90.78,1932.9
100,91.28,1920.1
100,91.78,1907.9
100,92.28,1909.8
100,92.78,1914.6
100,93.28,1921.3
100,93.78,1938.5
100,94.28,1963.1
100,94.78,1983.3
100,95.28,1986.5
100,95.78,1975.3
100,96.28,1944.4
100,96.78,1908.7
100,97.28,1930.9
100,97.78,2029.7
100,98.28,2043.4
100,98.78,2021.6
100,99.28,2026.7
100,99.78,2038.7
100,100.27,2049.6
100,100.77,2055.5
100,101.27,2056
100,101.77,2057.3
100,102.27,2057.6
100,102.77,2056.3
100,103.27,2053.6
100,103.77,2049.9
100,104.27,2047
100,104.77,2041.4
100,105.27,2033.4
100,105.77,2026.1
100,106.27,2010.5
100,106.77,1989.1
100,107.27,1973
100,107.77,1962.9
100,108.27,1948.3
100,108.77,1933.7
100,109.27,1914
100,109.77,1900.7
100,110.27,1891.6
100,110.77,1887.2
100,111.27,1885.4
100,111.77,1885.1
100,112.26,1887
100,112.76,1891
100,113.26,1897.9
100,113.76,1905
100,114.26,1918.7
100,114.76,1939.8
100,115.26,1958
100,115.76,1960.2
100,116.26,1948.3
100,116.76,1928
100,117.26,1913.5
100,117.76,1902.7
100,118.26,1879.9
100,118.76,1859
100,119.26,1844.5
100,119.76,1831.7
100,120.26,1816.9
100,120.76,1785.4
100,121.26,1748.1
100,121.76,1722.2
100,122.26,1701.3
100,122.76,1692.1
100,123.26,1672.6
100,123.76,1633.8
100,124.26,1593.2
100,124.75,1587.1
100,125.25,1593.5
100,125.75,1561
100,126.25,1510.4
100,126.75,1514.1
100,127.25,1479.3
100,127.75,1431.6
100,128.25,1357.5
100,128.75,1309.1
100,129.25,1291.6
100,129.75,1285.1
100,130.25,1335.4
100,130.75,1399.1
100,131.25,1426.5
100,131.75,1445.7
100,132.25,1466.9
100,132.75,1508.1
100,133.25,1512.6
100,133.75,1498.2
100,134.25,1498
100,134.75,1503.6
100,135.25,1512.1
100,135.75,1512.4
100,136.25,1512.1
100,136.74,1503.1
100,137.24,1485.2
100,137.74,1467.5
100,138.24,1469.5
100,138.74,1500.4
100,139.24,1543.4
100,139.74,1590.8
100,140.24,1600
100,140.74,1606.6
100,141.24,1618
100,141.74,1624.6
100,142.24,1630.6
100,142.74,1638.6
100,143.24,1647.8
100,143.74,1655.2
100,144.24,1661.7
100,144.74,1658.8
100,145.24,1653.3
100,145.74,1658.4
100,146.24,1674.8
100,146.74,1702.7
100,147.24,1717.9
100,147.74,1723.5
100,148.24,1720.9
100,148.73,1719.7
100,149.23,1722.9
100,149.73,1727.2
100,150.23,1730.6
100,150.73,1731.2
100,151.23,1732.9
100,151.73,1742.4
100,152.23,1751
100,152.73,1759.7
100,153.23,1767.3
100,153.73,1774
100,154.23,1775
100,154.73,1770.9
100,155.23,1751
100,155.73,1738.9
100,156.23,1743.7
100,156.73,1738.8
100,157.23,1709.3
100,157.73,1663.5
100,158.23,1682.2
100,158.73,1725.6
100,159.23,1765.4
100,159.73,1785.8
100,160.23,1776.9
100,160.72,1770.1
100,161.22,1772.2
100,161.72,1778
100,162.22,1789
100,162.72,1808.1
100,163.22,1823.6
100,163.72,1837.2
100,164.22,1846.1
100,164.72,1855.2
100,165.22,1863.6
100,165.72,1872.2
100,166.22,1880.4
100,166.72,1885.3
100,167.22,1879.4
100,167.72,1861.5
100,168.22,1836.4
100,168.72,1807.6
100,169.22,1767.5
100,169.72,1732.1
100,170.22,1669
100,170.72,1634
100,171.22,1687.7
100,171.72,1683.9
100,172.22,1738.1
100,172.71,1718.3
100,173.21,1686.5
100,173.71,1727.5
100,174.21,1727.3
100,174.71,1787.6
100,175.21,1881
100,175.71,1925.7
100,176.21,1962.6
100,176.71,1942.7
100,177.21,1955.3
100,177.71,1962.2
100,178.21,1961.7
100,178.71,1938.2
100,179.21,1917.7
100,179.71,1908.1
100,180.21,1902.6
100,180.71,1901
100,181.21,1926.1
100,181.71,1922.9
100,182.21,1903.8
100,182.71,1881.6
100,183.21,1889.3
100,183.71,1904.4
100,184.21,1908.8
100,184.7,1908.9
100,185.2,1949.5
100,185.7,1955.9
100,186.2,1968.5
100,186.7,1973
100,187.2,1942.4
100,187.7,1878
100,188.2,1861.6
100,188.7,1920
100,189.2,1972
100,189.7,1984.5
100,190.2,1973.7
100,190.7,1991.3
100,191.2,2050.6
100,191.7,2109.7
100,192.2,2164.1
100,192.7,2188.8
100,193.2,2204.3
100,193.7,2217.1
100,194.2,2238.8
100,194.7,2252.3
100,195.2,2276.9
100,195.7,2301.8
100,196.2,2349.3
100,196.69,2381.2
100,197.19,2407.5
100,197.69,2442.7
100,198.19,2489.7
100,198.69,2519.2
100,199.19,2517.7
100,199.69,2519.3
100,200.19,2555
100,200.69,2584.5
100,201.19,2601.9
100,201.69,2615.1
100,202.19,2632.5
100,202.69,2657.2
100,203.19,2691.6
100,203.69,2728.1
100,204.19,2746.7
100,204.69,2770.4
100,205.19,2793.1
100,205.69,2784.5
100,206.19,2763.8
100,206.69,2752.3
100,207.19,2738.4
100,207.69,2739.5
100,208.19,2743.9
100,208.68,2739.4
100,209.18,2771.6
100,209.68,2831.2
100,210.18,2911.4
100,210.68,2953.8
100,211.18,2947.4
100,211.68,2917.2
100,212.18,2896.9
100,212.68,2891
100,213.18,2882
100,213.68,2839.9
100,214.18,2747.2
100,214.68,2637.3
100,215.18,2573.7
100,215.68,2557.1
100,216.18,2535.6
100,216.68,2593.8
100,217.18,2707.2
100,217.68,2800.1
100,218.18,2838.5
100,218.68,2845.7
100,219.18,2851.5
100,219.68,2856.4
100,220.18,2864.1
100,220.67,2873
100,221.17,2875.8
100,221.67,2805.5
100,222.17,2774.8
100,222.67,2847.3
100,223.17,2881.2
100,223.67,2878.3
100,224.17,2858.8
100,224.67,2841.2
100,225.17,2822.7
100,225.67,2817.7
100,226.17,2886.3
100,226.67,2924.1
100,227.17,2950.6
100,227.67,2959.9
100,228.17,2959.9
100,228.67,2949.9
100,229.17,2935.3
100,229.67,2942.6
100,230.17,2985.8
100,230.67,3039.3
100,231.17,3058.8
100,231.67,3053.9
100,232.17,3033.2
100,232.66,3006.2
100,233.16,2931.7
100,233.66,2786.3
100,234.16,2738.5
100,234.66,2835.1
100,235.16,2941.4
100,235.66,2941.7
100,236.16,2958.4
100,236.66,3035.3
100,237.16,3027.1
100,237.66,2957.2
100,238.16,2908.4
100,238.66,2835.4
100,239.16,2779.3
100,239.66,2788.3
100,240.16,2845.7
100,240.66,2886.7
100,241.16,2879.9
100,241.66,2852.6
100,242.16,2822.6
100,242.66,2798.5
100,243.16,2789.5
100,243.66,2793.6
100,244.15,2805.9
100,244.65,2825.2
100,245.15,2854.9
100,245.65,2895.7
100,246.15,2939
100,246.65,2975.6
100,247.15,2995.2
100,247.65,3004.4
100,248.15,3008.4
100,248.65,3010.1
100,249.15,3013.1
100,249.65,3008.9
100,250.15,3003.2
100,250.65,3001.2
100,251.15,3000.9
100,251.65,3000.5
100,252.15,3004.8
100,252.65,3017.5
100,253.15,3032
100,253.65,3046.2
100,254.15,3068.2
100,254.65,3091.1
100,255.14,3115
100,255.64,3136.6
100,256.14,3153.3
100,256.64,3171.5
100,257.14,3196.4
100,257.64,3229
100,258.14,3262.1
100,258.64,3291.2
100,259.14,3313.3
100,259.64,3321.5
100,260.14,3269.5
100,260.64,3190.5
100,261.14,3130.8
100,261.64,3126.1
100,262.14,3142.3
100,262.64,3161
100,263.14,3184.7
100,263.64,3214.3
100,264.14,3248.8
100,264.64,3284.2
100,265.14,3317.9
100,265.64,3344.4
100,266.14,3366.3
100,266.63,3383.9
100,267.13,3394
100,267.63,3397
100,268.13,3393.5
100,268.63,3387.8
100,269.13,3377.3
100,269.63,3359.2
100,270.13,3335.9
100,270.63,3308.7
100,271.13,3284.7
100,271.63,3266.3
100,272.13,3252.1
100,272.63,3251.7
100,273.13,3300.8
100,273.63,3368.1
100,274.13,3425
100,274.63,3452.3
100,275.13,3464.9
100,275.63,3475.8
100,276.13,3487.6
100,276.63,3500
100,277.13,3510.7
100,277.63,3525.8
100,278.12,3545.3
100,278.62,3563.5
100,279.12,3582.8
100,279.62,3599.6
100,280.12,3613.9
100,280.62,3628.2
100,281.12,3640.5
100,281.62,3651.4
100,282.12,3659
100,282.62,3664.8
100,283.12,3669.3
100,283.62,3671.8
100,284.12,3670.1
100,284.62,3667.5
100,285.12,3665.8
100,285.62,3663.2
100,286.12,3662.5
100,286.62,3663.3
100,287.12,3664
100,287.62,3665
100,288.12,3665.5
100,288.62,3666.6
100,289.11,3669.9
100,289.61,3673.5
100,290.11,3676.7
100,290.61,3680.9
100,291.11,3684.9
100,291.61,3687.9
100,292.11,3688.1
100,292.61,3688.9
100,293.11,3691.6
100,293.61,3695.9
100,294.11,3702.2
100,294.61,3710
100,295.11,3716.5
100,295.61,3727.9
100,296.11,3741.3
100,296.61,3755.6
100,297.11,3770.7
100,297.61,3787.3
100,298.11,3802.6
100,298.61,3814
100,299.11,3822.6
100,299.61,3830.4
100,300.11,3836.4
100,300.6,3840.9
100,301.1,3844.6
100,301.6,3846.8
100,302.1,3849.3
100,302.6,3851
100,303.1,3854.1
100,303.6,3856.4
100,304.1,3858.3
100,304.6,3855.5
100,305.1,3852
100,305.6,3850.4
100,306.1,3850.2
100,306.6,3853
100,307.1,3858.2
100,307.6,3865.9
100,308.1,3874.1
100,308.6,3879.5
100,309.1,3882
100,309.6,3884.5
100,310.1,3894.4
100,310.6,3914.6
100,311.1,3930.5
100,311.59,3945.3
100,312.09,3955.6
100,312.59,3962
100,313.09,3964.1
100,313.59,3964.5
100,314.09,3962.9
100,314.59,3961.9
100,315.09,3964.1
100,315.59,3967.8
100,316.09,3976.4
100,316.59,3986.2
100,317.09,3990.8
100,317.59,3988.1
100,318.09,3976.4
100,318.59,3968.9
100,319.09,3974.5
100,319.59,3974.5
100,320.09,3961.3
100,320.59,3908.9
100,321.09,3851.5
100,321.59,3805
100,322.09,3752.3
100,322.59,3692.4
100,323.08,3647
100,323.58,3615.1
100,324.08,3588.7
100,324.58,3586.1
100,325.08,3582.7
100,325.58,3523.1
100,326.08,3396.5
100,326.58,3345.8
100,327.08,3399.3
100,327.58,3434.1
100,328.08,3387.7
100,328.58,3261
100,329.08,3170.4
100,329.58,3104.4
100,330.08,3072.6
100,330.58,3049.9
100,331.08,2991.1
100,331.58,2883.8
100,332.08,2795.9
100,332.58,2766.3
100,333.08,2709.7
100,333.58,2648.6
100,334.08,2610.9
100,334.57,2625.7
100,335.07,2639.4
100,335.57,2616.9
100,336.07,2617.5
100,336.57,2671.6
100,337.07,2696.8
100,337.57,2654
100,338.07,2601
100,338.57,2586.9
100,339.07,2655.7
100,339.57,2756.7
100,340.07,2813.9
100,340.57,2841.9
100,341.07,2875.4
100,341.57,2936.6
100,342.07,3031.1
100,342.57,3116.3
100,343.07,3215.2
100,343.57,3217.5
100,344.07,3185.8
100,344.57,3191.5
100,345.07,3229.4
100,345.56,3254.3
100,346.06,3258
100,346.56,3300.4
100,347.06,3345.3
100,347.56,3395.9
100,348.06,3503
100,348.56,3634.6
100,349.06,3707.5
100,349.56,3739.4
100,350.06,3773.4
100,350.56,3800.2
100,351.06,3807.4
100,351.56,3809.5
100,352.06,3810.2
100,352.56,3809.6
100,353.06,3812.8
100,353.56,3819.8
100,354.06,3827.3
100,354.56,3835.9
100,355.06,3842.6
100,355.56,3852.6
100,356.06,3865
100,356.56,3864.1
100,357.05,3857.8
100,357.55,3855.6
100,358.05,3861.2
100,358.55,3865.9
100,359.05,3869.2
100,359.55,3874.9
100,360.05,3887.9
100,360.55,3889.4
100,361.05,3927.3
100,361.55,3954.2
100,362.05,3967
100,362.55,3971.9
100,363.05,3974.3
100,363.55,3988
100,364.05,4012.9
100,364.55,4015.4
100,365.05,3978.4
100,365.55,3939.2
100,366.05,3938.2
100,366.55,3971
100,367.05,4024.9
100,367.55,4025.5
100,368.04,4014.2
100,368.54,3993.4
100,369.04,3963.3
100,369.54,3949.8
100,370.04,3966.9
100,370.54,3968.3
100,371.04,3961.3
100,371.54,3958
100,372.04,3956.2
100,372.54,3958.4
100,373.04,3973.3
100,373.54,4027.3
100,374.04,3945.7
100,374.54,3831
100,375.04,3697.3
100,375.54,3563.1
100,376.04,3460.1
100,376.54,3440.8
100,377.04,3480
100,377.54,3547.1
100,378.04,3599.3
100,378.54,3679
100,379.04,3748.5
100,379.53,3790.1
100,380.03,3808.3
100,380.53,3821.7
100,381.03,3837.3
100,381.53,3860
100,382.03,3884.3
100,382.53,3912.4
100,383.03,3938.7
100,383.53,3952.2
100,384.03,3933.4
100,384.53,3892.3
100,385.03,3852.6
100,385.53,3830.5
100,386.03,3825.8
100,386.53,3825.5
100,387.03,3825.5
100,387.53,3826.6
100,388.03,3829.2
100,388.53,3837.2
100,389.03,3853.2
100,389.53,3896.8
100,390.03,3932.6
100,390.52,3962.7
100,391.02,3990.7
100,391.52,4022.7
100,392.02,4055.2
100,392.52,4080.5
100,393.02,4089.6
100,393.52,4089.2
100,394.02,4088.1
100,394.52,4088.3
100,395.02,4087.6
100,395.52,4083.2
100,396.02,4073.8
100,396.52,4055.9
100,397.02,4030.2
100,397.52,4001.5
100,398.02,3972.3
100,398.52,3942.9
100,399.02,3910.7
100,399.52,3882.5
100,400.02,3866.5
100,400.52,3861.5
100,401.01,3864
100,401.51,3872.1
100,402.01,3884.3
100,402.51,3897.1
100,403.01,3909.4
100,403.51,3919.4
100,404.01,3928
100,404.51,3932.8
100,405.01,3939.2
100,405.51,3944.8
100,406.01,3950.2
100,406.51,3952.6
100,407.01,3954.5
100,407.51,3955.3
100,408.01,3954.8
100,408.51,3953.4
100,409.01,3952.4
100,409.51,3952.2
100,410.01,3952.3
100,410.51,3953.3
100,411.01,3955.8
100,411.51,3961.2
100,412,3968
100,412.5,3977
100,413,3986.1
100,413.5,3996
100,414,4005.4
100,414.5,4013.1
100,415,4019.3
100,415.5,4025
100,416,4029.6
100,416.5,4033.4
100,417,4037.7
100,417.5,4042.5
100,418,4047.4
100,418.5,4052.2
100,419,4056.2
100,419.5,4059.7
100,420,4063
100,420.5,4066.9
100,421,4069.1
100,421.5,4070.6
100,422,4071.8
100,422.5,4072.6
100,422.99,4071.4
100,423.49,4068.2
100,423.99,4064.5
100,424.49,4059.4
100,424.99,4053.8
100,425.49,4048.1
100,425.99,4043.3
100,426.49,4041.6
100,426.99,4049.4
100,427.49,4058.2
100,427.99,4057
100,428.49,4040.2
100,428.99,4018.3
100,429.49,3994.3
100,429.99,3973.6
100,430.49,3967.1
100,430.99,3973.1
100,431.49,3984.6
100,431.99,3997.7
100,432.49,4011.1
100,432.99,4021.5
100,433.48,4031.2
100,433.98,4043.4
100,434.48,4060.5
100,434.98,4081.2
100,435.48,4097.5
100,435.98,4095.4
100,436.48,4087.5
100,436.98,4076.6
100,437.48,4062.1
100,437.98,4045.8
100,438.48,4030.3
100,438.98,4014.4
100,439.48,4001.4
100,439.98,3989
100,440.48,3979.5
100,440.98,3970.2
100,441.48,3963.3
100,441.98,3954.5
100,442.48,3943.5
100,442.98,3928.8
100,443.48,3913.8
100,443.98,3898.9
100,444.47,3886.1
100,444.97,3877.9
100,445.47,3874.8
100,445.97,3872.8
100,446.47,3864
100,446.97,3847.9
100,447.47,3828.1
100,447.97,3849.4
100,448.47,3890.3
100,448.97,4002.8
100,449.47,4021.1
100,449.97,4006.9
100,450.47,4005.1
100,450.97,4002.4
100,451.47,3982.8
100,451.97,3947.8
100,452.47,3923.1
100,452.97,3918.7
100,453.47,3926
100,453.97,3931.1
100,454.47,3928.7
100,454.96,3944
100,455.46,3948.7
100,455.96,3937.4
100,456.46,3938.4
100,456.96,3930.9
100,457.46,3928.5
100,457.96,3927.7
100,458.46,3923.7
100,458.96,3916.4
100,459.46,3912.3
100,459.96,3913.3
100,460.46,3916.6
100,460.96,3922.8
100,461.46,3928.1
100,461.96,3933.3
100,462.46,3937.1
100,462.96,3938.7
100,463.46,3937.2
100,463.96,3933.3
100,464.46,3925.5
100,464.96,3915
100,465.46,3904.5
100,465.95,3893.9
100,466.45,3884.2
100,466.95,3875
100,467.45,3867.1
100,467.95,3862.3
100,468.45,3863.4
100,468.95,3869.8
100,469.45,3884.3
100,469.95,3896.9
100,470.45,3906
100,470.95,3913.2
100,471.45,3923.1
100,471.95,3935.7
100,472.45,3950.7
100,472.95,3965.5
100,473.45,3979.7
100,473.95,3992.2
100,474.45,4002.6
100,474.95,4009.6
100,475.45,4011.7
100,475.95,4009.3
100,476.45,4000.3
100,476.94,3981.2
100,477.44,3960.8
100,477.94,3937.7
100,478.44,3918.3
100,478.94,3914.1
100,479.44,3924.6
100,479.94,3938.9
100,480.44,3960
100,480.94,3981.4
100,481.44,4001.9
100,481.94,4021.4
100,482.44,4037.9
100,482.94,4053
100,483.44,4065.4
100,483.94,4075.3
100,484.44,4083.3
100,484.94,4089.3
100,485.44,4093
100,485.94,4094.9
100,486.44,4094
100,486.94,4089.9
100,487.43,4083.2
100,487.93,4072.8
100,488.43,4060.2
100,488.93,4045.5
100,489.43,4029.4
100,489.93,4013.6
100,490.43,3997.2
100,490.93,3981.3
100,491.43,3963.5
100,491.93,3943
100,492.43,3919.4
100,492.93,3893.4
100,493.43,3873.5
100,493.93,3863.4
100,494.43,3861
100,494.93,3863.6
100,495.43,3866.2
100,495.93,3867
100,496.43,3861
100,496.93,3853.5
100,497.43,3852.5
100,497.93,3853.9
100,498.42,3849.7
100,498.92,3844.1
100,499.42,3840.9
100,499.92,3843.8
100,500.42,3846.9
100,500.92,3853.5
100,501.42,3862.7
100,501.92,3869.7
100,502.42,3873.8
100,502.92,3874.6
100,503.42,3876.8
100,503.92,3878.7
100,504.42,3882.1
100,504.92,3889.9
100,505.42,3897.3
100,505.92,3903.8
100,506.42,3910.3
100,506.92,3922.5
100,507.42,3945.3
100,507.92,3970.7
100,508.42,3987.4
100,508.91,3990.5
100,509.41,3986.7
100,509.91,3978.2
100,510.41,3967.3
100,510.91,3951.5
100,511.41,3933.9
100,511.91,3915.8
100,512.41,3898.6
100,512.91,3883.3
100,513.41,3869.6
100,513.91,3858.4
100,514.41,3858.1
100,514.91,3867.8
100,515.41,3882.7
100,515.91,3898.5
100,516.41,3913.6
100,516.91,3928.6
100,517.41,3942.6
100,517.91,3956.1
100,518.41,3968.4
100,518.91,3978.7
100,519.41,3987.4
100,519.9,3991.4
100,520.4,3993.3
100,520.9,3993.5
100,521.4,3991.1
100,521.9,3987.1
100,522.4,3981.2
100,522.9,3974.4
100,523.4,3967.8
100,523.9,3963.8
100,524.4,3961.8
100,524.9,3960.9
100,525.4,3961.5
100,525.9,3963.4
100,526.4,3965.9
100,526.9,3967.1
100,527.4,3967.1
100,527.9,3969.4
100,528.4,3972.1
100,528.9,3976.8
100,529.4,3983.5
100,529.9,3991.8
100,530.4,3999.9
100,530.89,4008.8
100,531.39,4019.7
100,531.89,4031.5
100,532.39,4043.5
100,532.89,4055.5
100,533.39,4067.2
100,533.89,4078.8
100,534.39,4092.5
100,534.89,4108.6
100,535.39,4126.8
100,535.89,4146.2
100,536.39,4163.9
100,536.89,4179.4
100,537.39,4193.7
100,537.89,4206.9
100,538.39,4217.8
100,538.89,4223.5
100,539.39,4225.4
100,539.89,4224.4
100,540.39,4220.9
100,540.88,4216.9
100,541.38,4211.5
100,541.88,4206
100,542.38,4198.9
100,542.88,4188.4
100,543.38,4177.2
100,543.88,4166.7
100,544.38,4158.3
100,544.88,4151.1
100,545.38,4144.5
100,545.88,4138.6
100,546.38,4134.3
100,546.88,4131.1
100,547.38,4129.1
100,547.88,4128.2
100,548.38,4127.1
100,548.88,4126.8
100,549.38,4132.7
100,549.88,4150.1
100,550.38,4172.1
100,550.87,4192
100,551.37,4208.3
100,551.87,4218.2
100,552.37,4222.8
100,552.87,4225.9
100,553.37,4226.7
100,553.87,4227.8
100,554.37,4230.4
100,554.87,4234.3
100,555.37,4238.5
100,555.87,4240.5
100,556.37,4243.2
100,556.87,4246
100,557.37,4250.4
100,557.87,4253.7
100,558.37,4257.4
100,558.87,4260.7
100,559.37,4263.3
100,559.87,4265.4
100,560.37,4267.6
100,560.86,4268.9
100,561.36,4269.1
100,561.86,4269.1
100,562.36,4269.1
100,562.86,4269
100,563.36,4269
100,563.86,4267.9
100,564.36,4266.5
100,564.86,4264
100,565.36,4260.6
100,565.86,4255.5
100,566.36,4248.5
100,566.86,4240.4
100,567.36,4231.4
100,567.86,4221.1
100,568.36,4210.4
100,568.86,4199.7
100,569.36,4189.2
100,569.86,4178.1
100,570.36,4168.4
100,570.86,4161.2
100,571.35,4156.5
100,571.85,4155.3
100,572.35,4156.9
100,572.85,4159.5
100,573.35,4162.3
100,573.85,4165.6
100,574.35,4170.8
100,574.85,4178
100,575.35,4184.1
100,575.85,4187.8
100,576.35,4189.2
100,576.85,4190.2
100,577.35,4189.7
100,577.85,4188.1
100,578.35,4185.5
100,578.85,4181
100,579.35,4175.6
100,579.85,4169.9
100,580.35,4163.5
100,580.85,4156.8
100,581.34,4150.2
100,581.84,4145.6
100,582.34,4141
100,582.84,4138.1
100,583.34,4136.9
100,583.84,4139.6
100,584.34,4145.9
100,584.84,4155.9
100,585.34,4168.7
100,585.84,4179.9
100,586.34,4186
100,586.84,4185
100,587.34,4178.2
100,587.84,4171.6
100,588.34,4163.4
100,588.84,4160.3
100,589.34,4161.4
100,589.84,4164.8
100,590.34,4170.4
100,590.84,4177
100,591.33,4190.8
100,591.83,4206.5
100,592.33,4222.4
100,592.83,4237.3
100,593.33,4249.6
100,593.83,4259.8
100,594.33,4267
100,594.83,4271.6
100,595.33,4272.6
100,595.83,4271
100,596.33,4265.3
100,596.83,4256.6
100,597.33,4246.1
100,597.83,4234.5
100,598.33,4221.9
100,598.83,4209
100,599.33,4195.7
100,599.83,4184.9
100,600.33,4177
100,600.83,4171
100,601.32,4168.6
100,601.82,4171.9
100,602.32,4178.4
100,602.82,4187.5
100,603.32,4192.8
100,603.82,4193.9
100,604.32,4192.5
100,604.82,4189.8
100,605.32,4187.7
100,605.82,4185.1
100,606.32,4183.5
100,606.82,4181.6
100,607.32,4180.3
100,607.82,4178.6
100,608.32,4180.2
100,608.82,4184.5
100,609.32,4193.5
100,609.82,4204.9
100,610.32,4217.6
100,610.82,4230.3
100,611.32,4243
100,611.81,4249.2
100,612.31,4253.5
100,612.81,4256.9
100,613.31,4263.4
100,613.81,4272.1
100,614.31,4281.9
100,614.81,4291.9
100,615.31,4300.2
100,615.81,4295.5
100,616.31,4273.8
100,616.81,4227.4
100,617.31,4214.4
100,617.81,4196.5
100,618.31,4181
100,618.81,4185.5
100,619.31,4196.7
100,619.81,4201.7
100,620.31,4190.8
100,620.81,4156.2
100,621.31,4152.1
100,621.8,4142.3
100,622.3,4099.1
100,622.8,4069.4
100,623.3,4078
100,623.8,4150.7
100,624.3,4204.7
100,624.8,4244.4
100,625.3,4274.8
100,625.8,4293
100,626.3,4285.2
100,626.8,4246.8
100,627.3,4196.6
100,627.8,4189.6
100,628.3,4203
100,628.8,4207.5
100,629.3,4208.8
100,629.8,4208.2
100,630.3,4221.8
100,630.8,4212.7
100,631.3,4199.8
100,631.79,4210.6
100,632.29,4227.6
100,632.79,4226.7
100,633.29,4221.9
100,633.79,4223
100,634.29,4215.7
100,634.79,4195
100,635.29,4184.3
100,635.79,4185.2
100,636.29,4194.3
100,636.79,4213.6
100,637.29,4234
100,637.79,4249.2
100,638.29,4257.7
100,638.79,4258.3
100,639.29,4253.2
100,639.79,4247.7
100,640.29,4239.1
100,640.79,4231
100,641.29,4224.7
100,641.79,4219.2
100,642.28,4213.9
100,642.78,4209.7
100,643.28,4205.5
100,643.78,4202.8
100,644.28,4200.7
100,644.78,4199.7
100,645.28,4200.1
100,645.78,4202.5
100,646.28,4204.9
100,646.78,4206.7
100,647.28,4207.8
100,647.78,4207.1
100,648.28,4205.9
100,648.78,4205.1
100,649.28,4203.7
100,649.78,4201.3
100,650.28,4199.1
100,650.78,4195.4
100,651.28,4190.3
100,651.78,4183.4
100,652.27,4176.4
100,652.77,4171.9
100,653.27,4170.4
100,653.77,4169.7
100,654.27,4170.3
100,654.77,4171.6
100,655.27,4172.2
100,655.77,4173.2
100,656.27,4175.2
100,656.77,4176.8
100,657.27,4178.4
100,657.77,4180.4
100,658.27,4183
100,658.77,4185.1
100,659.27,4187.1
100,659.77,4188.7
100,660.27,4190.5
100,660.77,4191.9
100,661.27,4194.8
100,661.77,4198.6
100,662.26,4200
100,662.76,4202.2
100,663.26,4206.3
100,663.76,4209.4
100,664.26,4213
100,664.76,4215
100,665.26,4213.7
100,665.76,4208.4
100,666.26,4199.3
100,666.76,4191.6
100,667.26,4184.7
100,667.76,4173.4
100,668.26,4180.5
100,668.76,4208.3
100,669.26,4232.6
100,669.76,4248.5
100,670.26,4251.3
100,670.76,4254.9
100,671.26,4254.4
100,671.76,4247.1
100,672.25,4228.4
100,672.75,4223
100,673.25,4226.6
100,673.75,4233.1
100,674.25,4241.8
100,674.75,4258.8
100,675.25,4294.4
100,675.75,4311.9
100,676.25,4303.4
100,676.75,4275.3
100,677.25,4229.1
100,677.75,4196.7
100,678.25,4191
100,678.75,4196.5
100,679.25,4202.5
100,679.75,4209
100,680.25,4222.4
100,680.75,4236.8
100,681.25,4250.1
100,681.75,4238.7
100,682.24,4238.4
100,682.74,4232.3
100,683.24,4225.4
100,683.74,4245.1
100,684.24,4267.5
100,684.74,4269.2
100,685.24,4264.3
100,685.74,4278.2
100,686.24,4270.7
100,686.74,4259.8
100,687.24,4278.4
100,687.74,4274.4
100,688.24,4258.7
100,688.74,4261.8
100,689.24,4284
100,689.74,4299.5
100,690.24,4307.2
100,690.74,4324.5
100,691.24,4330.4
100,691.74,4304.9
100,692.23,4265.2
100,692.73,4262.3
100,693.23,4273.4
100,693.73,4286.1
100,694.23,4291
100,694.73,4291.8
100,695.23,4290.4
100,695.73,4288.7
100,696.23,4287.9
100,696.73,4286.9
100,697.23,4287
100,697.73,4287
100,698.23,4286.2
100,698.73,4285.6
100,699.23,4284.7
100,699.73,4284.5
100,700.23,4285
100,700.73,4287
100,701.23,4290.2
100,701.72,4295.1
100,702.22,4301.5
100,702.72,4308.4
100,703.22,4316.3
100,703.72,4325.1
100,704.22,4336.7
100,704.72,4348.2
100,705.22,4358.5
100,705.72,4368
100,706.22,4375.6
100,706.72,4381
100,707.22,4384.2
100,707.72,4384.2
100,708.22,4380
100,708.72,4373.4
100,709.22,4363.9
100,709.72,4352.9
100,710.22,4341.4
100,710.72,4328.9
100,711.22,4316.2
100,711.71,4305.2
100,712.21,4296.6
100,712.71,4290.7
100,713.21,4290.6
100,713.71,4292.8
100,714.21,4297.5
100,714.71,4305
100,715.21,4315.5
100,715.71,4329.1
100,716.21,4345.7
100,716.71,4364.7
100,717.21,4384.8
100,717.71,4406.8
100,718.21,4427.7
100,718.71,4444.1
100,719.21,4457.7
100,719.71,4469.4
100,720.21,4478.5
100,720.71,4482.1
100,721.2,4481.6
100,721.7,4479.5
100,722.2,4476.4
100,722.7,4471.8
100,723.2,4467.6
100,723.7,4465.4
100,724.2,4464.1
100,724.7,4463.2
100,725.2,4462.2
100,725.7,4462
100,726.2,4457.6
100,726.7,4453.1
100,727.2,4448.7
100,727.7,4445
100,728.2,4441.2
100,728.7,4437.1
100,729.2,4433.6
100,729.7,4431.3
100,730.2,4432.3
100,730.7,4434.3
100,731.19,4437.2
100,731.69,4439.7
100,732.19,4442.2
100,732.69,4446.1
100,733.19,4450.9
100,733.69,4455.6
100,734.19,4461.7
100,734.69,4469.3
100,735.19,4478.1
100,735.69,4486.8
100,736.19,4493.8
100,736.69,4499.4
100,737.19,4501.4
100,737.69,4499
100,738.19,4494.2
100,738.69,4491.3
100,739.19,4488.9
100,739.69,4487.2
100,740.19,4484.9
100,740.68,4478.6
100,741.18,4462.8
100,741.68,4442.4
100,742.18,4421.8
100,742.68,4400.3
100,743.18,4380.8
100,743.68,4375.5
100,744.18,4375.2
100,744.68,4379.2
100,745.18,4383.6
100,745.68,4389.2
100,746.18,4394.1
100,746.68,4399.4
100,747.18,4404.3
100,747.68,4408.2
100,748.18,4411.8
100,748.68,4414.9
100,749.18,4419.3
100,749.68,4423.4
100,750.18,4426.4
100,750.67,4428.1
100,751.17,4429.1
100,751.67,4429.1
100,752.17,4428.7
100,752.67,4426.2
100,753.17,4419.6
100,753.67,4413.5
100,754.17,4407.9
100,754.67,4403.4
100,755.17,4398.7
100,755.67,4396.5
100,756.17,4395.6
100,756.67,4394.6
100,757.17,4394.5
100,757.67,4392.8
100,758.17,4387
100,758.67,4375.3
100,759.17,4364.8
100,759.67,4355.3
100,760.16,4346.4
100,760.66,4337.1
100,761.16,4329.5
100,761.66,4321.9
100,762.16,4317.5
100,762.66,4314.1
100,763.16,4310.6
100,763.66,4308.8
100,764.16,4307.1
100,764.66,4305.8
100,765.16,4304.7
100,765.66,4304.7
100,766.16,4306
100,766.66,4307.9
100,767.16,4310
100,767.66,4313
100,768.16,4316.1
100,768.66,4320.9
100,769.16,4325.1
100,769.66,4328.4
100,770.15,4331.6
100,770.65,4334.7
100,771.15,4336.9
100,771.65,4339.3
100,772.15,4340
100,772.65,4340.4
100,773.15,4339.4
100,773.65,4336.7
100,774.15,4333.9
100,774.65,4331.7
100,775.15,4329.8
100,775.65,4329
100,776.15,4330.7
100,776.65,4334.1
100,777.15,4338.6
100,777.65,4343.3
100,778.15,4348.9
100,778.65,4353.8
100,779.15,4359.3
100,779.64,4363.5
100,780.14,4369
100,780.64,4375.3
100,781.14,4381.5
100,781.64,4387.1
100,782.14,4392.8
100,782.64,4396.1
100,783.14,4398.3
100,783.64,4400.4
100,784.14,4404.1
100,784.64,4409
100,785.14,4413.2
100,785.64,4417.8
100,786.14,4426.9
100,786.64,4430.9
100,787.14,4383.9
100,787.64,4309
100,788.14,4262.6
100,788.64,4243.4
100,789.13,4253.2
100,789.63,4257.9
100,790.13,4263.4
100,790.63,4268.7
100,791.13,4274.6
100,791.63,4281.3
100,792.13,4287.1
100,792.63,4291.9
100,793.13,4294.6
100,793.63,4296
100,794.13,4295.4
100,794.63,4293.8
100,795.13,4292.3
100,795.63,4289.8
100,796.13,4286.1
100,796.63,4283.3
100,797.13,4281.6
100,797.63,4280
100,798.13,4279.4
100,798.63,4278.6
100,799.12,4277.1
100,799.62,4275.1
100,800.12,4273
100,800.62,4271.6
100,801.12,4271.2
100,801.62,4271.8
100,802.12,4273.3
100,802.62,4275.6
100,803.12,4278.4
100,803.62,4280.4
100,804.12,4281.5
100,804.62,4283.6
100,805.12,4285.8
100,805.62,4288.5
100,806.12,4292.2
100,806.62,4295.3
100,807.12,4298.1
100,807.62,4300.8
100,808.12,4303.9
100,808.61,4305.2
100,809.11,4305.7
100,809.61,4304.4
100,810.11,4302.6
100,810.61,4300.2
100,811.11,4299.6
100,811.61,4300.8
100,812.11,4302.7
100,812.61,4305.1
100,813.11,4308.7
100,813.61,4313.9
100,814.11,4320.6
100,814.61,4328
100,815.11,4333.5
100,815.61,4339.9
100,816.11,4347.2
100,816.61,4355.9
100,817.11,4364.9
100,817.61,4372
100,818.11,4377.1
100,818.6,4377.8
100,819.1,4375.5
100,819.6,4372.5
100,820.1,4369.1
100,820.6,4365.6
100,821.1,4361.1
100,821.6,4357.7
100,822.1,4355.1
100,822.6,4353.3
100,823.1,4350.7
100,823.6,4347.2
100,824.1,4340.1
100,824.6,4326.6
100,825.1,4307.4
100,825.6,4289.6
100,826.1,4277.1
100,826.6,4274.6
100,827.1,4275.2
100,827.6,4276.9
100,828.09,4280.6
100,828.59,4287.6
100,829.09,4296.2
100,829.59,4305.6
100,830.09,4318.4
100,830.59,4334.8
100,831.09,4351.9
100,831.59,4368.1
100,832.09,4368.2
100,832.59,4360.3
100,833.09,4350.1
100,833.59,4339.6
100,834.09,4326.1
100,834.59,4310.2
100,835.09,4294.5
100,835.59,4287.6
100,836.09,4302.8
100,836.59,4322.1
100,837.09,4344.7
100,837.58,4367.1
100,838.08,4379.7
100,838.58,4372.6
100,839.08,4361.4
100,839.58,4351
100,840.08,4344.8
100,840.58,4342.3
100,841.08,4339.5
100,841.58,4338.6
100,842.08,4341.7
100,842.58,4344.2
100,843.08,4347.6
100,843.58,4351.5
100,844.08,4353.6
100,844.58,4354.8
100,845.08,4355.3
100,845.58,4356.5
100,846.08,4360.5
100,846.57,4365.5
100,847.07,4371.6
100,847.57,4376.1
100,848.07,4379
100,848.57,4380.9
100,849.07,4381.7
100,849.57,4378.8
100,850.07,4374.9
100,850.57,4369.1
100,851.07,4364.7
100,851.57,4359.2
100,852.07,4355.6
100,852.57,4353
100,853.07,4351.5
100,853.57,4351.5
100,854.07,4352.3
100,854.57,4353.6
100,855.07,4354.2
100,855.57,4354.3
100,856.06,4354.5
100,856.56,4353.4
100,857.06,4351.7
100,857.56,4349.2
100,858.06,4344.4
100,858.56,4338.7
100,859.06,4330
100,859.56,4319.5
100,860.06,4308.1
100,860.56,4295.4
100,861.06,4282.1
100,861.56,4268.8
100,862.06,4255.6
100,862.56,4244
100,863.06,4235.9
100,863.56,4230.4
100,864.06,4228.8
100,864.56,4229.9
100,865.06,4234.2
100,865.55,4240.3
100,866.05,4248.1
100,866.55,4257.6
100,867.05,4268.1
100,867.55,4278.3
100,868.05,4286.8
100,868.55,4294.7
100,869.05,4302.4
100,869.55,4309.5
100,870.05,4314.9
100,870.55,4314.3
100,871.05,4313.5
100,871.55,4311.5
100,872.05,4307.9
100,872.55,4303.8
100,873.05,4300.6
100,873.55,4297
100,874.05,4293.3
100,874.54,4288.9
100,875.04,4284.6
100,875.54,4280.8
100,876.04,4278.3
100,876.54,4276.5
100,877.04,4276.2
100,877.54,4276.4
100,878.04,4277.1
100,878.54,4277.9
100,879.04,4278.1
100,879.54,4281.2
100,880.04,4284.3
100,880.54,4289.1
100,881.04,4294.9
100,881.54,4299.1
100,882.04,4302.4
100,882.54,4307
100,883.04,4312.6
100,883.54,4319.6
100,884.03,4327.8
100,884.53,4337.3
100,885.03,4348.4
100,885.53,4358.3
100,886.03,4360.3
100,886.53,4360.2
100,887.03,4357.4
100,887.53,4357.1
100,888.03,4358.5
100,888.53,4360.7
100,889.03,4362.1
100,889.53,4363.5
100,890.03,4366.4
100,890.53,4369.8
100,891.03,4371.6
100,891.53,4369.7
100,892.03,4365.4
100,892.53,4358.4
100,893.02,4347.8
100,893.52,4334.2
100,894.02,4319
100,894.52,4301.9
100,895.02,4281.6
100,895.52,4258.1
100,896.02,4232.4
100,896.52,4205.5
100,897.02,4177.6
100,897.52,4148.5
100,898.02,4121.1
100,898.52,4097.3
100,899.02,4087.3
100,899.52,4082.1
100,900.02,4083.3
100,900.52,4090.8
100,901.02,4101.9
100,901.52,4114
100,902.02,4127.4
100,902.51,4143
100,903.01,4159.8
100,903.51,4177.6
100,904.01,4195
100,904.51,4212.2
100,905.01,4227.7
100,905.51,4242
100,906.01,4255
100,906.51,4264.4
100,907.01,4272.1
100,907.51,4277
100,908.01,4279.1
100,908.51,4281.2
100,909.01,4281.9
100,909.51,4280.5
100,910.01,4278.9
100,910.51,4274.7
100,911.01,4268.8
100,911.51,4261
100,912,4250.9
100,912.5,4240.1
100,913,4228.1
100,913.5,4215.9
100,914,4202.4
100,914.5,4187.3
100,915,4173.6
100,915.5,4165.1
100,916,4160.8
100,916.5,4159.7
100,917,4160.1
100,917.5,4171
100,918,4184.7
100,918.5,4199.3
100,919,4212
100,919.5,4224.5
100,920,4234.7
100,920.5,4238.6
100,920.99,4236.4
100,921.49,4242.8
100,921.99,4266.3
100,922.49,4285.8
100,922.99,4291.2
100,923.49,4291
100,923.99,4295.9
100,924.49,4312.5
100,924.99,4319.4
100,925.49,4318.8
100,925.99,4316.3
100,926.49,4314.1
100,926.99,4313.1
100,927.49,4315.4
100,927.99,4319.4
100,928.49,4323.4
100,928.99,4327.5
100,929.49,4330.6
100,929.99,4334.8
100,930.48,4339.7
100,930.98,4344.5
100,931.48,4349
100,931.98,4353
100,932.48,4356.5
100,932.98,4359.5
100,933.48,4362.2
100,933.98,4364.2
100,934.48,4365
100,934.98,4363.3
100,935.48,4360.2
100,935.98,4356.2
100,936.48,4350.2
100,936.98,4344.3
100,937.48,4337
100,937.98,4329
100,938.48,4319.9
100,938.98,4309.6
100,939.47,4298.4
100,939.97,4287.1
100,940.47,4275.9
100,940.97,4264.8
100,941.47,4254.3
100,941.97,4243.9
100,942.47,4235.2
100,942.97,4228.6
100,943.47,4223.1
100,943.97,4220.4
100,944.47,4220.5
100,944.97,4222.4
100,945.47,4224.7
100,945.97,4226.7
100,946.47,4228.4
100,946.97,4228
100,947.47,4226.3
100,947.97,4222.7
100,948.47,4215.1
100,948.96,4205.3
100,949.46,4197.5
100,949.96,4195
100,950.46,4194.7
100,950.96,4194.1
100,951.46,4195.3
100,951.96,4199.3
100,952.46,4209.3
100,952.96,4218.6
100,953.46,4229.5
100,953.96,4241.1
100,954.46,4252.5
100,954.96,4263.9
100,955.46,4276
100,955.96,4288.3
100,956.46,4299.5
100,956.96,4309.4
100,957.46,4316.3
100,957.96,4320.7
100,958.45,4323.9
100,958.95,4324.7
100,959.45,4324.6
100,959.95,4323.3
100,960.45,4321.2
100,960.95,4318.3
100,961.45,4318.7
100,961.95,4317.6
100,962.45,4315.4
100,962.95,4311.4
100,963.45,4308.2
100,963.95,4305.9
100,964.45,4304.5
100,964.95,4303.7
100,965.45,4303.3
100,965.95,4302.3
100,966.45,4301
100,966.95,4299.8
100,967.44,4299.2
100,967.94,4300.2
100,968.44,4304.4
100,968.94,4313.1
100,969.44,4323.5
100,969.94,4335.8
100,970.44,4348.2
100,970.94,4360.4
100,971.44,4374.2
100,971.94,4387.9
100,972.44,4402.4
100,972.94,4417.5
100,973.44,4432.6
100,973.94,4445.2
100,974.44,4450.2
100,974.94,4445.4
100,975.44,4434.3
100,975.94,4421.5
100,976.44,4404.5
100,976.93,4381.9
100,977.43,4355
100,977.93,4328
100,978.43,4303.9
100,978.93,4284.4
100,979.43,4267.5
100,979.93,4253.9
100,980.43,4241.5
100,980.93,4233.4
100,981.43,4227.5
100,981.93,4223.1
100,982.43,4218
100,982.93,4212.9
100,983.43,4207.6
100,983.93,4203.8
100,984.43,4202.4
100,984.93,4204.5
100,985.42,4208.8
100,985.92,4217.4
100,986.42,4231
100,986.92,4245.6
100,987.42,4259.9
100,987.92,4274.1
100,988.42,4286.8
100,988.92,4298.4
100,989.42,4308.9
100,989.92,4317.4
100,990.42,4324.7
100,990.92,4330.9
100,991.42,4337
100,991.92,4341.5
100,992.42,4342.2
100,992.92,4341.3
100,993.42,4337.6
100,993.92,4331.4
100,994.41,4324.5
100,994.91,4317.8
100,995.41,4312.3
100,995.91,4310.2
100,996.41,4310.8
100,996.91,4314.1
100,997.41,4319.6
100,997.91,4326
100,998.41,4332.6
100,998.91,4339.5
100,999.41,4346.1
100,999.91,4351
100,1000.41,4355.1
100,1000.91,4357.1
100,1001.41,4355.9
100,1001.91,4354
100,1002.41,4353
100,1002.91,4353.1
100,1003.4,4356.1
100,1003.9,4360.1
100,1004.4,4365.1
100,1004.9,4370.2
100,1005.4,4375.1
100,1005.9,4379.3
100,1006.4,4383.8
100,1006.9,4386.7
100,1007.4,4388.9
100,1007.9,4389.1
100,1008.4,4390
100,1008.9,4388.4
100,1009.4,4385.8
100,1009.9,4381.3
100,1010.4,4376.9
100,1010.9,4372.5
100,1011.4,4368.6
100,1011.89,4365.6
100,1012.39,4364.5
100,1012.89,4362.4
100,1013.39,4359.6
100,1013.89,4357.8
100,1014.39,4355.3
100,1014.89,4351.7
100,1015.39,4349.1
100,1015.89,4348.6
100,1016.39,4351.4
100,1016.89,4359.8
100,1017.39,4387.1
100,1017.89,4405.2
100,1018.39,4406.2
100,1018.89,4406.4
100,1019.39,4401
100,1019.89,4392.6
100,1020.39,4377.5
100,1020.88,4377.5
100,1021.38,4390.7
100,1021.88,4391
100,1022.38,4386.6
100,1022.88,4377.1
100,1023.38,4370.6
100,1023.88,4364.9
100,1024.38,4361.6
100,1024.88,4379.4
100,1025.38,4408.3
100,1025.88,4419.7
100,1026.38,4418.3
100,1026.88,4403.4
100,1027.38,4383.8
100,1027.88,4377.9
100,1028.38,4368.5
100,1028.88,4369.1
100,1029.38,4383
100,1029.87,4395.2
100,1030.37,4396.7
100,1030.87,4396.1
100,1031.37,4391.3
100,1031.87,4396
100,1032.37,4391.5
100,1032.87,4393.1
100,1033.37,4396.3
100,1033.87,4399.9
100,1034.37,4403.6
100,1034.87,4406.3
100,1035.37,4409
100,1035.87,4412
100,1036.37,4416
100,1036.87,4420.6
100,1037.37,4426.2
100,1037.87,4431.9
100,1038.37,4436.2
100,1038.86,4440.1
100,1039.36,4442.9
100,1039.86,4445.7
100,1040.36,4447.3
100,1040.86,4448.9
100,1041.36,4450.9
100,1041.86,4450.7
100,1042.36,4448.6
100,1042.86,4447.1
100,1043.36,4447.3
100,1043.86,4446.7
100,1044.36,4446.3
100,1044.86,4446.7
100,1045.36,4444.5
100,1045.86,4435.7
100,1046.36,4428.5
100,1046.86,4424.1
100,1047.35,4422.9
100,1047.85,4423
100,1048.35,4423.7
100,1048.85,4424.7
100,1049.35,4425.6
100,1049.85,4426.4
100,1050.35,4426.3
100,1050.85,4421.6
100,1051.35,4413.5
100,1051.85,4403.1
100,1052.35,4392.2
100,1052.85,4381.2
100,1053.35,4371.2
100,1053.85,4362.3
100,1054.35,4354.2
100,1054.85,4350.4
100,1055.35,4347.2
100,1055.85,4343
100,1056.34,4336.5
100,1056.84,4330.4
100,1057.34,4326.8
100,1057.84,4326.9
100,1058.34,4330.8
100,1058.84,4338.8
100,1059.34,4347.4
100,1059.84,4353.3
100,1060.34,4354.1
100,1060.84,4352.3
100,1061.34,4349.2
100,1061.84,4344.2
100,1062.34,4337.5
100,1062.84,4329.6
100,1063.34,4322.2
100,1063.84,4312
100,1064.34,4298.3
100,1064.84,4281.5
100,1065.33,4264.4
100,1065.83,4244.3
100,1066.33,4223.2
100,1066.83,4201.8
100,1067.33,4185.8
100,1067.83,4179.7
100,1068.33,4185.1
100,1068.83,4196.1
100,1069.33,4209.9
100,1069.83,4224.5
100,1070.33,4240.2
100,1070.83,4255.1
100,1071.33,4267.7
100,1071.83,4278.7
100,1072.33,4288.2
100,1072.83,4296.4
100,1073.33,4303.3
100,1073.83,4309.8
100,1074.32,4316.7
100,1074.82,4323.5
100,1075.32,4329.3
100,1075.82,4335
100,1076.32,4340.8
100,1076.82,4347.5
100,1077.32,4354.4
100,1077.82,4362.2
100,1078.32,4371
100,1078.82,4382.1
100,1079.32,4394.9
100,1079.82,4408.9
100,1080.32,4423
100,1080.82,4437.5
100,1081.32,4451.8
100,1081.82,4465.1
100,1082.32,4477.5
100,1082.81,4488.6
100,1083.31,4497.6
100,1083.81,4505.5
100,1084.31,4511.7
100,1084.81,4517
100,1085.31,4520.2
100,1085.81,4518.9
100,1086.31,4514
100,1086.81,4507.9
100,1087.31,4501
100,1087.81,4494.2
100,1088.31,4488.3
100,1088.81,4483.8
100,1089.31,4481.9
100,1089.81,4481.9
100,1090.31,4481.5
100,1090.81,4482.3
100,1091.31,4484.2
100,1091.8,4489
100,1092.3,4495.2
100,1092.8,4502.8
100,1093.3,4511.7
100,1093.8,4522.1
100,1094.3,4533
100,1094.8,4544.7
100,1095.3,4557.3
100,1095.8,4569.5
100,1096.3,4581.6
100,1096.8,4590.4
100,1097.3,4598.1
100,1097.8,4606.3
100,1098.3,4615.8
100,1098.8,4625.8
100,1099.3,4626.4
100,1099.8,4623
100,1100.3,4615.2
100,1100.79,4604
100,1101.29,4591.1
100,1101.79,4581
100,1102.29,4572.9
100,1102.79,4565.3
100,1103.29,4556.7
100,1103.79,4550.6
100,1104.29,4548.2
100,1104.79,4549.5
100,1105.29,4554
100,1105.79,4561
100,1106.29,4570.8
100,1106.79,4583.3
100,1107.29,4597.5
100,1107.79,4611.2
100,1108.29,4624.6
100,1108.79,4637.2
100,1109.28,4648.8
100,1109.78,4659.2
100,1110.28,4666.7
100,1110.78,4669.1
100,1111.28,4667.8
100,1111.78,4662.4
100,1112.28,4654
100,1112.78,4642.6
100,1113.28,4630.2
100,1113.78,4617.7
100,1114.28,4605.5
100,1114.78,4594.9
100,1115.28,4586.7
100,1115.78,4581.5
100,1116.28,4579.1
100,1116.78,4577.9
100,1117.28,4580.2
100,1117.78,4569.2
100,1118.27,4550.4
100,1118.77,4528.2
100,1119.27,4502
100,1119.77,4469.1
100,1120.27,4450.3
100,1120.77,4444.3
100,1121.27,4444.1
100,1121.77,4444.9
100,1122.27,4448.1
100,1122.77,4448.5
100,1123.27,4449.2
100,1123.77,4446.7
100,1124.27,4443.1
100,1124.77,4437.1
100,1125.27,4430.8
100,1125.77,4424.6
100,1126.27,4418.7
100,1126.76,4413.4
100,1127.26,4407.1
100,1127.76,4399.6
100,1128.26,4389.1
100,1128.76,4378.2
100,1129.26,4370.2
100,1129.76,4367.2
100,1130.26,4368
100,1130.76,4371.1
100,1131.26,4375.5
100,1131.76,4379.9
100,1132.26,4384.9
100,1132.76,4392.5
100,1133.26,4404.3
100,1133.76,4420.5
100,1134.26,4439.7
100,1134.76,4458.8
100,1135.26,4477.2
100,1135.75,4496.4
100,1136.25,4515.7
100,1136.75,4534.4
100,1137.25,4547.2
100,1137.75,4558.2
100,1138.25,4568.2
100,1138.75,4576.9
100,1139.25,4583.3
100,1139.75,4588
100,1140.25,4589.7
100,1140.75,4588.8
100,1141.25,4585.1
100,1141.75,4580.3
100,1142.25,4575.4
100,1142.75,4569.7
100,1143.25,4563.3
100,1143.75,4558.1
100,1144.24,4556.2
100,1144.74,4558.6
100,1145.24,4563.5
100,1145.74,4563.9
100,1146.24,4554
100,1146.74,4527.4
100,1147.24,4496.5
100,1147.74,4462.1
100,1148.24,4425.7
100,1148.74,4385.2
100,1149.24,4349.7
100,1149.74,4319.5
100,1150.24,4301
100,1150.74,4294.9
100,1151.24,4292.7
100,1151.74,4290.9
100,1152.24,4291.4
100,1152.73,4298.7
100,1153.23,4314.8
100,1153.73,4336.1
100,1154.23,4365
100,1154.73,4399.8
100,1155.23,4437
100,1155.73,4477.1
100,1156.23,4517.7
100,1156.73,4554.1
100,1157.23,4587.6
100,1157.73,4612.6
100,1158.23,4629.4
100,1158.73,4641.2
100,1159.23,4649.4
100,1159.73,4656
100,1160.23,4656.6
100,1160.73,4650
100,1161.22,4641.4
100,1161.72,4628.6
100,1162.22,4609.8
100,1162.72,4594.1
100,1163.22,4583.7
100,1163.72,4577.7
100,1164.22,4570.7
100,1164.72,4557.1
100,1165.22,4538.7
100,1165.72,4517.1
100,1166.22,4499.7
100,1166.72,4487.4
100,1167.22,4476.6
100,1167.72,4463
100,1168.22,4441.1
100,1168.72,4417
100,1169.22,4399.8
100,1169.71,4386.3
100,1170.21,4379
100,1170.71,4377.7
100,1171.21,4381.9
100,1171.71,4390.8
100,1172.21,4405
100,1172.71,4422.3
100,1173.21,4442.3
100,1173.71,4465.6
100,1174.21,4488.1
100,1174.71,4510.7
100,1175.21,4532.5
100,1175.71,4553.4
100,1176.21,4571.4
100,1176.71,4587.7
100,1177.21,4601.6
100,1177.71,4611.9
100,1178.2,4617.8
100,1178.7,4620.9
100,1179.2,4620.9
100,1179.7,4617.8
100,1180.2,4614.7
100,1180.7,4611.5
100,1181.2,4608.3
100,1181.7,4603.2
100,1182.2,4598
100,1182.7,4594.9
100,1183.2,4590.7
100,1183.7,4589.2
100,1184.2,4588.4
100,1184.7,4591.2
100,1185.2,4594.9
100,1185.7,4600.9
100,1186.2,4606.9
100,1186.69,4610
100,1187.19,4611.1
100,1187.69,4611
100,1188.19,4611.8
100,1188.69,4615.5
100,1189.19,4624
100,1189.69,4646.4
100,1190.19,4680.4
100,1190.69,4709.5
100,1191.19,4717.2
100,1191.69,4710
100,1192.19,4696.2
100,1192.69,4690
100,1193.19,4692
100,1193.69,4675
100,1194.19,4670
100,1194.69,4682.6
100,1195.18,4684.2
100,1195.68,4675.6
100,1196.18,4673.1
100,1196.68,4684.3
100,1197.18,4677
100,1197.68,4669.4
100,1198.18,4664.1
100,1198.68,4676.4
100,1199.18,4685.4
100,1199.68,4682.6
100,1200.18,4668.1
100,1200.68,4616.4
100,1201.18,4560
100,1201.68,4558.4
100,1202.18,4629
100,1202.68,4690.8
100,1203.18,4719.4
100,1203.67,4747.2
100,1204.17,4796.8
100,1204.67,4844.7
100,1205.17,4811.6
100,1205.67,4676
100,1206.17,4601.9
100,1206.67,4555.2
100,1207.17,4449.8
100,1207.67,4301.6
100,1208.17,4219.1
100,1208.67,4181.4
100,1209.17,4173.9
100,1209.67,4175.4
100,1210.17,4181.6
100,1210.67,4199.4
100,1211.17,4200.8
100,1211.67,4149.8
100,1212.17,4108.5
100,1212.66,4102.5
100,1213.16,4128.9
100,1213.66,4184
100,1214.16,4247.5
100,1214.66,4287.5
100,1215.16,4309.5
100,1215.66,4318.6
100,1216.16,4328.2
100,1216.66,4348.9
100,1217.16,4363.9
100,1217.66,4356.9
100,1218.16,4350.3
100,1218.66,4352.8
100,1219.16,4364.5
100,1219.66,4373.5
100,1220.16,4401.9
100,1220.66,4437.6
100,1221.15,4439.4
100,1221.65,4420.3
100,1222.15,4411.3
100,1222.65,4387.8
100,1223.15,4387.8
100,1223.65,4397.2
100,1224.15,4438
100,1224.65,4474.6
100,1225.15,4510.2
100,1225.65,4548
100,1226.15,4604.5
100,1226.65,4632
100,1227.15,4630.6
100,1227.65,4617.7
100,1228.15,4600.2
100,1228.65,4589.2
100,1229.15,4586.2
100,1229.64,4584.4
100,1230.14,4575.2
100,1230.64,4575.5
100,1231.14,4580.2
100,1231.64,4582.5
100,1232.14,4563.5
100,1232.64,4547.5
100,1233.14,4532.4
100,1233.64,4518.3
100,1234.14,4506.4
100,1234.64,4486.8
100,1235.14,4497.3
100,1235.64,4520
100,1236.14,4524.6
100,1236.64,4523.3
100,1237.14,4506
100,1237.64,4517.6
100,1238.13,4503.6
100,1238.63,4502.2
100,1239.13,4491.5
100,1239.63,4474
100,1240.13,4465.4
100,1240.63,4449.6
100,1241.13,4436
100,1241.63,4427.1
100,1242.13,4407.5
100,1242.63,4370.4
100,1243.13,4365
100,1243.63,4336
100,1244.13,4305.1
100,1244.63,4273.9
100,1245.13,4256.8
100,1245.63,4282.8
100,1246.13,4308.9
100,1246.62,4320.5
100,1247.12,4312.1
100,1247.62,4294.3
100,1248.12,4309.3
100,1248.62,4322.1
100,1249.12,4317.5
100,1249.62,4313
100,1250.12,4318
100,1250.62,4329.4
100,1251.12,4330.7
100,1251.62,4356.9
100,1252.12,4406.3
100,1252.62,4426.6
100,1253.12,4446.1
100,1253.62,4470.8
100,1254.12,4471.8
100,1254.62,4454.9
100,1255.11,4452.6
100,1255.61,4459.6
100,1256.11,4466.1
100,1256.61,4461.9
100,1257.11,4446.8
100,1257.61,4453.7
100,1258.11,4484.2
100,1258.61,4517.2
100,1259.11,4497
100,1259.61,4452.9
100,1260.11,4429.8
100,1260.61,4441.5
100,1261.11,4447.7
100,1261.61,4428.4
100,1262.11,4412.7
100,1262.61,4416.7
100,1263.11,4429.4
100,1263.6,4441.1
100,1264.1,4450.8
100,1264.6,4432.9
100,1265.1,4399.2
100,1265.6,4357.2
100,1266.1,4306.3
100,1266.6,4241.3
100,1267.1,4174.3
100,1267.6,4112.7
100,1268.1,4086.6
100,1268.6,4069.2
110,0,59.1
110,0.5,62.2
110,1,65.3
110,1.5,67.6
110,2,67
110,2.5,67
110,3,66.2
110,3.5,65.4
110,4,64.7
110,4.5,64
110,5,64
110,5.5,64
110,6,63.4
110,6.5,64
110,7,64.9
110,7.5,65.8
110,8,66.7
110,8.5,67.8
110,9,68.5
110,9.5,69
110,10,69.1
110,10.5,69
110,11,69
110,11.5,70
110,12,70.6
110,12.5,71.6
110,13,71.7
110,13.5,72
110,14,71.9
110,14.5,71.1
110,15,69.5
110,15.5,68.8
110,16,68
110,16.5,68
110,17,68.4
110,17.5,69.1
110,18,70
110,18.5,70
110,19,70.7
110,19.5,72.3
110,20,73.1
110,20.5,74
110,21,74
110,21.5,73.9
110,22,74
110,22.5,74.5
110,23,74.9
110,23.5,75.6
110,24,77.2
110,24.5,78.2
110,25,80
110,25.5,81.8
110,26,82.8
110,26.5,83.9
110,27,84.8
110,27.5,85.5
110,28,85
110,28.5,84.1
110,29,83.3
110,29.5,81.6
110,30,80
110,30.5,78.4
110,31,77.3
110,31.5,76.2
110,32,75.3
110,32.5,77.3
110,33,80.4
110,33.5,85.5
110,34,92.1
110,34.5,99.1
110,35,104.5
110,35.5,108.1
110,36,109.8
110,36.5,111.4
110,37,112.3
110,37.5,113.2
110,38,114.4
110,38.5,115.1
110,39,116.7
110,39.5,118
110,40,119.7
110,40.5,121.2
110,41,121.9
110,41.5,122.6
110,42,123.1
110,42.5,124
110,43,124
110,43.5,124.3
110,44,124.7
110,44.5,126.3
110,45,128.1
110,45.5,130.4
110,46,133.5
110,46.5,138.1
110,47,143.4
110,47.5,149.5
110,48,155
110,48.5,159.6
110,49,163.4
110,49.5,168
110,50,174
110,50.5,181.1
110,51,186.5
110,51.5,189.8
110,52,191.6
110,52.5,192.8
110,53,193
110,53.5,191.8
110,54,189.5
110,54.5,186
110,55,182
110,55.5,177.8
110,56,174.5
110,56.5,171.2
110,57,167.9
110,57.5,164.6
110,58,161.3
110,58.5,158.5
110,59,156
110,59.5,153.7
110,60,152
110,60.5,151
110,61,149.8
110,61.5,148.1
110,62,146.5
110,62.5,144.5
110,63,142.2
110,63.5,140.4
110,64,138
110,64.5,135.6
110,65,133.2
110,65.5,131.8
110,66,130.3
110,66.5,129.3
110,67,128.5
110,67.5,128.1
110,68,127
110,68.5,126.1
110,69,124.9
110,69.5,124
110,70,122.3
110,70.5,121.1
110,71,120.1
110,71.5,119
110,72,117
110,72.5,114.8
110,73,111.6
110,73.5,108.9
110,74,106.2
110,74.5,104.4
110,75,102.9
110,75.5,101.4
110,76,100.2
110,76.5,99.3
110,77,98.5
110,77.5,98.4
110,78,98.3
110,78.5,99
110,79,99.2
110,79.5,99.2
110,80,98.5
110,80.5,97.6
110,81,96.7
110,81.5,95.3
110,82,93.9
110,82.5,92.1
110,83,90.5
110,83.5,88.9
110,84,87.2
110,84.5,85
110,85,82.4
110,85.5,79.8
110,86,77.3
110,86.5,74.8
110,87,72.3
110,87.5,69
110,88,66.9
110,88.5,65.2
110,89,63.1
110,89.5,60.9
110,90,59.3
110,90.5,57.6
110,91,56.1
110,91.5,55.2
110,92,54.5
110,92.5,53.6
110,93,52.6
110,93.5,52.9
110,94,53.7
110,94.5,54.4
110,95,54
110,95.5,53.1
110,96,52.9
110,96.5,52.5
110,97,51.7
110,97.5,50.8
110,98,49.2
110,98.5,48.5
110,99,49.1
110,99.5,48.6
110,100,47.4
110,100.5,46.8
110,101,45.6
110,101.49,45
110,101.99,44.6
110,102.49,44.3
110,102.99,45
110,103.49,44.8
110,103.99,45
110,104.49,45
110,104.99,44.6
110,105.49,42.4
110,105.99,40.8
110,106.49,37.3
110,106.99,35.1
110,107.49,31.8
110,107.99,28.7
110,108.49,25
110,108.99,22.9
110,109.49,21.6
110,109.99,22.5
110,110.48,24.2
110,110.98,25.5
110,111.48,27.2
110,111.98,26.6
110,112.48,25.6
110,112.98,23.3
110,113.48,21.4
110,113.98,20.2
110,114.48,19.8
110,114.98,20
110,115.48,16.8
110,115.98,14.2
110,116.48,10.3
110,116.98,7.7
110,117.48,7.7
110,117.98,10.6
110,118.48,10
110,118.98,10.1
110,119.47,10.1
110,119.97,9.8
110,120.47,10
110,120.97,9.2
110,121.47,9
110,121.97,9
110,122.47,8.7
110,122.97,8.6
110,123.47,7.2
110,123.97,6.2
110,124.47,4.5
110,124.97,0.1
110,125.47,0
110,125.97,0
110,126.47,0
110,126.97,0
110,127.47,0
110,127.97,0
110,128.46,0
110,128.96,0
110,129.46,0
110,129.96,0
110,130.46,0
110,130.96,0
110,131.46,0
110,131.96,0
110,132.46,0
110,132.96,0
110,133.46,0
110,133.96,0
110,134.46,0
110,134.96,0
110,135.46,0
110,135.96,0
110,136.46,0
110,136.96,0
110,137.45,0
110,137.95,0
110,138.45,0
110,138.95,0
110,139.45,0
110,139.95,0
110,140.45,0
110,140.95,0
110,141.45,0
110,141.95,0
110,142.45,0
110,142.95,0
110,143.45,0
110,143.95,0
110,144.45,0
110,144.95,0
110,145.45,0
110,145.95,0
110,146.44,0
110,146.94,0
110,147.44,0
110,147.94,0
110,148.44,0
110,148.94,0
110,149.44,0
110,149.94,0
110,150.44,0
110,150.94,0
110,151.44,0
110,151.94,0
110,152.44,0
110,152.94,0
110,153.44,0
110,153.94,0
110,154.44,0
110,154.94,0
110,155.43,0
110,155.93,0
110,156.43,0
110,156.93,0
110,157.43,0
110,157.93,0
110,158.43,0
110,158.93,0
110,159.43,0
110,159.93,0
110,160.43,0
110,160.93,0
110,161.43,0
110,161.93,0
110,162.43,0
110,162.93,0
110,163.43,0
110,163.93,0
110,164.42,0
110,164.92,0
110,165.42,0
110,165.92,0
110,166.42,0
110,166.92,0
110,167.42,0
110,167.92,0
110,168.42,0
110,168.92,0
110,169.42,0
110,169.92,0
110,170.42,0
110,170.92,0
110,171.42,0
110,171.92,0
110,172.42,0
110,172.92,0
110,173.41,0
110,173.91,0
110,174.41,0
110,174.91,0
110,175.41,0
110,175.91,0
110,176.41,0
110,176.91,0
110,177.41,0
110,177.91,0
110,178.41,0
110,178.91,0
110,179.41,0
110,179.91,0
110,180.41,0
110,180.91,0
110,181.41,0
110,181.91,0
110,182.4,0
110,182.9,0
110,183.4,0
110,183.9,0
110,184.4,0
110,184.9,0
110,185.4,0
110,185.9,0
110,186.4,0
110,186.9,0
110,187.4,0
110,187.9,0
110,188.4,0
110,188.9,0
110,189.4,0
110,189.9,0
110,190.4,0
110,190.9,0
110,191.39,0
110,191.89,0
110,192.39,0
110,192.89,0
110,193.39,0
110,193.89,0
110,194.39,0
110,194.89,0
110,195.39,0
110,195.89,0
110,196.39,0
110,196.89,0
110,197.39,0
110,197.89,0
110,198.39,0
110,198.89,0
110,199.39,0
110,199.89,0
110,200.38,0
110,200.88,0
110,201.38,0
110,201.88,0
110,202.38,0
110,202.88,0
110,203.38,0
110,203.88,0
110,204.38,0
110,204.88,0
110,205.38,0
110,205.88,0
110,206.38,0
110,206.88,0
110,207.38,0
110,207.88,0
110,208.38,0
110,208.88,0
110,209.37,0
110,209.87,0
110,210.37,0
110,210.87,0
110,211.37,0
110,211.87,0
110,212.37,0
110,212.87,0
110,213.37,0
110,213.87,0
110,214.37,0
110,214.87,0
110,215.37,0
110,215.87,0
110,216.37,0
110,216.87,0
110,217.37,0
110,217.87,0
110,218.36,0
110,218.86,0
110,219.36,0
110,219.86,0
110,220.36,0
110,220.86,0
110,221.36,0
110,221.86,0
110,222.36,0
110,222.86,0
110,223.36,0
110,223.86,0
110,224.36,0
110,224.86,0
110,225.36,0
110,225.86,0
110,226.36,0
110,226.86,0
110,227.35,0
110,227.85,0
110,228.35,0
110,228.85,0
110,229.35,0
110,229.85,0
110,230.35,0
110,230.85,0
110,231.35,0
110,231.85,0
110,232.35,0
110,232.85,0
110,233.35,0
110,233.85,2.5
110,234.35,5.4
110,234.85,8.7
110,235.35,11
110,235.85,12.9
110,236.34,14
110,236.84,16.2
110,237.34,17.5
110,237.84,19
110,238.34,21.8
110,238.84,24.4
110,239.34,25.7
110,239.84,26.6
110,240.34,25.4
110,240.84,22.6
110,241.34,20.1
110,241.84,16.7
110,242.34,14
110,242.84,14
110,243.34,15.5
110,243.84,18
110,244.34,20.7
110,244.84,25.9
110,245.33,31.9
110,245.83,37.4
110,246.33,39.8
110,246.83,41.5
110,247.33,42
110,247.83,47.1
110,248.33,57.3
110,248.83,69.9
110,249.33,82.6
110,249.83,92.8
110,250.33,97.7
110,250.83,109.5
110,251.33,142.9
110,251.83,205.5
110,252.33,286.8
110,252.83,373.4
110,253.33,446.4
110,253.83,512
110,254.32,567.3
110,254.82,602.9
110,255.32,623.4
110,255.82,652.4
110,256.32,715.4
110,256.82,783.1
110,257.32,848.6
110,257.82,865.1
110,258.32,926.4
110,258.82,1105.3
110,259.32,1181.9
110,259.82,1156.9
110,260.32,1126.4
110,260.82,1163.2
110,261.32,1257.7
110,261.82,1352.7
110,262.32,1442.3
110,262.82,1479.2
110,263.31,1465.2
110,263.81,1437.7
110,264.31,1436.9
110,264.81,1503.6
110,265.31,1544.9
110,265.81,1573.7
110,266.31,1592.1
110,266.81,1606.5
110,267.31,1614.5
110,267.81,1622.1
110,268.31,1635
110,268.81,1649.5
110,269.31,1655.4
110,269.81,1655.3
110,270.31,1656.2
110,270.81,1667.5
110,271.31,1688.1
110,271.81,1706.2
110,272.3,1720.8
110,272.8,1735.9
110,273.3,1750.6
110,273.8,1767.8
110,274.3,1784
110,274.8,1811.7
110,275.3,1850.3
110,275.8,1884.6
110,276.3,1936.2
110,276.8,1979.7
110,277.3,2041.4
110,277.8,2078.2
110,278.3,2124.3
110,278.8,2173.7
110,279.3,2238.9
110,279.8,2293.9
110,280.3,2323.5
110,280.8,2335.1
110,281.29,2341
110,281.79,2346.8
110,282.29,2352.8
110,282.79,2357
110,283.29,2370.2
110,283.79,2378.8
110,284.29,2381
110,284.79,2387.2
110,285.29,2372.9
110,285.79,2374.4
110,286.29,2383.7
110,286.79,2418.5
110,287.29,2421.9
110,287.79,2424.2
110,288.29,2426.5
110,288.79,2424.8
110,289.29,2422.2
110,289.79,2422.4
110,290.28,2425.4
110,290.78,2427.9
110,291.28,2442.2
110,291.78,2458.9
110,292.28,2467
110,292.78,2474.3
110,293.28,2481.5
110,293.78,2486.6
110,294.28,2489.6
110,294.78,2487.7
110,295.28,2485.6
110,295.78,2481.6
110,296.28,2480.6
110,296.78,2484.2
110,297.28,2487.7
110,297.78,2488
110,298.28,2487.5
110,298.78,2488.6
110,299.27,2489.3
110,299.77,2491.7
110,300.27,2493.5
110,300.77,2488.6
110,301.27,2463.5
110,301.77,2412.1
110,302.27,2356
110,302.77,2310.1
110,303.27,2261.8
110,303.77,2215.6
110,304.27,2172.7
110,304.77,2142.7
110,305.27,2123.4
110,305.77,2112.6
110,306.27,2104.8
110,306.77,2107.9
110,307.27,2119.8
110,307.77,2121.2
110,308.27,2101.3
110,308.77,2065.6
110,309.26,2007.4
110,309.76,1905.9
110,310.26,1747.9
110,310.76,1577.8
110,311.26,1375.1
110,311.76,1188.2
110,312.26,1020.8
110,312.76,812.7
110,313.26,606.3
110,313.76,485.6
110,314.26,463.9
110,314.76,549.4
110,315.26,685.7
110,315.76,859.8
110,316.26,1046.4
110,316.76,1230.7
110,317.26,1319.5
110,317.76,1349.9
110,318.26,1333.9
110,318.76,1254.4
110,319.26,1123.8
110,319.75,1022.5
110,320.25,919.3
110,320.75,806
110,321.25,694.2
110,321.75,624.6
110,322.25,601.6
110,322.75,594.8
110,323.25,580.2
110,323.75,559.3
110,324.25,570
110,324.75,619.4
110,325.25,739.8
110,325.75,767.9
110,326.25,660
110,326.75,617.2
110,327.25,607.1
110,327.75,572.5
110,328.25,543.6
110,328.75,510.3
110,329.25,464.9
110,329.75,425.1
110,330.24,389.8
110,330.74,387.1
110,331.24,399.2
110,331.74,395.5
110,332.24,362.5
110,332.74,363.6
110,333.24,388.7
110,333.74,415.1
110,334.24,427.1
110,334.74,444.6
110,335.24,465.9
110,335.74,483.9
110,336.24,506.5
110,336.74,538.1
110,337.24,587.6
110,337.74,624.1
110,338.24,687.6
110,338.74,804
110,339.24,918.9
110,339.74,1019.6
110,340.24,1139.8
110,340.73,1221.7
110,341.23,1324.3
110,341.73,1469.8
110,342.23,1601.5
110,342.73,1728.5
110,343.23,1855.1
110,343.73,1947.4
110,344.23,2024.8
110,344.73,2104.5
110,345.23,2191
110,345.73,2297.9
110,346.23,2414.9
110,346.73,2534.7
110,347.23,2671.6
110,347.73,2838.8
110,348.23,3013.4
110,348.73,3156
110,349.23,3243.3
110,349.73,3288.5
110,350.23,3310.1
110,350.73,3316.9
110,351.22,3319.9
110,351.72,3322.6
110,352.22,3310.5
110,352.72,3311.9
110,353.22,3313
110,353.72,3317
110,354.22,3323.7
110,354.72,3330.4
110,355.22,3333.8
110,355.72,3333.8
110,356.22,3330
110,356.72,3328.9
110,357.22,3328.1
110,357.72,3325.2
110,358.22,3322.5
110,358.72,3318.7
110,359.22,3314.8
110,359.72,3308.1
110,360.22,3288.3
110,360.72,3266
110,361.21,3251
110,361.71,3253.4
110,362.21,3251.9
110,362.71,3236
110,363.21,3205.7
110,363.71,3162.7
110,364.21,3119.6
110,364.71,3090.4
110,365.21,3035.8
110,365.71,2978.9
110,366.21,2919.3
110,366.71,2871.8
110,367.21,2884.2
110,367.71,2923.8
110,368.21,2922.5
110,368.71,2913.1
110,369.21,2943.3
110,369.71,2982.3
110,370.21,3018.6
110,370.71,3037.1
110,371.21,3019.5
110,371.7,2987.5
110,372.2,2991.1
110,372.7,2993.6
110,373.2,2976.9
110,373.7,2924.7
110,374.2,2899.2
110,374.7,2923.3
110,375.2,2992.8
110,375.7,3058.5
110,376.2,3093.2
110,376.7,3102.3
110,377.2,3116.8
110,377.7,3134.8
110,378.2,3155.7
110,378.7,3202
110,379.2,3278.9
110,379.7,3388.4
110,380.2,3463.7
110,380.7,3509.3
110,381.2,3559.9
110,381.7,3589.1
110,382.19,3601.9
110,382.69,3609.3
110,383.19,3618.4
110,383.69,3630.9
110,384.19,3638.2
110,384.69,3640
110,385.19,3641.5
110,385.69,3644.9
110,386.19,3645
110,386.69,3648.7
110,387.19,3653.3
110,387.69,3658.8
110,388.19,3665.6
110,388.69,3676.8
110,389.19,3693.4
110,389.69,3706
110,390.19,3716.2
110,390.69,3718.4
110,391.19,3714.6
110,391.69,3694.3
110,392.19,3680.8
110,392.68,3735
110,393.18,3724.1
110,393.68,3691.5
110,394.18,3640.4
110,394.68,3604.4
110,395.18,3596.5
110,395.68,3570.7
110,396.18,3556
110,396.68,3531.5
110,397.18,3533.2
110,397.68,3510.8
110,398.18,3456.7
110,398.68,3427.9
110,399.18,3405.7
110,399.68,3402.6
110,400.18,3399
110,400.68,3401
110,401.18,3404.5
110,401.68,3413
110,402.18,3425.1
110,402.68,3437.6
110,403.17,3441.4
110,403.67,3433.5
110,404.17,3435.1
110,404.67,3447.8
110,405.17,3453.1
110,405.67,3456.3
110,406.17,3452.4
110,406.67,3445.5
110,407.17,3444
110,407.67,3449.3
110,408.17,3455.4
110,408.67,3460.9
110,409.17,3462.8
110,409.67,3462.2
110,410.17,3453
110,410.67,3423.1
110,411.17,3405.5
110,411.67,3390.6
110,412.17,3382.4
110,412.67,3425.8
110,413.17,3518
110,413.66,3588.1
110,414.16,3583.7
110,414.66,3569.8
110,415.16,3569.5
110,415.66,3592.8
110,416.16,3615.4
110,416.66,3622.5
110,417.16,3617.1
110,417.66,3587
110,418.16,3560.5
110,418.66,3551.5
110,419.16,3538.7
110,419.66,3525
110,420.16,3524.1
110,420.66,3522.4
110,421.16,3521.1
110,421.66,3526.2
110,422.16,3538.1
110,422.66,3551.4
110,423.16,3558
110,423.65,3569.3
110,424.15,3583.4
110,424.65,3584
110,425.15,3585.2
110,425.65,3585
110,426.15,3584.3
110,426.65,3585
110,427.15,3585.2
110,427.65,3586.2
110,428.15,3591.2
110,428.65,3599.3
110,429.15,3613.2
110,429.65,3604.8
110,430.15,3589
110,430.65,3581.1
110,431.15,3579.7
110,431.65,3577.3
110,432.15,3569.5
110,432.65,3568
110,433.15,3572
110,433.65,3572.6
110,434.14,3570.2
110,434.64,3565.5
110,435.14,3559.1
110,435.64,3551.2
110,436.14,3543.2
110,436.64,3535.6
110,437.14,3529.1
110,437.64,3526.4
110,438.14,3523.3
110,438.64,3520.1
110,439.14,3518.8
110,439.64,3520.7
110,440.14,3524.9
110,440.64,3528.4
110,441.14,3530.3
110,441.64,3530.8
110,442.14,3530.2
110,442.64,3531.2
110,443.14,3532.1
110,443.64,3534.6
110,444.14,3538.4
110,444.63,3544.5
110,445.13,3550.2
110,445.63,3555.4
110,446.13,3553.9
110,446.63,3553.4
110,447.13,3554.9
110,447.63,3561.2
110,448.13,3574.7
110,448.63,3584.1
110,449.13,3588.4
110,449.63,3592
110,450.13,3597.6
110,450.63,3606.1
110,451.13,3617
110,451.63,3625.2
110,452.13,3627
110,452.63,3632.2
110,453.13,3640.3
110,453.63,3656.5
110,454.13,3658.2
110,454.62,3663
110,455.12,3666
110,455.62,3666.2
110,456.12,3660.2
110,456.62,3657.4
110,457.12,3651.7
110,457.62,3649.3
110,458.12,3657.3
110,458.62,3664.4
110,459.12,3665
110,459.62,3666.3
110,460.12,3663.7
110,460.62,3661
110,461.12,3657.4
110,461.62,3656.1
110,462.12,3654.1
110,462.62,3652.5
110,463.12,3650.9
110,463.62,3648.4
110,464.12,3644.6
110,464.61,3641.2
110,465.11,3635.8
110,465.61,3629.3
110,466.11,3622.5
110,466.61,3614
110,467.11,3604.6
110,467.61,3595.9
110,468.11,3590.3
110,468.61,3586.2
110,469.11,3584
110,469.61,3581.8
110,470.11,3578.9
110,470.61,3576.4
110,471.11,3573
110,471.61,3566.9
110,472.11,3559.5
110,472.61,3554
110,473.11,3554
110,473.61,3558.2
110,474.11,3563.3
110,474.6,3568.4
110,475.1,3571.1
110,475.6,3571
110,476.1,3569.4
110,476.6,3567.1
110,477.1,3566.2
110,477.6,3569.1
110,478.1,3570
110,478.6,3568.4
110,479.1,3566.5
110,479.6,3565.5
110,480.1,3564.4
110,480.6,3562.5
110,481.1,3558.3
110,481.6,3554.7
110,482.1,3552.8
110,482.6,3551.8
110,483.1,3551
110,483.6,3549.9
110,484.1,3546.5
110,484.59,3541.1
110,485.09,3535.9
110,485.59,3533.3
110,486.09,3534.3
110,486.59,3537.7
110,487.09,3540.9
110,487.59,3539.4
110,488.09,3530.7
110,488.59,3515.5
110,489.09,3498.2
110,489.59,3479.3
110,490.09,3458.3
110,490.59,3438.3
110,491.09,3416.8
110,491.59,3405.5
110,492.09,3427.3
110,492.59,3443
110,493.09,3440.6
110,493.59,3440.9
110,494.09,3445.3
110,494.58,3448.3
110,495.08,3453.3
110,495.58,3458.4
110,496.08,3465.4
110,496.58,3472.8
110,497.08,3478
110,497.58,3479.4
110,498.08,3479.6
110,498.58,3480.8
110,499.08,3482
110,499.58,3485
110,500.08,3488.7
110,500.58,3492.3
110,501.08,3491.7
110,501.58,3489.7
110,502.08,3488.1
110,502.58,3501.5
110,503.08,3533.5
110,503.58,3571.5
110,504.08,3608.2
110,504.57,3639.5
110,505.07,3664.6
110,505.57,3682.6
110,506.07,3690.2
110,506.57,3680.3
110,507.07,3663.6
110,507.57,3666.5
110,508.07,3682.5
110,508.57,3669.4
110,509.07,3647.9
110,509.57,3553.3
110,510.07,3437.6
110,510.57,3427.2
110,511.07,3382.7
110,511.57,3335.8
110,512.07,3299.6
110,512.57,3265.1
110,513.07,3245.9
110,513.57,3242.6
110,514.07,3248.5
110,514.56,3252
110,515.06,3253.6
110,515.56,3252.7
110,516.06,3265.5
110,516.56,3276.6
110,517.06,3251.1
110,517.56,3211.6
110,518.06,3197.6
110,518.56,3172
110,519.06,3154
110,519.56,3170.6
110,520.06,3230.3
110,520.56,3280
110,521.06,3289.1
110,521.56,3309.6
110,522.06,3382.2
110,522.56,3476
110,523.06,3548.3
110,523.56,3578.5
110,524.05,3583.7
110,524.55,3595.5
110,525.05,3635.5
110,525.55,3671.5
110,526.05,3690.5
110,526.55,3703.1
110,527.05,3712
110,527.55,3718
110,528.05,3727
110,528.55,3726.6
110,529.05,3720.1
110,529.55,3715.3
110,530.05,3709.3
110,530.55,3694.1
110,531.05,3557.8
110,531.55,3481.1
110,532.05,3487.7
110,532.55,3488
110,533.05,3548.1
110,533.55,3596.8
110,534.04,3648.6
110,534.54,3681.6
110,535.04,3708.2
110,535.54,3732.1
110,536.04,3756.1
110,536.54,3775.9
110,537.04,3793.7
110,537.54,3809.5
110,538.04,3824.8
110,538.54,3842.5
110,539.04,3860.9
110,539.54,3859.5
110,540.04,3861.3
110,540.54,3879.5
110,541.04,3909.1
110,541.54,3936
110,542.04,3959.2
110,542.54,3970.9
110,543.04,3963.2
110,543.54,3942.1
110,544.03,3924.1
110,544.53,3911.4
110,545.03,3906
110,545.53,3903
110,546.03,3902.7
110,546.53,3905.8
110,547.03,3917.8
110,547.53,3924.9
110,548.03,3922.2
110,548.53,3933.9
110,549.03,3949.9
110,549.53,3948.9
110,550.03,3945.5
110,550.53,3963.9
110,551.03,3979.3
110,551.53,3961.6
110,552.03,3908.6
110,552.53,3904.9
110,553.03,3950.9
110,553.53,3988.8
110,554.02,3991.7
110,554.52,3987.6
110,555.02,3984.7
110,555.52,3986.4
110,556.02,3988.3
110,556.52,3991.8
110,557.02,3993.3
110,557.52,3975.8
110,558.02,3946.9
110,558.52,3932.3
110,559.02,3922.9
110,559.52,3918.2
110,560.02,3924.7
110,560.52,3931.4
110,561.02,3940.1
110,561.52,3938.1
110,562.02,3942.9
110,562.52,3978.2
110,563.02,3976.9
110,563.52,3951.4
110,564.01,3950.2
110,564.51,3953.2
110,565.01,3949.8
110,565.51,3937.6
110,566.01,3926.1
110,566.51,3917.5
110,567.01,3916.8
110,567.51,3920.1
110,568.01,3920.7
110,568.51,3930
110,569.01,3946.5
110,569.51,3930.2
110,570.01,3900.8
110,570.51,3885.7
110,571.01,3880.9
110,571.51,3880
110,572.01,3881.9
110,572.51,3885.7
110,573.01,3890.5
110,573.51,3903.5
110,574,3929.3
110,574.5,3944.7
110,575,3929.7
110,575.5,3914.6
110,576,3915.9
110,576.5,3926.6
110,577,3948.8
110,577.5,3979.6
110,578,3999.5
110,578.5,4006.3
110,579,4012.1
110,579.5,4012.4
110,580,4006.9
110,580.5,3992.4
110,581,3965.1
110,581.5,3939.9
110,582,3932.1
110,582.5,3943.3
110,583,3935.4
110,583.5,3935.3
110,583.99,3965.7
110,584.49,3975.3
110,584.99,3959.3
110,585.49,3934.5
110,585.99,3923.8
110,586.49,3934
110,586.99,3943.4
110,587.49,3945.4
110,587.99,3942.5
110,588.49,3942.6
110,588.99,3961.9
110,589.49,3981.2
110,589.99,3984.4
110,590.49,3983.9
110,590.99,3975
110,591.49,3965.9
110,591.99,3959.8
110,592.49,3955.3
110,592.99,3951.3
110,593.49,3933.8
110,593.98,3943.3
110,594.48,3961.6
110,594.98,3933.1
110,595.48,3933.1
110,595.98,3953.4
110,596.48,3933.6
110,596.98,3889.7
110,597.48,3873.3
110,597.98,3884.6
110,598.48,3897.4
110,598.98,3903.6
110,599.48,3918.8
110,599.98,3940.7
110,600.48,3947
110,600.98,3931
110,601.48,3919.5
110,601.98,3907.5
110,602.48,3886.9
110,602.98,3872
110,603.47,3866.8
110,603.97,3865.2
110,604.47,3863.8
110,604.97,3871.6
110,605.47,3887.4
110,605.97,3892.4
110,606.47,3888.8
110,606.97,3886.9
110,607.47,3902.7
110,607.97,3934.9
110,608.47,3950.8
110,608.97,3963.9
110,609.47,3991.3
110,609.97,4001.2
110,610.47,3928.3
110,610.97,3875.7
110,611.47,3863.8
110,611.97,3845
110,612.47,3825.9
110,612.96,3816.8
110,613.46,3815.8
110,613.96,3816.4
110,614.46,3819.6
110,614.96,3827.1
110,615.46,3838
110,615.96,3841
110,616.46,3835.4
110,616.96,3853
110,617.46,3924
110,617.96,3977.8
110,618.46,3971.3
110,618.96,3926.9
110,619.46,3917.6
110,619.96,3943.5
110,620.46,3990.7
110,620.96,4022.7
110,621.46,4012.6
110,621.95,4000.5
110,622.45,4037.9
110,622.95,4065.4
110,623.45,4024.5
110,623.95,3957.6
110,624.45,3930.3
110,624.95,3935.4
110,625.45,3963.2
110,625.95,3995.1
110,626.45,4006.4
110,626.95,4008.9
110,627.45,4013.1
110,627.95,4000.1
110,628.45,3964.3
110,628.95,3951.4
110,629.45,3956
110,629.95,3969.6
110,630.45,3962.5
110,630.95,3941.3
110,631.44,3939.9
110,631.94,3939.7
110,632.44,3935.3
110,632.94,3932.9
110,633.44,3959.9
110,633.94,4004.8
110,634.44,4042.4
110,634.94,4070.5
110,635.44,4078.9
110,635.94,4052.3
110,636.44,4025.2
110,636.94,3999.8
110,637.44,3984.2
110,637.94,3974.1
110,638.44,3967.3
110,638.94,3967.9
110,639.44,3976
110,639.94,3979.7
110,640.44,3981.2
110,640.93,3993.2
110,641.43,4004.8
110,641.93,4003
110,642.43,3996.7
110,642.93,3991.4
110,643.43,3992.7
110,643.93,3992.5
110,644.43,3998.5
110,644.93,4002.9
110,645.43,4010.1
110,645.93,4019.3
110,646.43,4026.5
110,646.93,4028.1
110,647.43,4026.6
110,647.93,4021
110,648.43,4008.5
110,648.93,3993.9
110,649.43,3996.9
110,649.93,4000.2
110,650.42,4002
110,650.92,4004.1
110,651.42,4005.5
110,651.92,4009.2
110,652.42,4015.8
110,652.92,4024.5
110,653.42,4035.8
110,653.92,4048.8
110,654.42,4086.7
110,654.92,4078.1
110,655.42,4072.4
110,655.92,4066.2
110,656.42,4056.1
110,656.92,4053.5
110,657.42,4050.9
110,657.92,4039.1
110,658.42,4023.7
110,658.92,4018.3
110,659.42,4027.3
110,659.91,4019.9
110,660.41,4001.2
110,660.91,3993
110,661.41,4004.5
110,661.91,4015.5
110,662.41,4010.2
110,662.91,3999.2
110,663.41,3973.1
110,663.91,3946
110,664.41,3909.9
110,664.91,3883.1
110,665.41,3885.8
110,665.91,3901.8
110,666.41,3921.9
110,666.91,3939.5
110,667.41,3955.6
110,667.91,3972.6
110,668.41,3992.6
110,668.91,4014.4
110,669.4,4039.1
110,669.9,4063.3
110,670.4,4083.1
110,670.9,4091.2
110,671.4,4104.5
110,671.9,4111
110,672.4,4121.6
110,672.9,4121.7
110,673.4,4117.7
110,673.9,4112.7
110,674.4,4106.8
110,674.9,4101.2
110,675.4,4094.7
110,675.9,4088.4
110,676.4,4081.9
110,676.9,4075.5
110,677.4,4070.2
110,677.9,4064.9
110,678.4,4058.6
110,678.89,4049.9
110,679.39,4039.5
110,679.89,4026.2
110,680.39,4010.3
110,680.89,3992.3
110,681.39,3974.5
110,681.89,3956.5
110,682.39,3936.8
110,682.89,3915.1
110,683.39,3894.1
110,683.89,3874.2
110,684.39,3858.4
110,684.89,3846.1
110,685.39,3839.3
110,685.89,3836.5
110,686.39,3835.1
110,686.89,3838
110,687.39,3843.8
110,687.88,3849.1
110,688.38,3853.7
110,688.88,3861.4
110,689.38,3871.5
110,689.88,3884.8
110,690.38,3896.8
110,690.88,3907.9
110,691.38,3919.5
110,691.88,3929.3
110,692.38,3940.2
110,692.88,3951.3
110,693.38,3963.9
110,693.88,3974.3
110,694.38,3978.4
110,694.88,3980.6
110,695.38,3979.8
110,695.88,3977.7
110,696.38,3975.3
110,696.88,3974.5
110,697.37,3973
110,697.87,3969
110,698.37,3962.5
110,698.87,3957.2
110,699.37,3950.8
110,699.87,3945.8
110,700.37,3942.4
110,700.87,3940.4
110,701.37,3939.4
110,701.87,3940
110,702.37,3941.8
110,702.87,3944
110,703.37,3946.9
110,703.87,3947.7
110,704.37,3947.8
110,704.87,3946.9
110,705.37,3945.9
110,705.87,3944.5
110,706.37,3942.6
110,706.86,3942.3
110,707.36,3945.4
110,707.86,3953.4
110,708.36,3963.5
110,708.86,3965.9
110,709.36,3968
110,709.86,3969.2
110,710.36,3969.9
110,710.86,3970.4
110,711.36,3970.1
110,711.86,3971
110,712.36,3974.8
110,712.86,3981.2
110,713.36,3986.8
110,713.86,3991.7
110,714.36,3995.1
110,714.86,3997.6
110,715.36,3999.5
110,715.86,4000.8
110,716.35,4001.7
110,716.85,4003
110,717.35,4004.5
110,717.85,4006.9
110,718.35,4008.1
110,718.85,4011.1
110,719.35,4016.5
110,719.85,4022.4
110,720.35,4029.8
110,720.85,4035.2
110,721.35,4041
110,721.85,4046.7
110,722.35,4051.7
110,722.85,4057.3
110,723.35,4061.3
110,723.85,4061.8
110,724.35,4057.7
110,724.85,4052.5
110,725.35,4046.8
110,725.84,4041.6
110,726.34,4038.7
110,726.84,4040.4
110,727.34,4044.1
110,727.84,4050.5
110,728.34,4058.1
110,728.84,4065
110,729.34,4071.3
110,729.84,4076.6
110,730.34,4081.4
110,730.84,4084.5
110,731.34,4085.8
110,731.84,4083.7
110,732.34,4078.7
110,732.84,4072.4
110,733.34,4065.9
110,733.84,4060.1
110,734.34,4054.8
110,734.84,4050.1
110,735.33,4047
110,735.83,4046.2
110,736.33,4042.9
110,736.83,4037
110,737.33,4031.7
110,737.83,4029.2
110,738.33,4027.8
110,738.83,4027.7
110,739.33,4027.6
110,739.83,4029
110,740.33,4032.6
110,740.83,4035.6
110,741.33,4039.8
110,741.83,4043.2
110,742.33,4046.4
110,742.83,4049.4
110,743.33,4051.8
110,743.83,4055
110,744.32,4057.7
110,744.82,4059.8
110,745.32,4061.1
110,745.82,4062.3
110,746.32,4062.4
110,746.82,4062.2
110,747.32,4061.4
110,747.82,4059.4
110,748.32,4056.8
110,748.82,4051.4
110,749.32,4045.7
110,749.82,4039.8
110,750.32,4032.9
110,750.82,4024.6
110,751.32,4020.6
110,751.82,4018.4
110,752.32,4016.6
110,752.82,4015.3
110,753.32,4013.1
110,753.81,4011
110,754.31,4008.1
110,754.81,4005.3
110,755.31,4003.2
110,755.81,4001.1
110,756.31,4000.5
110,756.81,4000.5
110,757.31,4001
110,757.81,4002.3
110,758.31,4003.8
110,758.81,4006.3
110,759.31,4008.9
110,759.81,4011.7
110,760.31,4014.2
110,760.81,4018.1
110,761.31,4022.2
110,761.81,4025
110,762.31,4026.8
110,762.8,4027.5
110,763.3,4027.1
110,763.8,4026.3
110,764.3,4024
110,764.8,4021
110,765.3,4017.1
110,765.8,4014
110,766.3,4011.5
110,766.8,4009.5
110,767.3,4007.6
110,767.8,4006.2
110,768.3,4006.3
110,768.8,4006.9
110,769.3,4008.4
110,769.8,4010
110,770.3,4011.3
110,770.8,4013.4
110,771.3,4015.5
110,771.79,4017.2
110,772.29,4018.3
110,772.79,4019.8
110,773.29,4022.3
110,773.79,4025.5
110,774.29,4028.6
110,774.79,4031.5
110,775.29,4034.1
110,775.79,4036
110,776.29,4036.8
110,776.79,4037.7
110,777.29,4037.1
110,777.79,4037
110,778.29,4036.9
110,778.79,4036.4
110,779.29,4035.8
110,779.79,4034.2
110,780.29,4032.6
110,780.78,4031.2
110,781.28,4030.5
110,781.78,4030.5
110,782.28,4031
110,782.78,4031.9
110,783.28,4033.9
110,783.78,4037.1
110,784.28,4040.7
110,784.78,4043.9
110,785.28,4047
110,785.78,4050
110,786.28,4052.6
110,786.78,4054
110,787.28,4054.2
110,787.78,4054.3
110,788.28,4055.3
110,788.78,4057.3
110,789.28,4059.4
110,789.77,4061.9
110,790.27,4062
110,790.77,4059.1
110,791.27,4055.3
110,791.77,4051
110,792.27,4045.9
110,792.77,4036.8
110,793.27,4024.8
110,793.77,4009.7
110,794.27,3993
110,794.77,3974.3
110,795.27,3955.6
110,795.77,3939.5
110,796.27,3921.6
110,796.77,3900.5
110,797.27,3880.2
110,797.77,3867.1
110,798.27,3859.4
110,798.76,3863.2
110,799.26,3875.3
110,799.76,3894.6
110,800.26,3914.3
110,800.76,3924.4
110,801.26,3937.6
110,801.76,3950.8
110,802.26,3959.1
110,802.76,3964.2
110,803.26,3965.7
110,803.76,3965.3
110,804.26,3960.9
110,804.76,3952.1
110,805.26,3939.5
110,805.76,3924.5
110,806.26,3907.9
110,806.76,3889.1
110,807.26,3870
110,807.75,3851.1
110,808.25,3831.5
110,808.75,3814.9
110,809.25,3804.5
110,809.75,3814.1
110,810.25,3840.2
110,810.75,3878.1
110,811.25,3910.9
110,811.75,3932.5
110,812.25,3926.7
110,812.75,3907.8
110,813.25,3892.9
110,813.75,3893.5
110,814.25,3911.6
110,814.75,3922.6
110,815.25,3948.7
110,815.75,3982.3
110,816.25,3993.2
110,816.74,3981.9
110,817.24,3967.1
110,817.74,3965.4
110,818.24,3965.6
110,818.74,3970.7
110,819.24,3997.2
110,819.74,4033.6
110,820.24,4052.4
110,820.74,4057.8
110,821.24,4054.6
110,821.74,4052.3
110,822.24,4056.9
110,822.74,4063.7
110,823.24,4064.7
110,823.74,4065.6
110,824.24,4068.7
110,824.74,4068
110,825.24,4057.1
110,825.73,4038.2
110,826.23,4029.3
110,826.73,4037.5
110,827.23,4055.1
110,827.73,4057.2
110,828.23,4053.4
110,828.73,4039
110,829.23,4034.8
110,829.73,4039
110,830.23,4039.5
110,830.73,4037.4
110,831.23,4041.6
110,831.73,4049.5
110,832.23,4058.1
110,832.73,4062.4
110,833.23,4062.6
110,833.73,4059.1
110,834.23,4048.8
110,834.72,4041.2
110,835.22,4039.3
110,835.72,4040.4
110,836.22,4045.1
110,836.72,4043.5
110,837.22,4033.2
110,837.72,4029.3
110,838.22,4033.7
110,838.72,4046.2
110,839.22,4049.1
110,839.72,4041.6
110,840.22,4035
110,840.72,4039.6
110,841.22,4060.6
110,841.72,4076.3
110,842.22,4087.3
110,842.72,4091.5
110,843.22,4088.6
110,843.71,4071.6
110,844.21,4030.2
110,844.71,3995.2
110,845.21,3981.6
110,845.71,3986.5
110,846.21,3982.6
110,846.71,3971.1
110,847.21,3960.7
110,847.71,3963.4
110,848.21,3975.9
110,848.71,3968.4
110,849.21,3922.3
110,849.71,3882.1
110,850.21,3879
110,850.71,3897.2
110,851.21,3906.9
110,851.71,3902.2
110,852.21,3860.8
110,852.7,3786.6
110,853.2,3737.5
110,853.7,3691.9
110,854.2,3677.4
110,854.7,3724.2
110,855.2,3750.8
110,855.7,3742.3
110,856.2,3745.7
110,856.7,3742.5
110,857.2,3729
110,857.7,3709.5
110,858.2,3660.5
110,858.7,3525
110,859.2,3342.6
110,859.7,3284.1
110,860.2,3374.3
110,860.7,3524.2
110,861.2,3658
110,861.69,3769.6
110,862.19,3849.5
110,862.69,3894.2
110,863.19,3899.6
110,863.69,3883.7
110,864.19,3898.7
110,864.69,3940.8
110,865.19,3981.8
110,865.69,4021.9
110,866.19,4063.2
110,866.69,4113.4
110,867.19,4144
110,867.69,4164.6
110,868.19,4211.7
110,868.69,4271.3
110,869.19,4288.8
110,869.69,4293.9
110,870.19,4297.3
110,870.68,4305.4
110,871.18,4337.9
110,871.68,4368
110,872.18,4382
110,872.68,4391.7
110,873.18,4398
110,873.68,4402.1
110,874.18,4404.7
110,874.68,4400.7
110,875.18,4396.5
110,875.68,4394.2
110,876.18,4395.3
110,876.68,4395.2
110,877.18,4390.5
110,877.68,4387
110,878.18,4385.3
110,878.68,4384.2
110,879.18,4389.5
110,879.67,4399.3
110,880.17,4405.3
110,880.67,4412.1
110,881.17,4419.2
110,881.67,4424.7
110,882.17,4428.7
110,882.67,4430.6
110,883.17,4422.3
110,883.67,4410.1
110,884.17,4402.9
110,884.67,4402
110,885.17,4400.8
110,885.67,4389.9
110,886.17,4382.9
110,886.67,4381.9
110,887.17,4381.9
110,887.67,4377.5
110,888.17,4366
110,888.66,4354.1
110,889.16,4361.4
110,889.66,4371.5
110,890.16,4371.9
110,890.66,4359.9
110,891.16,4341.7
110,891.66,4319.6
110,892.16,4298.9
110,892.66,4287.8
110,893.16,4280.6
110,893.66,4274.6
110,894.16,4271.9
110,894.66,4262.6
110,895.16,4247.6
110,895.66,4193.1
110,896.16,4115.1
110,896.66,4074.7
110,897.16,4111.8
110,897.65,4129.7
110,898.15,4158.7
110,898.65,4189.7
110,899.15,4215.9
110,899.65,4235
110,900.15,4244.8
110,900.65,4247.3
110,901.15,4248.3
110,901.65,4249.8
110,902.15,4248.6
110,902.65,4243.5
110,903.15,4231.6
110,903.65,4220.7
110,904.15,4206.7
110,904.65,4190.6
110,905.15,4170.5
110,905.65,4158
110,906.14,4139.7
110,906.64,4116
110,907.14,4096.3
110,907.64,4062.6
110,908.14,4018.6
110,908.64,3985.2
110,909.14,3973.6
110,909.64,3994.6
110,910.14,4022.9
110,910.64,4029.5
110,911.14,4036.2
110,911.64,4052.7
110,912.14,4078.6
110,912.64,4092.6
110,913.14,4108.8
110,913.64,4125.5
110,914.14,4134.8
110,914.64,4140.5
110,915.13,4155.4
110,915.63,4186.6
110,916.13,4221
110,916.63,4244.1
110,917.13,4270.2
110,917.63,4293.2
110,918.13,4297.4
110,918.63,4295
110,919.13,4295.3
110,919.63,4296.9
110,920.13,4297
110,920.63,4298.9
110,921.13,4298.4
110,921.63,4289.9
110,922.13,4281.8
110,922.63,4270.6
110,923.13,4250.1
110,923.62,4239.2
110,924.12,4260.1
110,924.62,4274.3
110,925.12,4279.4
110,925.62,4277.2
110,926.12,4274.1
110,926.62,4270.7
110,927.12,4262.2
110,927.62,4255
110,928.12,4274.4
110,928.62,4301.5
110,929.12,4307
110,929.62,4290.6
110,930.12,4273.5
110,930.62,4280.5
110,931.12,4286.2
110,931.62,4274.8
110,932.12,4266.9
110,932.61,4264.2
110,933.11,4265.6
110,933.61,4266.7
110,934.11,4267.9
110,934.61,4267
110,935.11,4266.1
110,935.61,4263.1
110,936.11,4255.7
110,936.61,4239.6
110,937.11,4211.9
110,937.61,4168.5
110,938.11,4124.1
110,938.61,4091.5
110,939.11,4102.3
110,939.61,4129.4
110,940.11,4134.5
110,940.61,4121.8
110,941.1,4110.2
110,941.6,4116.4
110,942.1,4124.5
110,942.6,4128.1
110,943.1,4125.4
110,943.6,4115.4
110,944.1,4102.1
110,944.6,4108.6
110,945.1,4125.4
110,945.6,4142.8
110,946.1,4140.3
110,946.6,4117.5
110,947.1,4071.6
110,947.6,4025
110,948.1,4000.5
110,948.6,3997
110,949.1,4017.5
110,949.59,4046.1
110,950.09,4064.7
110,950.59,4063.1
110,951.09,4031.2
110,951.59,3992.9
110,952.09,3960
110,952.59,3961.8
110,953.09,3952.9
110,953.59,3948
110,954.09,3949.7
110,954.59,3957
110,955.09,3968.5
110,955.59,3980.8
110,956.09,3993.2
110,956.59,4004.2
110,957.09,4010.8
110,957.59,4018.1
110,958.09,4026.2
110,958.58,4033.1
110,959.08,4037
110,959.58,4040.9
110,960.08,4045.2
110,960.58,4049.5
110,961.08,4050.5
110,961.58,4048.6
110,962.08,4045.4
110,962.58,4041.7
110,963.08,4037.8
110,963.58,4031.8
110,964.08,4026.8
110,964.58,4020.3
110,965.08,4014.8
110,965.58,4009.2
110,966.08,4003.8
110,966.58,3996.7
110,967.07,3989.2
110,967.57,3980.5
110,968.07,3972.4
110,968.57,3963.3
110,969.07,3954.7
110,969.57,3948
110,970.07,3944.8
110,970.57,3942.6
110,971.07,3940.9
110,971.57,3939.6
110,972.07,3938.9
110,972.57,3941.1
110,973.07,3945.5
110,973.57,3951.2
110,974.07,3958.4
110,974.57,3965.5
110,975.07,3973.5
110,975.57,3981.2
110,976.06,3989.6
110,976.56,3995.5
110,977.06,4001
110,977.56,4003
110,978.06,4004.5
110,978.56,4006
110,979.06,4007.5
110,979.56,4011.6
110,980.06,4017.6
110,980.56,4021.8
110,981.06,4017.3
110,981.56,4001.2
110,982.06,3980.6
110,982.56,3964.1
110,983.06,3947.9
110,983.56,3935.7
110,984.06,3939.4
110,984.55,3932.1
110,985.05,3918
110,985.55,3910
110,986.05,3902.2
110,986.55,3907.5
110,987.05,3906.6
110,987.55,3896.1
110,988.05,3886.6
110,988.55,3863.1
110,989.05,3859.6
110,989.55,3873.3
110,990.05,3883.4
110,990.55,3873.1
110,991.05,3871.8
110,991.55,3877.6
110,992.05,3876.3
110,992.55,3861.9
110,993.04,3838.7
110,993.54,3820.2
110,994.04,3781.4
110,994.54,3741.4
110,995.04,3704.3
110,995.54,3699.8
110,996.04,3764.2
110,996.54,3838.9
110,997.04,3898.3
110,997.54,3924.7
110,998.04,3944.1
110,998.54,3948.2
110,999.04,3940
110,999.54,3929.9
110,1000.04,3927.7
110,1000.54,3933.9
110,1001.04,3951.2
110,1001.54,3983.1
110,1002.03,4027.9
110,1002.53,4078.7
110,1003.03,4128.8
110,1003.53,4176
110,1004.03,4218.7
110,1004.53,4257.4
110,1005.03,4292.4
110,1005.53,4325.1
110,1006.03,4352.6
110,1006.53,4372.6
110,1007.03,4387.5
110,1007.53,4404
110,1008.03,4447.5
110,1008.53,4447.4
110,1009.03,4410.4
110,1009.53,4394.8
110,1010.03,4348.6
110,1010.52,4290.1
110,1011.02,4266.2
110,1011.52,4292.2
110,1012.02,4337.1
110,1012.52,4371.6
110,1013.02,4366
110,1013.52,4309.7
110,1014.02,4273.1
110,1014.52,4260.9
110,1015.02,4233.3
110,1015.52,4139.1
110,1016.02,4071.9
110,1016.52,4049.9
110,1017.02,4024.9
110,1017.52,3991.8
110,1018.02,3939.9
110,1018.52,3893.5
110,1019.02,3863.6
110,1019.51,3827.3
110,1020.01,3806.1
110,1020.51,3814.3
110,1021.01,3834.9
110,1021.51,3851.9
110,1022.01,3868.7
110,1022.51,3882
110,1023.01,3893
110,1023.51,3903.8
110,1024.01,3918.3
110,1024.51,3929.9
110,1025.01,3932.8
110,1025.51,3931.5
110,1026.01,3939.4
110,1026.51,3957.1
110,1027.01,3975.1
110,1027.51,3980.4
110,1028,3962.3
110,1028.5,3961.5
110,1029,3966
110,1029.5,3966.1
110,1030,3966.6
110,1030.5,3974.1
110,1031,3983.2
110,1031.5,3992.7
110,1032,3997
110,1032.5,4000.8
110,1033,4013
110,1033.5,4027.5
110,1034,4031.5
110,1034.5,4025.8
110,1035,4015.2
110,1035.5,4003.5
110,1036,3991.6
110,1036.5,3982.2
110,1036.99,3977
110,1037.49,3974.4
110,1037.99,3972.5
110,1038.49,3976.3
110,1038.99,3986
110,1039.49,4006.5
110,1039.99,4035.3
110,1040.49,4071.6
110,1040.99,4114.2
110,1041.49,4186.7
110,1041.99,4322
110,1042.49,4505.3
110,1042.99,4630.6
110,1043.49,4632.6
110,1043.99,4637.1
110,1044.49,4640.5
110,1044.98,4645
110,1045.48,4650.8
110,1045.98,4645.4
110,1046.48,4604.7
110,1046.98,4499.3
110,1047.48,4392
110,1047.98,4334.7
110,1048.48,4334.3
110,1048.98,4368.5
110,1049.48,4412.3
110,1049.98,4426.2
110,1050.48,4348.3
110,1050.98,4241.6
110,1051.48,4150.7
110,1051.98,4111.2
110,1052.48,4144.7
110,1052.98,4159.8
110,1053.47,4155.1
110,1053.97,4172
110,1054.47,4162.2
110,1054.97,4161.1
110,1055.47,4163.6
110,1055.97,4170.8
110,1056.47,4178.5
110,1056.97,4183.6
110,1057.47,4187.9
110,1057.97,4191.5
110,1058.47,4192.9
110,1058.97,4193.9
110,1059.47,4194.6
110,1059.97,4195.2
110,1060.47,4196.1
110,1060.97,4194.9
110,1061.47,4194
110,1061.96,4196.9
110,1062.46,4203.7
110,1062.96,4211.2
110,1063.46,4209.7
110,1063.96,4208.8
110,1064.46,4229.8
110,1064.96,4235.7
110,1065.46,4237.6
110,1065.96,4241.4
110,1066.46,4239
110,1066.96,4233.7
110,1067.46,4235.7
110,1067.96,4240.4
110,1068.46,4232.6
110,1068.96,4247.1
110,1069.46,4279.4
110,1069.95,4281.9
110,1070.45,4284
110,1070.95,4281.6
110,1071.45,4264.4
110,1071.95,4249.7
110,1072.45,4267.1
110,1072.95,4281.4
110,1073.45,4289.1
110,1073.95,4292.7
110,1074.45,4292.8
110,1074.95,4263.9
110,1075.45,4235.9
110,1075.95,4235.5
110,1076.45,4242
110,1076.95,4236.1
110,1077.45,4228.3
110,1077.95,4216.5
110,1078.44,4222.3
110,1078.94,4257.3
110,1079.44,4260.4
110,1079.94,4243.5
110,1080.44,4218.7
110,1080.94,4224.1
110,1081.44,4277.1
110,1081.94,4361.6
110,1082.44,4409.2
110,1082.94,4417.3
110,1083.44,4416.5
110,1083.94,4421.9
110,1084.44,4418.8
110,1084.94,4414.6
110,1085.44,4412.1
110,1085.94,4408
110,1086.44,4417.2
110,1086.93,4428.6
110,1087.43,4419.5
110,1087.93,4374.6
110,1088.43,4350.1
110,1088.93,4350.9
110,1089.43,4342.9
110,1089.93,4334.5
110,1090.43,4323.9
110,1090.93,4307.9
110,1091.43,4296.7
110,1091.93,4300.3
110,1092.43,4327.7
110,1092.93,4363.7
110,1093.43,4389.4
110,1093.93,4384.9
110,1094.43,4350
110,1094.92,4306.9
110,1095.42,4308.7
110,1095.92,4321
110,1096.42,4335.1
110,1096.92,4343.8
110,1097.42,4362.9
110,1097.92,4393.1
110,1098.42,4432
110,1098.92,4457
110,1099.42,4454.4
110,1099.92,4429.7
110,1100.42,4396.2
110,1100.92,4350.5
110,1101.42,4296.2
110,1101.92,4267.2
110,1102.42,4237.4
110,1102.92,4204.8
110,1103.41,4160.9
110,1103.91,4112.3
110,1104.41,4054.6
110,1104.91,3992.7
110,1105.41,3917.8
110,1105.91,3837.9
110,1106.41,3766.4
110,1106.91,3733.4
110,1107.41,3713.8
110,1107.91,3694
110,1108.41,3678.9
110,1108.91,3678.8
110,1109.41,3701.5
110,1109.91,3734.9
110,1110.41,3775.4
110,1110.91,3821.8
110,1111.41,3870.6
110,1111.9,3922.4
110,1112.4,3977
110,1112.9,4034.1
110,1113.4,4087.3
110,1113.9,4120.4
110,1114.4,4159.7
110,1114.9,4217.5
110,1115.4,4285.8
110,1115.9,4344.9
110,1116.4,4386.7
110,1116.9,4399.5
110,1117.4,4396.9
110,1117.9,4411.7
110,1118.4,4426.1
110,1118.9,4417.4
110,1119.4,4410.4
110,1119.89,4367.1
110,1120.39,4326.4
110,1120.89,4288.8
110,1121.39,4262.1
110,1121.89,4252.5
110,1122.39,4253.4
110,1122.89,4257.1
110,1123.39,4264.6
110,1123.89,4327.8
110,1124.39,4429.3
110,1124.89,4486.2
110,1125.39,4410.9
110,1125.89,4336.6
110,1126.39,4318.9
110,1126.89,4333.9
110,1127.39,4356.1
110,1127.89,4353.7
110,1128.38,4352.8
110,1128.88,4351
110,1129.38,4351.7
110,1129.88,4354.5
110,1130.38,4355.6
110,1130.88,4350.1
110,1131.38,4335.4
110,1131.88,4323.3
110,1132.38,4331
110,1132.88,4352.7
110,1133.38,4367.1
110,1133.88,4391.5
110,1134.38,4463
110,1134.88,4524.2
110,1135.38,4554.2
110,1135.88,4572.1
110,1136.37,4573.8
110,1136.87,4558.1
110,1137.37,4564.7
110,1137.87,4587.9
110,1138.37,4600.5
110,1138.87,4594.5
110,1139.37,4575.1
110,1139.87,4555.5
110,1140.37,4534.3
110,1140.87,4504
110,1141.37,4500.8
110,1141.87,4509.4
110,1142.37,4502.9
110,1142.87,4491.7
110,1143.37,4520.5
110,1143.87,4573.6
110,1144.37,4609
110,1144.86,4641.3
110,1145.36,4662.6
110,1145.86,4663.4
110,1146.36,4650.9
110,1146.86,4639.8
110,1147.36,4610.2
110,1147.86,4573
110,1148.36,4538.6
110,1148.86,4516.8
110,1149.36,4521
110,1149.86,4530.5
110,1150.36,4521.9
110,1150.86,4497.5
110,1151.36,4490.5
110,1151.86,4498.7
110,1152.36,4507.7
110,1152.86,4512.7
110,1153.35,4494.7
110,1153.85,4447.7
110,1154.35,4435.2
110,1154.85,4501.5
110,1155.35,4583.7
110,1155.85,4614.2
110,1156.35,4650.9
110,1156.85,4694.7
110,1157.35,4748.2
110,1157.85,4791.1
110,1158.35,4795.6
110,1158.85,4782.9
110,1159.35,4757.8
110,1159.85,4734.9
110,1160.35,4667.3
110,1160.85,4540.7
110,1161.34,4426.5
110,1161.84,4328
110,1162.34,4228.1
110,1162.84,4155.4
110,1163.34,4076.8
110,1163.84,4023.3
110,1164.34,4004.1
110,1164.84,4013.1
110,1165.34,4001
110,1165.84,4022.5
110,1166.34,4076.9
110,1166.84,4155
110,1167.34,4241.7
110,1167.84,4308.1
110,1168.34,4364.1
110,1168.84,4422.2
110,1169.34,4468.3
110,1169.83,4509.5
110,1170.33,4559.4
110,1170.83,4603.1
110,1171.33,4609.1
110,1171.83,4607
110,1172.33,4603.3
110,1172.83,4599
110,1173.33,4604.3
110,1173.83,4619.9
110,1174.33,4632
110,1174.83,4628.4
110,1175.33,4597.3
110,1175.83,4537.1
110,1176.33,4565
110,1176.83,4641
110,1177.33,4686.1
110,1177.83,4695.9
110,1178.32,4694
110,1178.82,4669.2
110,1179.32,4596.5
110,1179.82,4537.9
110,1180.32,4519.5
110,1180.82,4480.2
110,1181.32,4445.1
110,1181.82,4396.4
110,1182.32,4353.1
110,1182.82,4327.4
110,1183.32,4317.2
110,1183.82,4312.5
110,1184.32,4319.4
110,1184.82,4327.6
110,1185.32,4311.3
110,1185.82,4288.4
110,1186.31,4256.7
110,1186.81,4217.7
110,1187.31,4204.8
110,1187.81,4211.2
110,1188.31,4206.1
110,1188.81,4176.9
110,1189.31,4159.1
110,1189.81,4152.4
110,1190.31,4145.3
110,1190.81,4151
110,1191.31,4178.6
110,1191.81,4218.2
110,1192.31,4253
110,1192.81,4270.5
110,1193.31,4274.6
110,1193.81,4278.8
110,1194.3,4282.8
110,1194.8,4286.9
110,1195.3,4292.1
110,1195.8,4295.8
110,1196.3,4295.6
110,1196.8,4290.9
110,1197.3,4282.8
110,1197.8,4271.7
110,1198.3,4260.8
110,1198.8,4248.5
110,1199.3,4236.1
110,1199.8,4222.8
110,1200.3,4209
110,1200.8,4197
110,1201.3,4191.7
110,1201.8,4193.2
110,1202.29,4198.6
110,1202.79,4204.4
110,1203.29,4207.9
110,1203.79,4208
110,1204.29,4205.7
110,1204.79,4200.9
110,1205.29,4194
110,1205.79,4185.2
110,1206.29,4173
110,1206.79,4158.6
110,1207.29,4144.2
110,1207.79,4134.8
110,1208.29,4131.6
110,1208.79,4133
110,1209.29,4129.8
110,1209.79,4128
110,1210.29,4128
110,1210.78,4131
110,1211.28,4138.8
110,1211.78,4165.1
110,1212.28,4189.9
110,1212.78,4213.1
110,1213.28,4230.2
110,1213.78,4239.2
110,1214.28,4249.5
110,1214.78,4254.3
110,1215.28,4245.1
110,1215.78,4214.8
110,1216.28,4156.3
110,1216.78,4111.3
110,1217.28,4097
110,1217.78,4086.9
110,1218.28,4082.9
110,1218.77,4109.5
110,1219.27,4155.6
110,1219.77,4205.2
110,1220.27,4272.3
110,1220.77,4357.3
110,1221.27,4427.1
110,1221.77,4452
110,1222.27,4452.2
110,1222.77,4455.5
110,1223.27,4460.9
110,1223.77,4470.9
110,1224.27,4478.4
110,1224.77,4466
110,1225.27,4440.4
110,1225.77,4428.6
110,1226.27,4438.6
110,1226.76,4457.7
110,1227.26,4482.1
110,1227.76,4475.6
110,1228.26,4435.5
110,1228.76,4411.4
110,1229.26,4424.2
110,1229.76,4450.3
110,1230.26,4484.6
110,1230.76,4483.2
110,1231.26,4450.9
110,1231.76,4420.2
110,1232.26,4406.2
110,1232.76,4401.5
110,1233.26,4406.9
110,1233.76,4404.7
110,1234.26,4398.3
110,1234.75,4396.5
110,1235.25,4393.3
110,1235.75,4382.1
110,1236.25,4367.4
110,1236.75,4358.4
110,1237.25,4355.9
110,1237.75,4352.8
110,1238.25,4347.8
110,1238.75,4344.2
110,1239.25,4341.5
110,1239.75,4335.1
110,1240.25,4332.3
110,1240.75,4320.5
110,1241.25,4309.4
110,1241.75,4303.4
110,1242.25,4300.4
110,1242.74,4303.3
110,1243.24,4304.3
110,1243.74,4305.8
110,1244.24,4300.8
110,1244.74,4290.1
110,1245.24,4284.8
110,1245.74,4282
110,1246.24,4251.2
110,1246.74,4200.5
110,1247.24,4162.8
110,1247.74,4147.9
110,1248.24,4128.1
110,1248.74,4116.5
110,1249.24,4132.7
110,1249.74,4155.6
110,1250.24,4162.5
110,1250.73,4152.9
110,1251.23,4141.1
110,1251.73,4131.7
110,1252.23,4142.3
110,1252.73,4173.8
110,1253.23,4227.7
110,1253.73,4289
110,1254.23,4314.3
110,1254.73,4301.4
110,1255.23,4279.8
110,1255.73,4277.4
110,1256.23,4295.9
110,1256.73,4317.3
110,1257.23,4341.2
110,1257.73,4365.6
110,1258.23,4397.4
110,1258.72,4431.6
110,1259.22,4464
110,1259.72,4482.5
110,1260.22,4493.3
110,1260.72,4504.9
110,1261.22,4516.5
110,1261.72,4526
110,1262.22,4533.6
110,1262.72,4540
110,1263.22,4546.7
110,1263.72,4552.3
110,1264.22,4557.9
110,1264.72,4563.8
110,1265.22,4570
110,1265.72,4574.4
110,1266.22,4576.9
110,1266.71,4578.8
110,1267.21,4577.6
110,1267.71,4573.7
110,1268.21,4567.1
110,1268.71,4558.5
110,1269.21,4547.5
110,1269.71,4533.3
110,1270.21,4514.8
110,1270.71,4494.5
110,1271.21,4468.5
110,1271.71,4441.8
110,1272.21,4413.6
110,1272.71,4386.7
110,1273.21,4358.7
110,1273.71,4331.9
110,1274.21,4307
110,1274.7,4288.2
110,1275.2,4273.3
110,1275.7,4264
110,1276.2,4261.3
110,1276.7,4265
110,1277.2,4274.4
110,1277.7,4289.4
110,1278.2,4309.8
110,1278.7,4334.3
110,1279.2,4359
110,1279.7,4379.8
110,1280.2,4396.8
110,1280.7,4409.6
110,1281.2,4419.3
110,1281.7,4425.6
110,1282.2,4431.7
110,1282.69,4438.7
110,1283.19,4452.2
110,1283.69,4471
110,1284.19,4489.9
110,1284.69,4505.2
110,1285.19,4513.9
110,1285.69,4518.7
110,1286.19,4520
110,1286.69,4516.1
110,1287.19,4506.7
110,1287.69,4494.7
110,1288.19,4489.1
110,1288.69,4490.7
110,1289.19,4499.9
110,1289.69,4508.6
110,1290.19,4515.1
110,1290.68,4518.7
110,1291.18,4523.6
110,1291.68,4531.5
110,1292.18,4539.1
110,1292.68,4544.1
110,1293.18,4546.8
110,1293.68,4548.6
110,1294.18,4551.7
110,1294.68,4553.3
110,1295.18,4547.9
110,1295.68,4540.6
110,1296.18,4533.4
110,1296.68,4527.3
110,1297.18,4522.8
110,1297.68,4520.9
110,1298.18,4521.8
110,1298.67,4523.3
110,1299.17,4525.4
110,1299.67,4528.4
110,1300.17,4531.3
110,1300.67,4536.1
110,1301.17,4540.5
110,1301.67,4544.5
110,1302.17,4548.7
110,1302.67,4552.2
110,1303.17,4554.7
110,1303.67,4556.3
110,1304.17,4559.5
110,1304.67,4564
110,1305.17,4566.6
110,1305.67,4567.6
110,1306.17,4567.7
110,1306.67,4567
110,1307.16,4563.7
110,1307.66,4554.9
110,1308.16,4543.5
110,1308.66,4529.6
110,1309.16,4514.1
110,1309.66,4503.2
110,1310.16,4495.7
110,1310.66,4493.6
110,1311.16,4496.6
110,1311.66,4500.5
110,1312.16,4505
110,1312.66,4508.3
110,1313.16,4511.3
110,1313.66,4512.3
110,1314.16,4514.3
110,1314.66,4515
110,1315.15,4516
110,1315.65,4517.7
110,1316.15,4518.3
110,1316.65,4518.7
110,1317.15,4518.9
110,1317.65,4517.6
110,1318.15,4513.7
110,1318.65,4508.6
110,1319.15,4499
110,1319.65,4484
110,1320.15,4462.8
110,1320.65,4438.4
110,1321.15,4417.5
110,1321.65,4410.3
110,1322.15,4436.4
110,1322.65,4454.5
110,1323.14,4430.8
110,1323.64,4424.8
110,1324.14,4435.2
110,1324.64,4483.7
110,1325.14,4498.3
110,1325.64,4494.5
110,1326.14,4500.1
110,1326.64,4535.2
110,1327.14,4554.8
110,1327.64,4544.7
110,1328.14,4542
110,1328.64,4544.6
110,1329.14,4520.5
110,1329.64,4519.8
110,1330.14,4517.4
110,1330.64,4499.2
110,1331.13,4508.3
110,1331.63,4518
110,1332.13,4515
110,1332.63,4515.9
110,1333.13,4523.3
110,1333.63,4518
110,1334.13,4456
110,1334.63,4299.1
110,1335.13,4124.6
110,1335.63,4112
120,0,178.1
120,0.5,181
120,1,183.1
120,1.5,184.4
120,2,185.9
120,2.5,188.1
120,3,190
120,3.5,190.5
120,4,192.1
120,4.5,195.1
120,5,198.6
120,5.5,201.6
120,6,202.5
120,6.5,202.7
120,7,203.7
120,7.5,206
120,8,211.7
120,8.5,218.6
120,9,226.5
120,9.5,231.7
120,10,235.1
120,10.5,238.8
120,11,242.8
120,11.5,246.9
120,12,252.1
120,12.5,258.6
120,13,266.4
120,13.5,273.9
120,14,282.1
120,14.5,290.4
120,15,297.5
120,15.5,303.3
120,16,308.3
120,16.49,311.8
120,16.99,314.6
120,17.49,317.3
120,17.99,320.2
120,18.49,323.9
120,18.99,328.5
120,19.49,333.8
120,19.99,341.1
120,20.49,350.1
120,20.99,359
120,21.49,368.5
120,21.99,378.9
120,22.49,388.4
120,22.99,395.7
120,23.49,401.9
120,23.99,407
120,24.49,411.2
120,24.99,415.4
120,25.49,418.8
120,25.99,421.2
120,26.49,422.9
120,26.99,423.2
120,27.49,422.8
120,27.99,422.4
120,28.49,421.3
120,28.99,419.7
120,29.49,417.3
120,29.99,415.6
120,30.49,413.8
120,30.99,411.1
120,31.49,408.9
120,31.99,406
120,32.49,402.2
120,32.99,398.3
120,33.49,393.6
120,33.99,390.2
120,34.49,388.2
120,34.99,385.6
120,35.49,381.6
120,35.99,377.4
120,36.49,372.5
120,36.99,366.4
120,37.49,360
120,37.99,350.8
120,38.49,344.1
120,38.99,342.8
120,39.49,344.8
120,39.99,347.8
120,40.49,349.8
120,40.99,349.1
120,41.49,337
120,41.99,325.6
120,42.49,320.3
120,42.99,313.6
120,43.49,306.7
120,43.99,301.8
120,44.49,289.5
120,44.99,262.2
120,45.49,234.5
120,45.99,209.3
120,46.49,185.9
120,46.99,160.5
120,47.49,133.6
120,47.99,106.9
120,48.49,86.2
120,48.99,67.9
120,49.48,51.5
120,49.98,37.8
120,50.48,27.2
120,50.98,19.2
120,51.48,15.3
120,51.98,15
120,52.48,14.4
120,52.98,10.2
120,53.48,2.6
120,53.98,0.3
120,54.48,0
120,54.98,0
120,55.48,0
120,55.98,0
120,56.48,0
120,56.98,0
120,57.48,0
120,57.98,0
120,58.48,1.7
120,58.98,73.2
120,59.48,207.7
120,59.98,354.1
120,60.48,529.2
120,60.98,724
120,61.48,912.1
120,61.98,1057.8
120,62.48,1179.7
120,62.98,1193.5
120,63.48,1193.6
120,63.98,1199.9
120,64.48,1213
120,64.98,1226.7
120,65.48,1237.6
120,65.98,1243.7
120,66.48,1239.5
120,66.98,1237.7
120,67.48,1238.1
120,67.98,1237.9
120,68.48,1232.3
120,68.98,1228.1
120,69.48,1220.7
120,69.98,1188
120,70.48,1159.7
120,70.98,1144
120,71.48,1128.6
120,71.98,1118.9
120,72.48,1107.9
120,72.98,1091
120,73.48,1068.5
120,73.98,1034.9
120,74.48,995.1
120,74.98,954.7
120,75.48,899.3
120,75.98,827.2
120,76.48,769.6
120,76.98,721
120,77.48,677.5
120,77.98,630.1
120,78.48,570.4
120,78.98,504.4
120,79.48,461.5
120,79.98,417.1
120,80.48,364.9
120,80.98,306.1
120,81.48,233.8
120,81.97,136.4
120,82.47,0
120,82.97,0
120,83.47,0.1
120,83.97,0
120,84.47,4.3
120,84.97,8.4
120,85.47,8
120,85.97,0
120,86.47,0
120,86.97,0
120,87.47,0
120,87.97,0
120,88.47,0
120,88.97,0
120,89.47,0
120,89.97,0
120,90.47,0
120,90.97,0
120,91.47,0.2
120,91.97,12
120,92.47,5.5
120,92.97,2.2
120,93.47,5.9
120,93.97,5.2
120,94.47,3.4
120,94.97,1.4
120,95.47,0.7
120,95.97,0
120,96.47,0
120,96.97,0
120,97.47,0
120,97.97,0
120,98.47,0
120,98.97,0
120,99.47,0
120,99.97,0
120,100.47,0
120,100.97,0
120,101.47,0
120,101.97,0
120,102.47,0
120,102.97,0
120,103.47,0
120,103.97,0
120,104.47,0
120,104.97,0
120,105.47,0
120,105.97,0
120,106.47,0
120,106.97,0
120,107.47,0
120,107.97,0
120,108.47,0
120,108.97,0
120,109.47,0
120,109.97,0
120,110.47,0
120,110.97,0
120,111.47,0
120,111.97,0
120,112.47,0
120,112.97,0
120,113.47,0
120,113.97,0
120,114.47,0
120,114.96,0
120,115.46,0
120,115.96,0
120,116.46,0
120,116.96,0
120,117.46,0
120,117.96,0
120,118.46,0
120,118.96,0
120,119.46,0
120,119.96,0
120,120.46,0
120,120.96,0
120,121.46,0
120,121.96,0
120,122.46,0
120,122.96,0
120,123.46,0
120,123.96,0
120,124.46,0
120,124.96,0
120,125.46,0
120,125.96,0
120,126.46,0
120,126.96,0
120,127.46,0
120,127.96,0
120,128.46,0
120,128.96,0
120,129.46,0
120,129.96,0
120,130.46,0
120,130.96,0
120,131.46,0
120,131.96,0
120,132.46,0
120,132.96,0
120,133.46,0
120,133.96,0
120,134.46,0
120,134.96,0
120,135.46,0
120,135.96,0
120,136.46,0
120,136.96,0
120,137.46,0
120,137.96,0
120,138.46,0
120,138.96,0
120,139.46,0
120,139.96,0
120,140.46,0
120,140.96,0
120,141.46,0
120,141.96,0
120,142.46,0
120,142.96,0
120,143.46,0
120,143.96,0
120,144.46,0
120,144.96,0
120,145.46,0
120,145.96,0
120,146.46,0
120,146.96,0
120,147.46,0
120,147.95,0
120,148.45,0
120,148.95,0
120,149.45,0
120,149.95,0
120,150.45,0
120,150.95,0
120,151.45,0
120,151.95,0
120,152.45,0
120,152.95,0
120,153.45,0
120,153.95,0
120,154.45,0
120,154.95,0
120,155.45,0
120,155.95,0
120,156.45,0
120,156.95,0
120,157.45,0
120,157.95,0
120,158.45,0
120,158.95,0
120,159.45,0
120,159.95,0
120,160.45,0
120,160.95,0
120,161.45,0
120,161.95,0
120,162.45,0
120,162.95,0
120,163.45,0
120,163.95,0
120,164.45,0
120,164.95,1.5
120,165.45,8.8
120,165.95,16.7
120,166.45,18.8
120,166.95,23.9
120,167.45,26.8
120,167.95,28.6
120,168.45,30.1
120,168.95,31.6
120,169.45,33.2
120,169.95,34.8
120,170.45,37.5
120,170.95,40.7
120,171.45,43.4
120,171.95,44.7
120,172.45,46.5
120,172.95,48.2
120,173.45,50.6
120,173.95,52.5
120,174.45,55.5
120,174.95,57.4
120,175.45,59.2
120,175.95,61
120,176.45,63
120,176.95,64.6
120,177.45,66.1
120,177.95,67.7
120,178.45,69.1
120,178.95,69.8
120,179.45,71.3
120,179.95,72.9
120,180.44,73.8
120,180.94,74.9
120,181.44,75
120,181.94,75.1
120,182.44,76.3
120,182.94,77.4
120,183.44,78.7
120,183.94,79.1
120,184.44,78.8
120,184.94,78.1
120,185.44,78
120,185.94,79.6
120,186.44,81.3
120,186.94,84.3
120,187.44,87.4
120,187.94,90.4
120,188.44,93
120,188.94,95.7
120,189.44,97.4
120,189.94,95.9
120,190.44,93.9
120,190.94,90.8
120,191.44,88.1
120,191.94,85.9
120,192.44,84.3
120,192.94,83.2
120,193.44,81.1
120,193.94,76.9
120,194.44,75.3
120,194.94,78.1
120,195.44,81.6
120,195.94,86.4
120,196.44,90.6
120,196.94,94.3
120,197.44,97.6
120,197.94,101.7
120,198.44,107.6
120,198.94,114.9
120,199.44,122.4
120,199.94,130.3
120,200.44,138
120,200.94,143.2
120,201.44,143.8
120,201.94,139.5
120,202.44,131.8
120,202.94,120.8
120,203.44,108.9
120,203.94,96.4
120,204.44,84.4
120,204.94,75.4
120,205.44,74.6
120,205.94,74.4
120,206.44,75.3
120,206.94,81.9
120,207.44,89.4
120,207.94,96
120,208.44,103
120,208.94,110.3
120,209.44,117.3
120,209.94,123.9
120,210.44,130.8
120,210.94,137.7
120,211.44,140.4
120,211.94,141.7
120,212.44,141.7
120,212.94,141
120,213.44,138.1
120,213.94,132.8
120,214.45,123.3
120,214.95,112.2
120,215.45,100.5
120,215.95,95.7
120,216.45,95.4
120,216.95,97.6
120,217.45,101.1
120,217.95,103.6
120,218.45,102.9
120,218.95,100.9
120,219.45,97.7
120,219.95,93.7
120,220.45,89.8
120,220.95,87.9
120,221.45,89.2
120,221.95,92.7
120,222.45,98
120,222.95,104.7
120,223.45,111.1
120,223.95,116.3
120,224.45,120.4
120,224.95,123.1
120,225.45,123.3
120,225.95,120.4
120,226.45,114.8
120,226.95,108.1
120,227.45,99.1
120,227.95,89.6
120,228.45,84.6
120,228.95,83.3
120,229.45,86.5
120,229.95,93.4
120,230.45,102.8
120,230.95,112.1
120,231.45,120.3
120,231.95,123.4
120,232.45,123.1
120,232.95,120.8
120,233.45,118.2
120,233.95,116.1
120,234.45,115
120,234.95,113.6
120,235.45,113.9
120,235.95,115.2
120,236.45,114.7
120,236.95,110.5
120,237.45,104.8
120,237.95,98.4
120,238.46,92.6
120,238.96,88.6
120,239.46,88
120,239.96,90.3
120,240.46,93.8
120,240.96,96.9
120,241.46,98
120,241.96,97.3
120,242.46,95.5
120,242.96,92.1
120,243.46,89
120,243.96,86.7
120,244.46,87.6
120,244.96,89.6
120,245.46,91.9
120,245.96,96.1
120,246.46,100.3
120,246.96,104.5
120,247.46,107.9
120,247.96,110.5
120,248.46,112.2
120,248.96,112.6
120,249.46,109.5
120,249.96,103.8
120,250.46,102.6
120,250.96,102.2
120,251.46,102.7
120,251.96,103.1
120,252.46,103.3
120,252.96,103.7
120,253.46,103.3
120,253.96,101.9
120,254.46,99.7
120,254.96,97
120,255.46,93.8
120,255.96,92.2
120,256.46,91.4
120,256.96,92
120,257.46,93.9
120,257.96,95.7
120,258.46,97.3
120,258.96,98
120,259.46,97.9
120,259.96,94.6
120,260.46,91.1
120,260.96,88
120,261.46,85.4
120,261.97,82.5
120,262.47,80.4
120,262.97,78.5
120,263.47,76.5
120,263.97,74.5
120,264.47,73.2
120,264.97,72.1
120,265.47,71.9
120,265.97,73.5
120,266.47,76.3
120,266.97,79.3
120,267.47,82.6
120,267.97,85.3
120,268.47,86.7
120,268.97,85.8
120,269.47,84.4
120,269.97,82.7
120,270.47,81.3
120,270.97,80.6
120,271.47,80.9
120,271.97,81.8
120,272.47,81.8
120,272.97,83
120,273.47,83.2
120,273.97,82.1
120,274.47,81.3
120,274.97,81.5
120,275.47,82.9
120,275.97,83
120,276.47,82.1
120,276.97,80.7
120,277.47,78.5
120,277.97,76.2
120,278.47,73.9
120,278.97,73.5
120,279.47,75.1
120,279.97,79.1
120,280.47,82.3
120,280.97,84.7
120,281.47,85.1
120,281.97,84.3
120,282.47,81.5
120,282.97,75.2
120,283.47,69.8
120,283.97,63.4
120,284.47,57.5
120,284.97,54.1
120,285.47,43.1
120,285.98,26.9
120,286.48,22.6
120,286.98,31.6
120,287.48,39.8
120,287.98,43.5
120,288.48,42.5
120,288.98,40.2
120,289.48,38.3
120,289.98,36.9
120,290.48,37
120,290.98,37.6
120,291.48,38.3
120,291.98,39.9
120,292.48,41
120,292.98,42.3
120,293.48,43
120,293.98,45.6
120,294.48,51.6
120,294.98,56.4
120,295.48,57.8
120,295.98,52.5
120,296.48,41.9
120,296.98,33.3
120,297.48,24.3
120,297.98,16.4
120,298.48,9
120,298.98,1.5
120,299.48,3.4
120,299.98,10.3
120,300.48,17
120,300.98,18.2
120,301.48,18.3
120,301.98,26.1
120,302.48,34.3
120,302.98,46.6
120,303.48,57.2
120,303.98,65.9
120,304.48,72.5
120,304.98,77
120,305.48,81.3
120,305.97,86.6
120,306.47,94.3
120,306.97,109.5
120,307.47,203
120,307.97,287
120,308.47,217
120,308.97,223.6
120,309.47,224.4
120,309.97,218.4
120,310.47,208.1
120,310.97,191.8
120,311.47,173.5
120,311.97,155.4
120,312.47,141.3
120,312.97,131.8
120,313.47,126.1
120,313.97,124.2
120,314.47,122.6
120,314.96,122.3
120,315.46,124.3
120,315.96,128.9
120,316.46,132.8
120,316.96,136.6
120,317.46,143.1
120,317.96,155.9
120,318.46,173.5
120,318.96,189.4
120,319.46,202.2
120,319.96,231.3
120,320.46,260.5
120,320.96,293.4
120,321.46,281.8
120,321.96,298.5
120,322.46,354.8
120,322.96,449.3
120,323.46,514.5
120,323.96,580.4
120,324.45,641
120,324.95,699.1
120,325.45,733.9
120,325.95,804.1
120,326.45,883.6
120,326.95,969.8
120,327.45,1057.7
120,327.95,1157.9
120,328.45,1277.3
120,328.95,1321.8
120,329.45,1356.6
120,329.95,1390.2
120,330.45,1436
120,330.95,1549.2
120,331.45,1718
120,331.95,1860.7
120,332.45,1959.7
120,332.95,2020.6
120,333.44,2070.5
120,333.94,2113.1
120,334.44,2151.5
120,334.94,2188.2
120,335.44,2214.6
120,335.94,2237.9
120,336.44,2268.2
120,336.94,2297
120,337.44,2311.5
120,337.94,2316.6
120,338.44,2339.9
120,338.94,2381.6
120,339.44,2444.1
120,339.94,2501.7
120,340.44,2569.4
120,340.94,2643
120,341.44,2723
120,341.94,2812.9
120,342.44,2902.8
120,342.93,2982.9
120,343.43,3062.9
120,343.93,3145.4
120,344.43,3232
120,344.93,3309.3
120,345.43,3375
120,345.93,3425.6
120,346.43,3480.2
120,346.93,3555.3
120,347.43,3673.2
120,347.93,3797.4
120,348.43,3913.5
120,348.93,4012.4
120,349.43,4074.3
120,349.93,4134.8
120,350.43,4271.5
120,350.93,4446.5
120,351.43,4512
120,351.92,4516.3
120,352.42,4516.6
120,352.92,4516.5
120,353.42,4517
120,353.92,4516.5
120,354.42,4516.9
120,354.92,4516.6
120,355.42,4516.1
120,355.92,4515.5
120,356.42,4514.2
120,356.92,4514.9
120,357.42,4514.1
120,357.92,4514
120,358.42,4513.8
120,358.92,4514
120,359.42,4515
120,359.92,4515
120,360.42,4515.1
120,360.92,4515.9
120,361.41,4515.3
120,361.91,4514.1
120,362.41,4513.6
120,362.91,4512.6
120,363.41,4511.5
120,363.91,4509.9
120,364.41,4502.5
120,364.91,4492.4
120,365.41,4470.4
120,365.91,4419.3
120,366.41,4338.4
120,366.91,4272.5
120,367.41,4221.4
120,367.91,4186.7
120,368.41,4155.7
120,368.91,4120.1
120,369.41,4102.4
120,369.91,4099.1
120,370.4,4095.4
120,370.9,4071.8
120,371.4,4048.3
120,371.9,4041.1
120,372.4,4034
120,372.9,4021.6
120,373.4,3955
120,373.9,3850
120,374.4,3761.5
120,374.9,3738.4
120,375.4,3721.5
120,375.9,3683.6
120,376.4,3670.1
120,376.9,3655.2
120,377.4,3656.4
120,377.9,3670.4
120,378.4,3672.1
120,378.9,3721.1
120,379.4,3802.2
120,379.89,3880.4
120,380.39,3940.1
120,380.89,3940
120,381.39,3930
120,381.89,3912.5
120,382.39,3890.5
120,382.89,3863.6
120,383.39,3851.8
120,383.89,3847.8
120,384.39,3847.4
120,384.89,3850.6
120,385.39,3869.5
120,385.89,3891
120,386.39,3902.5
120,386.89,3914.1
120,387.39,3924.9
120,387.89,3928.9
120,388.39,3915.6
120,388.88,3906.2
120,389.38,3905.1
120,389.88,3912.2
120,390.38,3908.5
120,390.88,3915.3
120,391.38,3932.3
120,391.88,3958.7
120,392.38,3993.2
120,392.88,4026.3
120,393.38,4071.1
120,393.88,4159.5
120,394.38,4207.7
120,394.88,4229.7
120,395.38,4241.9
120,395.88,4251.5
120,396.38,4267.6
120,396.88,4275.3
120,397.38,4272.2
120,397.88,4264.2
120,398.37,4259.9
120,398.87,4260.9
120,399.37,4263.8
120,399.87,4268.2
120,400.37,4269.2
120,400.87,4263
120,401.37,4248.7
120,401.87,4233.6
120,402.37,4218.4
120,402.87,4200.1
120,403.37,4188.5
120,403.87,4189.4
120,404.37,4203.2
120,404.87,4210.2
120,405.37,4166.2
120,405.87,4043
120,406.37,3929
120,406.87,3862.9
120,407.36,3849.8
120,407.86,3851.5
120,408.36,3854.2
120,408.86,3855.6
120,409.36,3827.2
120,409.86,3766.2
120,410.36,3703.8
120,410.86,3651.4
120,411.36,3641.8
120,411.86,3652.5
120,412.36,3668.2
120,412.86,3687.5
120,413.36,3701
120,413.86,3702.2
120,414.36,3687.8
120,414.86,3677.5
120,415.36,3671.6
120,415.86,3702.7
120,416.36,3730.2
120,416.85,3737.8
120,417.35,3750.7
120,417.85,3770.2
120,418.35,3783.2
120,418.85,3784.7
120,419.35,3777.9
120,419.85,3768
120,420.35,3769
120,420.85,3776.2
120,421.35,3785.5
120,421.85,3793
120,422.35,3792.7
120,422.85,3789.1
120,423.35,3786.1
120,423.85,3784.3
120,424.35,3784.8
120,424.85,3786.7
120,425.35,3789.6
120,425.84,3796
120,426.34,3804.3
120,426.84,3782.9
120,427.34,3721.6
120,427.84,3687.1
120,428.34,3674.5
120,428.84,3656.4
120,429.34,3639.7
120,429.84,3626.3
120,430.34,3606.3
120,430.84,3587.1
120,431.34,3568.2
120,431.84,3565.1
120,432.34,3573.4
120,432.84,3581.5
120,433.34,3590.8
120,433.84,3605.4
120,434.34,3625.9
120,434.84,3645.1
120,435.33,3655
120,435.83,3658.7
120,436.33,3660.7
120,436.83,3664.2
120,437.33,3668
120,437.83,3667.9
120,438.33,3667.5
120,438.83,3669.4
120,439.33,3675.9
120,439.83,3686.7
120,440.33,3700.8
120,440.83,3716.7
120,441.33,3730.2
120,441.83,3733.3
120,442.33,3738
120,442.83,3754.2
120,443.33,3758.4
120,443.83,3761.3
120,444.32,3761.6
120,444.82,3758.7
120,445.32,3755.3
120,445.82,3752.1
120,446.32,3752.3
120,446.82,3753.7
120,447.32,3756.7
120,447.82,3750.8
120,448.32,3736.1
120,448.82,3719.8
120,449.32,3705.9
120,449.82,3715.1
120,450.32,3730.2
120,450.82,3710.7
120,451.32,3705.8
120,451.82,3708.2
120,452.32,3709.8
120,452.82,3712.2
120,453.31,3715.1
120,453.81,3718.2
120,454.31,3721.5
120,454.81,3725.2
120,455.31,3730
120,455.81,3733.5
120,456.31,3737.3
120,456.81,3741.7
120,457.31,3746.7
120,457.81,3751.2
120,458.31,3756.1
120,458.81,3760.2
120,459.31,3764.9
120,459.81,3768.1
120,460.31,3771.6
120,460.81,3774.3
120,461.31,3777.1
120,461.81,3779.8
120,462.3,3782.5
120,462.8,3783.5
120,463.3,3786.5
120,463.8,3787.9
120,464.3,3791.1
120,464.8,3793.9
120,465.3,3793.4
120,465.8,3790.7
120,466.3,3804
120,466.8,3833.5
120,467.3,3849.7
120,467.8,3851.2
120,468.3,3851.3
120,468.8,3850.2
120,469.3,3843
120,469.8,3838.2
120,470.3,3833.5
120,470.79,3829.6
120,471.29,3825
120,471.79,3823.2
120,472.29,3822.6
120,472.79,3822.1
120,473.29,3823
120,473.79,3822.3
120,474.29,3824.6
120,474.79,3827.3
120,475.29,3832.8
120,475.79,3840
120,476.29,3845.2
120,476.79,3850.1
120,477.29,3855.2
120,477.79,3859.5
120,478.29,3863.1
120,478.79,3865.6
120,479.29,3866.9
120,479.78,3868.5
120,480.28,3869
120,480.78,3868.2
120,481.28,3868
120,481.78,3868
120,482.28,3866.5
120,482.78,3863.3
120,483.28,3859.1
120,483.78,3853.8
120,484.28,3848.7
120,484.78,3844.3
120,485.28,3839.3
120,485.78,3835.4
120,486.28,3831.8
120,486.78,3827.6
120,487.28,3823.8
120,487.78,3820.2
120,488.28,3815.8
120,488.77,3811.9
120,489.27,3806.9
120,489.77,3801.6
120,490.27,3795.1
120,490.77,3787.2
120,491.27,3777.7
120,491.77,3765.4
120,492.27,3752.6
120,492.77,3737.9
120,493.27,3722.9
120,493.77,3706.5
120,494.27,3689.7
120,494.77,3671.4
120,495.27,3652.2
120,495.77,3634.1
120,496.27,3619
120,496.77,3609.5
120,497.26,3604.1
120,497.76,3602.9
120,498.26,3606.6
120,498.76,3615.7
120,499.26,3629.9
120,499.76,3646.6
120,500.26,3663
120,500.76,3676.3
120,501.26,3684.5
120,501.76,3686.5
120,502.26,3684.3
120,502.76,3681.9
120,503.26,3683
120,503.76,3688.9
120,504.26,3710
120,504.76,3747
120,505.26,3792.9
120,505.76,3835.3
120,506.25,3859.7
120,506.75,3859.4
120,507.25,3846.2
120,507.75,3824.7
120,508.25,3797.1
120,508.75,3766.2
120,509.25,3734.8
120,509.75,3704.1
120,510.25,3690
120,510.75,3697.9
120,511.25,3720.7
120,511.75,3751.9
120,512.25,3785
120,512.75,3816.6
120,513.25,3843.1
120,513.75,3860.9
120,514.25,3868.6
120,514.74,3868.9
120,515.24,3860.1
120,515.74,3825.8
120,516.24,3786
120,516.74,3739.2
120,517.24,3724.7
120,517.74,3713.9
120,518.24,3717.9
120,518.74,3690
120,519.24,3686.4
120,519.74,3706.7
120,520.24,3740.8
120,520.74,3771.5
120,521.24,3787.9
120,521.74,3794.2
120,522.24,3770.2
120,522.74,3700.3
120,523.24,3623.3
120,523.73,3592.7
120,524.23,3614.3
120,524.73,3642.9
120,525.23,3679.9
120,525.73,3712.5
120,526.23,3742.2
120,526.73,3767.8
120,527.23,3789.3
120,527.73,3811
120,528.23,3829.5
120,528.73,3844.5
120,529.23,3857.1
120,529.73,3865.4
120,530.23,3873.1
120,530.73,3874.1
120,531.23,3864.6
120,531.73,3850.3
120,532.23,3840.3
120,532.72,3840.2
120,533.22,3848.9
120,533.72,3858.2
120,534.22,3868.2
120,534.72,3876.8
120,535.22,3885.6
120,535.72,3894.3
120,536.22,3905.4
120,536.72,3898
120,537.22,3890
120,537.72,3887.3
120,538.22,3885.7
120,538.72,3884.8
120,539.22,3886.5
120,539.72,3889.1
120,540.22,3893.8
120,540.72,3898
120,541.21,3903.8
120,541.71,3910.3
120,542.21,3917.6
120,542.71,3924.5
120,543.21,3931.8
120,543.71,3937.3
120,544.21,3940.3
120,544.71,3941.3
120,545.21,3937.2
120,545.71,3916.2
120,546.21,3867.1
120,546.71,3811.6
120,547.21,3768.4
120,547.71,3742.1
120,548.21,3732.5
120,548.71,3742.3
120,549.21,3763
120,549.71,3784.8
120,550.2,3800.3
120,550.7,3811.4
120,551.2,3820.5
120,551.7,3829.7
120,552.2,3839.4
120,552.7,3848.5
120,553.2,3858.3
120,553.7,3868.9
120,554.2,3879.7
120,554.7,3890.7
120,555.2,3902
120,555.7,3913.3
120,556.2,3923.4
120,556.7,3931.3
120,557.2,3937.6
120,557.7,3941.5
120,558.2,3943.5
120,558.7,3945.7
120,559.19,3947.3
120,559.69,3948
120,560.19,3947.5
120,560.69,3945.8
120,561.19,3944.3
120,561.69,3942.3
120,562.19,3940.4
120,562.69,3939.3
120,563.19,3938.3
120,563.69,3938.8
120,564.19,3940.3
120,564.69,3942.6
120,565.19,3945.7
120,565.69,3949.9
120,566.19,3955.5
120,566.69,3961.4
120,567.19,3966.2
120,567.68,3965.7
120,568.18,3954.3
120,568.68,3939.5
120,569.18,3931.6
120,569.68,3935.8
120,570.18,3944.6
120,570.68,3952.8
120,571.18,3959.6
120,571.68,3963
120,572.18,3963.7
120,572.68,3959.8
120,573.18,3951.6
120,573.68,3939.6
120,574.18,3927.3
120,574.68,3917
120,575.18,3913.4
120,575.68,3912.8
120,576.18,3913.4
120,576.67,3914.5
120,577.17,3913.6
120,577.67,3911.9
120,578.17,3910
120,578.67,3907.7
120,579.17,3904.8
120,579.67,3901.8
120,580.17,3897.8
120,580.67,3892.8
120,581.17,3886.1
120,581.67,3877.7
120,582.17,3870.3
120,582.67,3864.5
120,583.17,3860.1
120,583.67,3856
120,584.17,3854
120,584.67,3856.6
120,585.16,3873.9
120,585.66,3897
120,586.16,3917.7
120,586.66,3923.4
120,587.16,3922
120,587.66,3917.3
120,588.16,3913.4
120,588.66,3908
120,589.16,3904.2
120,589.66,3901
120,590.16,3897.1
120,590.66,3893.4
120,591.16,3889.8
120,591.66,3886.1
120,592.16,3882.7
120,592.66,3878.8
120,593.16,3876
120,593.66,3874.3
120,594.15,3874.2
120,594.65,3875.4
120,595.15,3878.2
120,595.65,3882.1
120,596.15,3886.8
120,596.65,3892.2
120,597.15,3898.2
120,597.65,3904
120,598.15,3904.5
120,598.65,3898.2
120,599.15,3891
120,599.65,3883.7
120,600.15,3877.3
120,600.65,3868.7
120,601.15,3861.9
120,601.65,3855.1
120,602.15,3849.1
120,602.64,3844.4
120,603.14,3841.3
120,603.64,3838.8
120,604.14,3836.2
120,604.64,3834.8
120,605.14,3834.1
120,605.64,3835.4
120,606.14,3837.4
120,606.64,3840.3
120,607.14,3843
120,607.64,3844.7
120,608.14,3845.1
120,608.64,3846.5
120,609.14,3847.5
120,609.64,3848.6
120,610.14,3848
120,610.64,3845.8
120,611.13,3842.3
120,611.63,3837.1
120,612.13,3831.8
120,612.63,3825.6
120,613.13,3819
120,613.63,3810.9
120,614.13,3801.8
120,614.63,3792.2
120,615.13,3781.4
120,615.63,3769.4
120,616.13,3756.7
120,616.63,3743.9
120,617.13,3732.4
120,617.63,3722.5
120,618.13,3714.4
120,618.63,3707.9
120,619.13,3702.6
120,619.62,3698
120,620.12,3695.1
120,620.62,3693.6
120,621.12,3694.6
120,621.62,3698.8
120,622.12,3705.1
120,622.62,3709.3
120,623.12,3711
120,623.62,3712.5
120,624.12,3714.2
120,624.62,3718
120,625.12,3723.2
120,625.62,3729.9
120,626.12,3737.7
120,626.62,3746.1
120,627.12,3755.2
120,627.62,3763.4
120,628.11,3770.3
120,628.61,3775.6
120,629.11,3779.4
120,629.61,3781.9
120,630.11,3785.4
120,630.61,3792
120,631.11,3802.5
120,631.61,3814.8
120,632.11,3830.3
120,632.61,3848.2
120,633.11,3866.6
120,633.61,3884.8
120,634.11,3900.3
120,634.61,3915.3
120,635.11,3929
120,635.61,3939.6
120,636.11,3949.5
120,636.6,3957.7
120,637.1,3963.9
120,637.6,3969.3
120,638.1,3973.9
120,638.6,3976.5
120,639.1,3976.4
120,639.6,3976.2
120,640.1,3974.9
120,640.6,3973.3
120,641.1,3970.7
120,641.6,3968.1
120,642.1,3964.2
120,642.6,3957.9
120,643.1,3950.5
120,643.6,3942.5
120,644.1,3937.3
120,644.6,3935.2
120,645.09,3936.6
120,645.59,3942.2
120,646.09,3951.3
120,646.59,3959
120,647.09,3966.2
120,647.59,3979.3
120,648.09,3995.5
120,648.59,3997.3
120,649.09,4011
120,649.59,4029.3
120,650.09,4037.7
120,650.59,4036.7
120,651.09,4051.6
120,651.59,4069.2
120,652.09,4052.2
120,652.59,4041.3
120,653.09,4056.4
120,653.58,4077.6
120,654.08,4095.4
120,654.58,4109.2
120,655.08,4118.6
120,655.58,4123.2
120,656.08,4124.5
120,656.58,4124.3
120,657.08,4122.1
120,657.58,4118.7
120,658.08,4112.4
120,658.58,4103.7
120,659.08,4094.2
120,659.58,4085.6
120,660.08,4076.5
120,660.58,4068
120,661.08,4061.2
120,661.57,4057.1
120,662.07,4054.4
120,662.57,4052.6
120,663.07,4052.1
120,663.57,4051.7
120,664.07,4052
120,664.57,4051.8
120,665.07,4051.6
120,665.57,4050.5
120,666.07,4049.4
120,666.57,4048.4
120,667.07,4046.9
120,667.57,4044.2
120,668.07,4041
120,668.57,4036.9
120,669.07,4032.9
120,669.57,4028.6
120,670.06,4023.9
120,670.56,4018.4
120,671.06,4012.6
120,671.56,4006.7
120,672.06,4000.9
120,672.56,3996.1
120,673.06,3992.7
120,673.56,3989.7
120,674.06,3988.1
120,674.56,3985.6
120,675.06,3984.2
120,675.56,3983.7
120,676.06,3983.3
120,676.56,3984.3
120,677.06,3987.3
120,677.56,3991.5
120,678.06,3996.9
120,678.55,4003.2
120,679.05,4011
120,679.55,4019.3
120,680.05,4028.6
120,680.55,4038.4
120,681.05,4048.5
120,681.55,4059.6
120,682.05,4071
120,682.55,4082.4
120,683.05,4089.5
120,683.55,4093.4
120,684.05,4094.6
120,684.55,4093.7
120,685.05,4091.1
120,685.55,4086.9
120,686.05,4080.6
120,686.55,4073.2
120,687.04,4068.2
120,687.54,4061
120,688.04,4054.8
120,688.54,4048.4
120,689.04,4045
120,689.54,4044
120,690.04,4043.9
120,690.54,4044.5
120,691.04,4045.3
120,691.54,4046.5
120,692.04,4047.9
120,692.54,4050.4
120,693.04,4054.3
120,693.54,4057.8
120,694.04,4060
120,694.54,4061
120,695.04,4061.2
120,695.53,4060.3
120,696.03,4058.1
120,696.53,4055.3
120,697.03,4052.1
120,697.53,4048.2
120,698.03,4044.8
120,698.53,4041.1
120,699.03,4037.5
120,699.53,4034.3
120,700.03,4031.2
120,700.53,4028.6
120,701.03,4026.1
120,701.53,4025.1
120,702.03,4025
120,702.53,4024.7
120,703.03,4025.2
120,703.53,4024.8
120,704.02,4024.3
120,704.52,4024.6
120,705.02,4023.4
120,705.52,4021.4
120,706.02,4018.7
120,706.52,4014
120,707.02,4007.2
120,707.52,3999.8
120,708.02,3996.1
120,708.52,3995.9
120,709.02,3998.7
120,709.52,4003.5
120,710.02,4009.3
120,710.52,4013.8
120,711.02,4018
120,711.52,4022
120,712.02,4025.7
120,712.51,4028.7
120,713.01,4031.4
120,713.51,4032.4
120,714.01,4032
120,714.51,4030.7
120,715.01,4028.5
120,715.51,4027.7
120,716.01,4027.5
120,716.51,4026.2
120,717.01,4025.2
120,717.51,4023.4
120,718.01,4021.4
120,718.51,4019.6
120,719.01,4018.1
120,719.51,4016.9
120,720.01,4017.4
120,720.51,4018.9
120,721,4022.1
120,721.5,4026.6
120,722,4032.3
120,722.5,4039.5
120,723,4047.4
120,723.5,4055
120,724,4062.6
120,724.5,4070.1
120,725,4077.1
120,725.5,4079.8
120,726,4080.7
120,726.5,4080
120,727,4078.1
120,727.5,4077.1
120,728,4076.5
120,728.5,4076
120,729,4076.5
120,729.49,4077
120,729.99,4078.1
120,730.49,4080.4
120,730.99,4085.2
120,731.49,4091.1
120,731.99,4096.5
120,732.49,4103
120,732.99,4109.3
120,733.49,4114.6
120,733.99,4120.9
120,734.49,4126.6
120,734.99,4130
120,735.49,4132.6
120,735.99,4135.5
120,736.49,4137.8
120,736.99,4138.4
120,737.49,4137.7
120,737.98,4135.7
120,738.48,4132.1
120,738.98,4126.7
120,739.48,4121.4
120,739.98,4116.1
120,740.48,4110.8
120,740.98,4105.8
120,741.48,4100.9
120,741.98,4096.5
120,742.48,4094.7
120,742.98,4094.2
120,743.48,4094.9
120,743.98,4096.3
120,744.48,4100.4
120,744.98,4105.9
120,745.48,4113
120,745.97,4119.1
120,746.47,4126.9
120,746.97,4133
120,747.47,4140.1
120,747.97,4146.8
120,748.47,4151
120,748.97,4154.9
120,749.47,4158.9
120,749.97,4162.2
120,750.47,4164.9
120,750.97,4166.8
120,751.47,4168.5
120,751.97,4169.1
120,752.47,4168.6
120,752.97,4168.8
120,753.47,4170
120,753.97,4172.3
120,754.46,4176.1
120,754.96,4177.7
120,755.46,4175.7
120,755.96,4163.1
120,756.46,4156.5
120,756.96,4141.6
120,757.46,4122.5
120,757.96,4115.3
120,758.46,4125.1
120,758.96,4144
120,759.46,4174.8
120,759.96,4181.9
120,760.46,4185.5
120,760.96,4192.2
120,761.46,4194.2
120,761.96,4201.3
120,762.45,4206
120,762.95,4209.8
120,763.45,4209.9
120,763.95,4205.9
120,764.45,4199.6
120,764.95,4207.4
120,765.45,4221
120,765.95,4221.4
120,766.45,4219.2
120,766.95,4228.6
120,767.45,4239.1
120,767.95,4248.7
120,768.45,4257.4
120,768.95,4265.8
120,769.45,4272.4
120,769.95,4276.2
120,770.44,4265.3
120,770.94,4235.5
120,771.44,4211.7
120,771.94,4188.3
120,772.44,4184.5
120,772.94,4175.5
120,773.44,4148.8
120,773.94,4123.7
120,774.44,4099
120,774.94,4076.8
120,775.44,4084.3
120,775.94,4111.7
120,776.44,4140.6
120,776.94,4153.1
120,777.44,4155.6
120,777.94,4165.1
120,778.44,4175.5
120,778.93,4177.9
120,779.43,4177.1
120,779.93,4181.6
120,780.43,4183.6
120,780.93,4184.7
120,781.43,4187.5
120,781.93,4190.1
120,782.43,4192.6
120,782.93,4194.6
120,783.43,4195.4
120,783.93,4194.7
120,784.43,4191.9
120,784.93,4186.6
120,785.43,4179.5
120,785.93,4172.3
120,786.43,4163.6
120,786.92,4153.7
120,787.42,4142
120,787.92,4128
120,788.42,4110.9
120,788.92,4091
120,789.42,4071.6
120,789.92,4054.6
120,790.42,4039.5
120,790.92,4027.4
120,791.42,4021
120,791.92,4017.8
120,792.42,4014.1
120,792.92,4009.1
120,793.42,4000.9
120,793.92,3992
120,794.42,3983.8
120,794.92,3985.9
120,795.41,3981.9
120,795.91,3972.4
120,796.41,3957.3
120,796.91,3813.1
120,797.41,3751
120,797.91,3730
120,798.41,3774.5
120,798.91,3753
120,799.41,3706.5
120,799.91,3691.6
120,800.41,3725.7
120,800.91,3715.2
120,801.41,3695.9
120,801.91,3694.3
120,802.41,3696.6
120,802.91,3670.3
120,803.4,3650
120,803.9,3647.8
120,804.4,3654.1
120,804.9,3659.8
120,805.4,3679.2
120,805.9,3747.5
120,806.4,3838
120,806.9,3883
120,807.4,3918.9
120,807.9,3920
120,808.4,3916.3
120,808.9,3930.3
120,809.4,3940.9
120,809.9,3991.1
120,810.4,4062.3
120,810.9,4029.7
120,811.39,3988.6
120,811.89,4029.4
120,812.39,4070.6
120,812.89,4105.3
120,813.39,4123.6
120,813.89,4131.1
120,814.39,4129.5
120,814.89,4125.3
120,815.39,4121.6
120,815.89,4118
120,816.39,4118.4
120,816.89,4136.5
120,817.39,4146.5
120,817.89,4155.9
120,818.39,4165.3
120,818.89,4174.8
120,819.39,4183.4
120,819.88,4191.4
120,820.38,4200.2
120,820.88,4209.4
120,821.38,4216.7
120,821.88,4222.8
120,822.38,4227.6
120,822.88,4231.8
120,823.38,4235.2
120,823.88,4236.1
120,824.38,4234.5
120,824.88,4231.8
120,825.38,4227.2
120,825.88,4219.5
120,826.38,4211.4
120,826.88,4202.8
120,827.38,4193
120,827.87,4183.1
120,828.37,4173.3
120,828.87,4165.6
120,829.37,4160.7
120,829.87,4157.4
120,830.37,4151.6
120,830.87,4147
120,831.37,4146.4
120,831.87,4140.8
120,832.37,4171.3
120,832.87,4249.3
120,833.37,4285.5
120,833.87,4285.2
120,834.37,4303.4
120,834.87,4328.9
120,835.37,4329.9
120,835.86,4330.3
120,836.36,4327.9
120,836.86,4326.8
120,837.36,4324.6
120,837.86,4315.4
120,838.36,4284.9
120,838.86,4251.6
120,839.36,4227.6
120,839.86,4262.7
120,840.36,4299.7
120,840.86,4314.6
120,841.36,4313.7
120,841.86,4308.7
120,842.36,4303.1
120,842.86,4286.7
120,843.36,4252.7
120,843.86,4199.1
120,844.35,4137.1
120,844.85,4071.2
120,845.35,4050.5
120,845.85,4060.6
120,846.35,4064.5
120,846.85,4072.9
120,847.35,4103.7
120,847.85,4130
120,848.35,4135.7
120,848.85,4154.5
120,849.35,4165.6
120,849.85,4175.6
120,850.35,4183.4
120,850.85,4191.4
120,851.35,4198.7
120,851.85,4207.1
120,852.34,4214.5
120,852.84,4220.6
120,853.34,4228
120,853.84,4234.7
120,854.34,4240
120,854.84,4244.2
120,855.34,4248
120,855.84,4252.2
120,856.34,4257.5
120,856.84,4262
120,857.34,4265.2
120,857.84,4267.1
120,858.34,4267.3
120,858.84,4265.4
120,859.34,4261.7
120,859.84,4260
120,860.33,4261.7
120,860.83,4264.8
120,861.33,4261.2
120,861.83,4242.5
120,862.33,4248.9
120,862.83,4254
120,863.33,4247.6
120,863.83,4241.5
120,864.33,4220.4
120,864.83,4194.7
120,865.33,4168.9
120,865.83,4156.8
120,866.33,4146.1
120,866.83,4176.2
120,867.33,4184.2
120,867.83,4197.1
120,868.33,4196.1
120,868.82,4197.8
120,869.32,4208
120,869.82,4207
120,870.32,4212.6
120,870.82,4220
120,871.32,4210.7
120,871.82,4185
120,872.32,4168.9
120,872.82,4157.1
120,873.32,4150.5
120,873.82,4160.1
120,874.32,4157
120,874.82,4132.5
120,875.32,4117.8
120,875.82,4106.3
120,876.32,4086.4
120,876.81,4068.3
120,877.31,4052.9
120,877.81,4044.8
120,878.31,4045.8
120,878.81,4055.8
120,879.31,4067.1
120,879.81,4065.8
120,880.31,4059.1
120,880.81,4067.3
120,881.31,4092.3
120,881.81,4101
120,882.31,4085.6
120,882.81,4063.1
120,883.31,4048.2
120,883.81,4036.6
120,884.31,4028
120,884.8,4020.5
120,885.3,4014.1
120,885.8,4007.8
120,886.3,4003.1
120,886.8,3998.3
120,887.3,3994.9
120,887.8,3993.7
120,888.3,3992.8
120,888.8,3992.3
120,889.3,3991.4
120,889.8,3991.4
120,890.3,3991.3
120,890.8,3990.4
120,891.3,3986.7
120,891.8,3980.6
120,892.3,3972.8
120,892.8,3964.2
120,893.29,3955.1
120,893.79,3945.9
120,894.29,3937.2
120,894.79,3927.9
120,895.29,3919.6
120,895.79,3912.5
120,896.29,3908.8
120,896.79,3907.9
120,897.29,3910.5
120,897.79,3915
120,898.29,3921.5
120,898.79,3930.5
120,899.29,3941.6
120,899.79,3954.9
120,900.29,3970.3
120,900.78,3982.1
120,901.28,3989.2
120,901.78,3995.9
120,902.28,4004.4
120,902.78,4009.3
120,903.28,4008.6
120,903.78,4006
120,904.28,4005.3
120,904.78,4005.1
120,905.28,4006.6
120,905.78,4007.6
120,906.28,4008.2
120,906.78,4008.1
120,907.28,4008.2
120,907.78,4008.4
120,908.28,4009.8
120,908.77,4012.7
120,909.27,4017.6
120,909.77,4023.9
120,910.27,4030
120,910.77,4037.5
120,911.27,4046.7
120,911.77,4056.7
120,912.27,4067.5
120,912.77,4078.2
120,913.27,4087.9
120,913.77,4097.5
120,914.27,4107.4
120,914.77,4115.4
120,915.27,4121.4
120,915.77,4124.7
120,916.27,4126.9
120,916.76,4128
120,917.26,4127.8
120,917.76,4127
120,918.26,4125.9
120,918.76,4124.7
120,919.26,4121.3
120,919.76,4118.5
120,920.26,4116.1
120,920.76,4114.5
120,921.26,4113.1
120,921.76,4111.8
120,922.26,4111
120,922.76,4109.3
120,923.26,4106.9
120,923.76,4104.1
120,924.26,4101
120,924.75,4096.9
120,925.25,4092.3
120,925.75,4087.6
120,926.25,4082.4
120,926.75,4077.3
120,927.25,4073.3
120,927.75,4069.5
120,928.25,4067.3
120,928.75,4067.1
120,929.25,4068.2
120,929.75,4069.9
120,930.25,4072.5
120,930.75,4075.6
120,931.25,4079.3
120,931.75,4083.6
120,932.24,4088.3
120,932.74,4093.8
120,933.24,4098.4
120,933.74,4103
120,934.24,4105
120,934.74,4107
120,935.24,4108.9
120,935.74,4110.9
120,936.24,4112.3
120,936.74,4112.4
120,937.24,4110.9
120,937.74,4107.4
120,938.24,4102.7
120,938.74,4097
120,939.24,4092.1
120,939.74,4087
120,940.23,4082.3
120,940.73,4076.8
120,941.23,4072
120,941.73,4067.4
120,942.23,4062.8
120,942.73,4058.1
120,943.23,4054.3
120,943.73,4051.3
120,944.23,4049.3
120,944.73,4048.1
120,945.23,4048.1
120,945.73,4048.1
120,946.23,4048.6
120,946.73,4049
120,947.23,4050
120,947.73,4051
120,948.22,4051.9
120,948.72,4053.7
120,949.22,4054.8
120,949.72,4055.9
120,950.22,4057.1
120,950.72,4057.6
120,951.22,4059.1
120,951.72,4060.6
120,952.22,4062.2
120,952.72,4064.2
120,953.22,4066.1
120,953.72,4067.8
120,954.22,4070.5
120,954.72,4074
120,955.22,4077.4
120,955.72,4079.9
120,956.21,4082.2
120,956.71,4083.7
120,957.21,4084.8
120,957.71,4085.5
120,958.21,4085.7
120,958.71,4086.4
120,959.21,4087.3
120,959.71,4089.2
120,960.21,4090.7
120,960.71,4092.6
120,961.21,4094.5
120,961.71,4096.8
120,962.21,4099.6
120,962.71,4102.4
120,963.21,4104.2
120,963.7,4106.4
120,964.2,4109.6
120,964.7,4112.9
120,965.2,4117.9
120,965.7,4124.1
120,966.2,4132.2
120,966.7,4140.5
120,967.2,4146.4
120,967.7,4151.1
120,968.2,4155.6
120,968.7,4159.9
120,969.2,4163.1
120,969.7,4164.1
120,970.2,4163.3
120,970.7,4161.1
120,971.2,4158.5
120,971.69,4153.8
120,972.19,4148.6
120,972.69,4142.4
120,973.19,4135.4
120,973.69,4127.5
120,974.19,4119.6
120,974.69,4114
120,975.19,4112.9
120,975.69,4113.7
120,976.19,4115.8
120,976.69,4119.4
120,977.19,4124.6
120,977.69,4130.5
120,978.19,4135.5
120,978.69,4140.2
120,979.19,4146.3
120,979.68,4153.9
120,980.18,4162.1
120,980.68,4170.2
120,981.18,4177.1
120,981.68,4182.3
120,982.18,4185.7
120,982.68,4187.5
120,983.18,4190.6
120,983.68,4188
120,984.18,4189.1
120,984.68,4192.4
120,985.18,4191.9
120,985.68,4190.3
120,986.18,4190
120,986.68,4191
120,987.18,4185.3
120,987.67,4177.9
120,988.17,4170
120,988.67,4161.8
120,989.17,4153.5
120,989.67,4146.3
120,990.17,4140.1
120,990.67,4136.1
120,991.17,4134.2
120,991.67,4134.4
120,992.17,4137.6
120,992.67,4142.8
120,993.17,4151
120,993.67,4160.5
120,994.17,4171.9
120,994.67,4185.8
120,995.16,4201.3
120,995.66,4216.6
120,996.16,4231.1
120,996.66,4245.3
120,997.16,4258.1
120,997.66,4270.7
120,998.16,4282.7
120,998.66,4294.1
120,999.16,4304.3
120,999.66,4312.9
120,1000.16,4319.6
120,1000.66,4322.8
120,1001.16,4325.1
120,1001.66,4326.3
120,1002.16,4324.2
120,1002.66,4315.2
120,1003.15,4297.2
120,1003.65,4278.3
120,1004.15,4274.7
120,1004.65,4276.4
120,1005.15,4219.8
120,1005.65,4166.3
120,1006.15,4145.7
120,1006.65,4144.1
120,1007.15,4144.3
120,1007.65,4144.1
120,1008.15,4146.3
120,1008.65,4149.1
120,1009.15,4153.7
120,1009.65,4160.6
120,1010.15,4171.5
120,1010.65,4184.6
120,1011.14,4199.5
120,1011.64,4214.5
120,1012.14,4229
120,1012.64,4241.2
120,1013.14,4253.1
120,1013.64,4263.2
120,1014.14,4273
120,1014.64,4281.9
120,1015.14,4289.7
120,1015.64,4298.1
120,1016.14,4306.5
120,1016.64,4314.8
120,1017.14,4322.6
120,1017.64,4329.2
120,1018.14,4334.8
120,1018.64,4339.8
120,1019.13,4344.7
120,1019.63,4348.5
120,1020.13,4350.4
120,1020.63,4349.9
120,1021.13,4346.6
120,1021.63,4340.9
120,1022.13,4332.7
120,1022.63,4322.9
120,1023.13,4311.4
120,1023.63,4299.4
120,1024.13,4286.9
120,1024.63,4274.6
120,1025.13,4262.9
120,1025.63,4254.6
120,1026.13,4248.8
120,1026.62,4245.4
120,1027.12,4243.3
120,1027.62,4243.3
120,1028.12,4246.1
120,1028.62,4251.4
120,1029.12,4257.6
120,1029.62,4265.5
120,1030.12,4273.7
120,1030.62,4281.8
120,1031.12,4290.7
120,1031.62,4299.6
120,1032.12,4309.8
120,1032.62,4317.8
120,1033.12,4322
120,1033.62,4318.6
120,1034.12,4311.3
120,1034.61,4302.8
120,1035.11,4291.1
120,1035.61,4278.2
120,1036.11,4263.2
120,1036.61,4244.5
120,1037.11,4222.6
120,1037.61,4199.2
120,1038.11,4176.2
120,1038.61,4155.5
120,1039.11,4140
120,1039.61,4129.6
120,1040.11,4122.7
120,1040.61,4117.2
120,1041.11,4112.9
120,1041.61,4110.6
120,1042.11,4112.1
120,1042.6,4114.6
120,1043.1,4120
120,1043.6,4127
120,1044.1,4134.9
120,1044.6,4141.7
120,1045.1,4148.4
120,1045.6,4153.9
120,1046.1,4157.8
120,1046.6,4162.2
120,1047.1,4170.2
120,1047.6,4178.4
120,1048.1,4185.8
120,1048.6,4192.8
120,1049.1,4200.4
120,1049.6,4206.9
120,1050.09,4212.9
120,1050.59,4218.8
120,1051.09,4225.4
120,1051.59,4231.2
120,1052.09,4236.3
120,1052.59,4241.5
120,1053.09,4246.8
120,1053.59,4251
120,1054.09,4254.3
120,1054.59,4256.9
120,1055.09,4254.8
120,1055.59,4253.3
120,1056.09,4250.7
120,1056.59,4249.7
120,1057.09,4245.6
120,1057.58,4237.8
120,1058.08,4230.1
120,1058.58,4222.5
120,1059.08,4214.4
120,1059.58,4207.3
120,1060.08,4200.9
120,1060.58,4195
120,1061.08,4189
120,1061.58,4181.4
120,1062.08,4175.2
120,1062.58,4170.2
120,1063.08,4166.8
120,1063.58,4164.3
120,1064.08,4162.9
120,1064.58,4162.4
120,1065.07,4162.5
120,1065.57,4163.4
120,1066.07,4165.9
120,1066.57,4172
120,1067.07,4180.8
120,1067.57,4191
120,1068.07,4202.4
120,1068.57,4213.4
120,1069.07,4224.1
120,1069.57,4234.1
120,1070.07,4242.8
120,1070.57,4250.2
120,1071.07,4255.4
120,1071.57,4258.1
120,1072.07,4259.3
120,1072.56,4259.9
120,1073.06,4260.2
120,1073.56,4260.6
120,1074.06,4261.9
120,1074.56,4264
120,1075.06,4268
120,1075.56,4270.6
120,1076.06,4273.5
120,1076.56,4264
120,1077.06,4254.3
120,1077.56,4243.4
120,1078.06,4233.6
120,1078.56,4227.3
120,1079.06,4227.4
120,1079.56,4229.6
120,1080.05,4230.6
120,1080.55,4227.5
120,1081.05,4222.9
120,1081.55,4216.6
120,1082.05,4209.8
120,1082.55,4200.3
120,1083.05,4186.3
120,1083.55,4174.6
120,1084.05,4172.1
120,1084.55,4181
120,1085.05,4193.4
120,1085.55,4206.5
120,1086.05,4219.6
120,1086.55,4227.5
120,1087.05,4230.4
120,1087.55,4230.7
120,1088.04,4228.8
120,1088.54,4224.9
120,1089.04,4219.1
120,1089.54,4211.5
120,1090.04,4201.7
120,1090.54,4189.3
120,1091.04,4174.1
120,1091.54,4156.4
120,1092.04,4137.6
120,1092.54,4118.3
120,1093.04,4098.6
120,1093.54,4075.8
120,1094.04,4053.6
120,1094.54,4031.8
120,1095.04,4011.5
120,1095.53,3989.1
120,1096.03,3975.8
120,1096.53,3962.9
120,1097.03,3957.4
120,1097.53,3966.3
120,1098.03,4002.6
120,1098.53,4042
120,1099.03,4089.6
120,1099.53,4144.3
120,1100.03,4192.2
120,1100.53,4212.1
120,1101.03,4219.6
120,1101.53,4210.9
120,1102.03,4196.4
120,1102.53,4183.9
120,1103.02,4177.1
120,1103.52,4170.8
120,1104.02,4167.4
120,1104.52,4172.3
120,1105.02,4177.2
120,1105.52,4181.7
120,1106.02,4186.2
120,1106.52,4190.3
120,1107.02,4193.2
120,1107.52,4193.9
120,1108.02,4192.8
120,1108.52,4189.4
120,1109.02,4182
120,1109.52,4170.2
120,1110.02,4167.2
120,1110.51,4178.6
120,1111.01,4206.5
120,1111.51,4246.3
120,1112.01,4270.8
120,1112.51,4268.7
120,1113.01,4261.2
120,1113.51,4270.7
120,1114.01,4270.6
120,1114.51,4267.9
120,1115.01,4280.3
120,1115.51,4283.8
120,1116.01,4282
120,1116.51,4277.5
120,1117.01,4272.4
120,1117.51,4263.9
120,1118,4256.7
120,1118.5,4248.6
120,1119,4240
120,1119.5,4232.2
120,1120,4225.1
120,1120.5,4220
120,1121,4215.3
120,1121.5,4214
120,1122,4214.8
120,1122.5,4217.5
120,1123,4221.2
120,1123.5,4226.3
120,1124,4233.3
120,1124.5,4239.8
120,1125,4246.6
120,1125.5,4251.2
120,1125.99,4255.4
120,1126.49,4260.2
120,1126.99,4263.2
120,1127.49,4264
120,1127.99,4264.3
120,1128.49,4264.5
120,1128.99,4264.7
120,1129.49,4263.7
120,1129.99,4260.8
120,1130.49,4257.6
120,1130.99,4255.6
120,1131.49,4253.6
120,1131.99,4252.2
120,1132.49,4252.2
120,1132.99,4253.5
120,1133.48,4256.3
120,1133.98,4259.8
120,1134.48,4264.9
120,1134.98,4271.8
120,1135.48,4279.8
120,1135.98,4288.6
120,1136.48,4298.3
120,1136.98,4307.8
120,1137.48,4317.6
120,1137.98,4326.6
120,1138.48,4334
120,1138.98,4339.6
120,1139.48,4343.1
120,1139.98,4345.3
120,1140.48,4346.3
120,1140.97,4345.7
120,1141.47,4341.2
120,1141.97,4333.3
120,1142.47,4322.4
120,1142.97,4305.9
120,1143.47,4287.7
120,1143.97,4268.1
120,1144.47,4249.4
120,1144.97,4230.1
120,1145.47,4210.7
120,1145.97,4192
120,1146.47,4175.5
120,1146.97,4162
120,1147.47,4152
120,1147.97,4145.9
120,1148.46,4144.2
120,1148.96,4146.5
120,1149.46,4151.1
120,1149.96,4159.9
120,1150.46,4170.1
120,1150.96,4181.3
120,1151.46,4192.9
120,1151.96,4205.6
120,1152.46,4218.4
120,1152.96,4230.3
120,1153.46,4239.3
120,1153.96,4247.4
120,1154.46,4254.2
120,1154.96,4257.3
120,1155.46,4259.7
120,1155.95,4261.9
120,1156.45,4262.1
120,1156.95,4259.6
120,1157.45,4256.8
120,1157.95,4254.1
120,1158.45,4251.4
120,1158.95,4248.4
120,1159.45,4245.1
120,1159.95,4242.7
120,1160.45,4241.1
120,1160.95,4240.6
120,1161.45,4240.3
120,1161.95,4240.4
120,1162.45,4241
120,1162.95,4241.1
120,1163.44,4241.2
120,1163.94,4241.4
120,1164.44,4241.7
120,1164.94,4243
120,1165.44,4244.5
120,1165.94,4245.9
120,1166.44,4248
120,1166.94,4249.7
120,1167.44,4251.2
120,1167.94,4253.2
120,1168.44,4256.1
120,1168.94,4260.1
120,1169.44,4263.7
120,1169.94,4267.5
120,1170.44,4270.9
120,1170.94,4273.6
120,1171.43,4277
120,1171.93,4278.9
120,1172.43,4279.5
120,1172.93,4278.2
120,1173.43,4276.8
120,1173.93,4275.3
120,1174.43,4273.3
120,1174.93,4269.3
120,1175.43,4264.6
120,1175.93,4258.8
120,1176.43,4253.7
120,1176.93,4248
120,1177.43,4243.8
120,1177.93,4239.4
120,1178.43,4235.6
120,1178.92,4230.5
120,1179.42,4226
120,1179.92,4221.2
120,1180.42,4217
120,1180.92,4213.6
120,1181.42,4210
120,1181.92,4206.5
120,1182.42,4203.9
120,1182.92,4202.4
120,1183.42,4202
120,1183.92,4202.2
120,1184.42,4202.3
120,1184.92,4202.8
120,1185.42,4204.2
120,1185.92,4205.3
120,1186.41,4206.6
120,1186.91,4208.1
130,0,11.1
130,0.5,8.7
130,1,7.3
130,1.5,13.7
130,2,21.7
130,2.5,32.9
130,3,48.6
130,3.5,73
130,4,106.5
130,4.5,143.8
130,5,183
130,5.5,228.1
130,6,281.9
130,6.5,353.3
130,7,444.4
130,7.5,538.2
130,8,612.6
130,8.5,672.4
130,9,725.6
130,9.5,770.7
130,10,797.8
130,10.5,810.9
130,11,821.6
130,11.5,834.1
130,12,853
130,12.5,876
130,13,896.6
130,13.5,902.4
130,14,903.7
130,14.5,905.7
130,15,910.3
130,15.5,919.4
130,16,933.6
130,16.5,958.7
130,17,994.6
130,17.5,1033.1
130,18,1062.5
130,18.5,1091.5
130,19.01,1121.4
130,19.51,1150.2
130,20.01,1172.5
130,20.51,1192.4
130,21.01,1211.4
130,21.51,1232
130,22.01,1252.9
130,22.51,1271.9
130,23.01,1286.3
130,23.51,1299.4
130,24.01,1311
130,24.51,1322.6
130,25.01,1334.2
130,25.51,1344.8
130,26.01,1355.6
130,26.51,1366.9
130,27.01,1378.6
130,27.51,1391.1
130,28.01,1406.7
130,28.51,1425.3
130,29.01,1444.7
130,29.51,1459.1
130,30.01,1473
130,30.51,1486.6
130,31.01,1499.2
130,31.51,1508.7
130,32.01,1514.4
130,32.51,1517.1
130,33.01,1517
130,33.51,1515.8
130,34.01,1514.4
130,34.51,1515.7
130,35.01,1520.8
130,35.51,1526.3
130,36.01,1529.1
130,36.51,1529.3
130,37.01,1529.7
130,37.51,1530.3
130,38.01,1530.3
130,38.51,1530.4
130,39.01,1532.3
130,39.51,1537.3
130,40.01,1543.8
130,40.51,1551
130,41.01,1557.3
130,41.51,1561.3
130,42.01,1565.3
130,42.51,1582.2
130,43.01,1614.2
130,43.51,1631.9
130,44.01,1644.7
130,44.51,1660
130,45.01,1675.7
130,45.51,1690.3
130,46.01,1697.7
130,46.51,1699.5
130,47.01,1698
130,47.51,1697.1
130,48.01,1641.6
130,48.51,1593.5
130,49.01,1519.8
130,49.51,1436.3
130,50.01,1374
130,50.51,1338.2
130,51.01,1334.9
130,51.51,1327.3
130,52.01,1332.1
130,52.51,1344.4
130,53.01,1342.7
130,53.51,1349.4
130,54.01,1358.7
130,54.51,1371
130,55.01,1398.4
130,55.51,1437.5
130,56.01,1481.6
130,56.52,1528.4
130,57.02,1582.4
130,57.52,1619.4
130,58.02,1680.8
130,58.52,1740.1
130,59.02,1774.9
130,59.52,1799.1
130,60.02,1811.1
130,60.52,1816.5
130,61.02,1825.5
130,61.52,1835.9
130,62.02,1846
130,62.52,1852.9
130,63.02,1856.1
130,63.52,1860.8
130,64.02,1866.8
130,64.52,1870.4
130,65.02,1871.8
130,65.52,1872.3
130,66.02,1878.2
130,66.52,1892.7
130,67.02,1915.7
130,67.52,1926.1
130,68.02,1943.7
130,68.52,1990.2
130,69.02,2026.9
130,69.52,2035.3
130,70.02,2036.5
130,70.52,2036.1
130,71.02,2034.4
130,71.52,2031.7
130,72.02,1998.9
130,72.52,1939.2
130,73.02,1912.8
130,73.52,1902.1
130,74.02,1896.3
130,74.52,1892.2
130,75.02,1886.5
130,75.52,1881.3
130,76.02,1874.4
130,76.52,1869.6
130,77.02,1867.4
130,77.52,1866.2
130,78.02,1864.4
130,78.52,1862.2
130,79.02,1858.1
130,79.52,1852.9
130,80.02,1848.5
130,80.52,1846
130,81.02,1847
130,81.52,1848.2
130,82.02,1849.5
130,82.52,1851.4
130,83.02,1853.7
130,83.52,1853.9
130,84.02,1851.8
130,84.52,1850.2
130,85.02,1848
130,85.52,1846.6
130,86.02,1845.4
130,86.52,1842.9
130,87.02,1839.4
130,87.52,1836.9
130,88.02,1835.7
130,88.52,1835
130,89.02,1835
130,89.52,1833.1
130,90.02,1831.8
130,90.52,1826.3
130,91.02,1820.2
130,91.52,1809.6
130,92.02,1795.3
130,92.52,1793.4
130,93.02,1795.6
130,93.52,1795.5
130,94.02,1788.6
130,94.52,1779.3
130,95.02,1764.3
130,95.52,1752.9
130,96.02,1751.4
130,96.52,1753.6
130,97.01,1761.8
130,97.51,1771.2
130,98.01,1774.5
130,98.51,1776
130,99.01,1780.7
130,99.51,1787.2
130,100.01,1792.2
130,100.51,1795.1
130,101.01,1797.2
130,101.51,1798.6
130,102.01,1798.3
130,102.51,1790.4
130,103.01,1776.3
130,103.51,1757.8
130,104.01,1738.7
130,104.5,1724.6
130,105,1712.8
130,105.5,1696.8
130,106,1685.4
130,106.5,1673.4
130,107,1656.5
130,107.5,1636
130,108,1619.5
130,108.5,1608.8
130,109,1594.6
130,109.5,1575.6
130,110,1558
130,110.5,1544.2
130,111,1538.5
130,111.5,1540.4
130,111.99,1543.7
130,112.49,1545.9
130,112.99,1550.1
130,113.49,1561.1
130,113.99,1576.5
130,114.49,1589
130,114.99,1595.2
130,115.49,1597.6
130,115.99,1600.1
130,116.49,1601.6
130,116.99,1596.9
130,117.49,1582
130,117.99,1565.6
130,118.49,1554.6
130,118.99,1532.3
130,119.48,1583.9
130,119.98,1590.9
130,120.48,1589.6
130,120.98,1588.1
130,121.48,1584.8
130,121.98,1583
130,122.48,1580.1
130,122.98,1573.8
130,123.48,1566.2
130,123.98,1561
130,124.48,1557.9
130,124.98,1553.3
130,125.48,1545.5
130,125.98,1551.1
130,126.48,1552.3
130,126.97,1550.1
130,127.47,1541.3
130,127.97,1521
130,128.47,1494.9
130,128.97,1482.4
130,129.47,1458.6
130,129.97,1438.1
130,130.47,1400.6
130,130.97,1357.2
130,131.47,1316
130,131.97,1278.2
130,132.47,1244.1
130,132.97,1213
130,133.47,1185.4
130,133.97,1154
130,134.46,1103.9
130,134.96,1012.5
130,135.46,915.5
130,135.96,823.2
130,136.46,736.6
130,136.96,654.9
130,137.46,568.7
130,137.96,484.2
130,138.46,413.8
130,138.96,360.3
130,139.46,337.1
130,139.96,332.6
130,140.46,323.2
130,140.96,310.6
130,141.46,302.8
130,141.95,299.4
130,142.45,298.1
130,142.95,296.5
130,143.45,293.2
130,143.95,280.9
130,144.45,260
130,144.95,238.2
130,145.45,215.9
130,145.95,191.9
130,146.45,166.9
130,146.95,136.9
130,147.45,111.2
130,147.95,87.8
130,148.45,67.2
130,148.95,50.3
130,149.44,37.3
130,149.94,23.1
130,150.44,14
130,150.94,11
130,151.44,4.3
130,151.94,0
130,152.44,0
130,152.94,0
130,153.44,0
130,153.94,0
130,154.44,0
130,154.94,0
130,155.44,0
130,155.94,0
130,156.43,0
130,156.93,0
130,157.43,0
130,157.93,0
130,158.43,0
130,158.93,0
130,159.43,0
130,159.93,0
130,160.43,0
130,160.93,0
130,161.43,0
130,161.93,0
130,162.43,0
130,162.93,0
130,163.43,0
130,163.92,0
130,164.42,0
130,164.92,0
130,165.42,0
130,165.92,0
130,166.42,0
130,166.92,0
130,167.42,0
130,167.92,0
130,168.42,0
130,168.92,0
130,169.42,0
130,169.92,0
130,170.42,0
130,170.92,0
130,171.41,0
130,171.91,0
130,172.41,0
130,172.91,0
130,173.41,0
130,173.91,0
130,174.41,0
130,174.91,0
130,175.41,0
130,175.91,0
130,176.41,0
130,176.91,0
130,177.41,0
130,177.91,0
130,178.41,0
130,178.9,0
130,179.4,0
130,179.9,0
130,180.4,0
130,180.9,0
130,181.4,0
130,181.9,0
130,182.4,0
130,182.9,0
130,183.4,0
130,183.9,0
130,184.4,0
130,184.9,0
130,185.4,0
130,185.9,0
130,186.39,0
130,186.89,0
130,187.39,0
130,187.89,0
130,188.39,0
130,188.89,0
130,189.39,0
130,189.89,0
130,190.39,0
130,190.89,0
130,191.39,0
130,191.89,0
130,192.39,0
130,192.89,0
130,193.39,0
130,193.88,0
130,194.38,0
130,194.88,0
130,195.38,0
130,195.88,0
130,196.38,0
130,196.88,0
130,197.38,0
130,197.88,0
130,198.38,0
130,198.88,0
130,199.38,0
130,199.88,0
130,200.38,0
130,200.88,0
130,201.37,0
130,201.87,0
130,202.37,0
130,202.87,0
130,203.37,0
130,203.87,0
130,204.37,0
130,204.87,0
130,205.37,0
130,205.87,0
130,206.37,0
130,206.87,0
130,207.37,0
130,207.87,0
130,208.37,0
130,208.86,0
130,209.36,0
130,209.86,0
130,210.36,0
130,210.86,0
130,211.36,0
130,211.86,0
130,212.36,0
130,212.86,0
130,213.36,0
130,213.86,0
130,214.36,0
130,214.86,0
130,215.36,0
130,215.86,0
130,216.35,0
130,216.85,0
130,217.35,0
130,217.85,0
130,218.35,0
130,218.85,0
130,219.35,0
130,219.85,0
130,220.35,0
130,220.85,0
130,221.35,0
130,221.85,0
130,222.35,0
130,222.85,0
130,223.35,0
130,223.84,0
130,224.34,0
130,224.84,0
130,225.34,0
130,225.84,0
130,226.34,0
130,226.84,0
130,227.34,0
130,227.84,0
130,228.34,0
130,228.84,0
130,229.34,0
130,229.84,0
130,230.34,0
130,230.84,0
130,231.33,0
130,231.83,0
130,232.33,0
130,232.83,0
130,233.33,0
130,233.83,0
130,234.33,0
130,234.83,0
130,235.33,0
130,235.83,0
130,236.33,0
130,236.83,0
130,237.33,0
130,237.83,0
130,238.33,0
130,238.82,0
130,239.32,0
130,239.82,0
130,240.32,0
130,240.82,0
130,241.32,0
130,241.82,0
130,242.32,0
130,242.82,0
130,243.32,0
130,243.82,0
130,244.32,0
130,244.82,0
130,245.32,0
130,245.82,0
130,246.31,0
130,246.81,0
130,247.31,0
130,247.81,0
130,248.31,0
130,248.81,0
130,249.31,0
130,249.81,0
130,250.31,0
130,250.81,0
130,251.31,0
130,251.81,0
130,252.31,0
130,252.81,0
130,253.31,0
130,253.8,0
130,254.3,0
130,254.8,0
130,255.3,0
130,255.8,0
130,256.3,0
130,256.8,0
130,257.3,0
130,257.8,0
130,258.3,0
130,258.8,0
130,259.3,0
130,259.8,0
130,260.3,0
130,260.8,0.4
130,261.29,1.5
130,261.79,6.9
130,262.29,12.4
130,262.79,15.6
130,263.29,18.6
130,263.79,21.3
130,264.29,25.3
130,264.79,29.3
130,265.29,33.3
130,265.79,36.6
130,266.29,39.1
130,266.79,43.1
130,267.29,46
130,267.79,49.8
130,268.29,52.5
130,268.78,53.5
130,269.28,54.7
130,269.78,55.7
130,270.28,55.9
130,270.78,56.7
130,271.28,56.7
130,271.78,57.2
130,272.28,57.6
130,272.78,57
130,273.28,57
130,273.78,56.5
130,274.28,55.5
130,274.78,55.6
130,275.28,54.7
130,275.78,54.5
130,276.27,55.3
130,276.77,56.1
130,277.27,56.9
130,277.77,57.8
130,278.27,58.6
130,278.77,59.1
130,279.27,59.9
130,279.77,60.7
130,280.27,62.3
130,280.77,63.6
130,281.27,64
130,281.77,64.8
130,282.27,65
130,282.77,65
130,283.27,65
130,283.76,65.6
130,284.26,65.8
130,284.76,66.5
130,285.26,68.1
130,285.76,69.8
130,286.26,70.6
130,286.76,71.6
130,287.26,72.3
130,287.76,73
130,288.26,73.4
130,288.76,73.3
130,289.26,73
130,289.76,73
130,290.26,73.5
130,290.76,74.2
130,291.26,74.5
130,291.76,75.4
130,292.26,76.2
130,292.76,76.9
130,293.26,78.2
130,293.76,79.5
130,294.26,80.7
130,294.76,81.9
130,295.26,81
130,295.76,80.6
130,296.26,80.9
130,296.76,81.2
130,297.26,81.3
130,297.76,81.3
130,298.26,81.2
130,298.76,80.7
130,299.26,80.1
130,299.76,80.7
130,300.26,82
130,300.76,83.2
130,301.26,84.4
130,301.76,84
130,302.26,83.9
130,302.76,83.3
130,303.26,84.5
130,303.76,85.7
130,304.26,86.9
130,304.76,87.3
130,305.26,87.4
130,305.76,87.2
130,306.26,87
130,306.76,87.2
130,307.26,87.9
130,307.76,87.7
130,308.26,86.9
130,308.76,86
130,309.26,85
130,309.76,84.1
130,310.26,86.6
130,310.76,89
130,311.26,90.8
130,311.76,91.5
130,312.26,92.7
130,312.76,92.8
130,313.26,93
130,313.76,93.5
130,314.26,94.2
130,314.76,94
130,315.26,93.3
130,315.76,92.4
130,316.26,91.9
130,316.76,92
130,317.26,91
130,317.76,91.1
130,318.26,91.2
130,318.76,91.4
130,319.26,91.4
130,319.76,90.3
130,320.26,87.5
130,320.76,85
130,321.26,83.4
130,321.76,83.3
130,322.26,82.7
130,322.76,82.8
130,323.26,82.9
130,323.76,83.6
130,324.26,84.9
130,324.76,89.3
130,325.26,94.3
130,325.76,98.7
130,326.26,102.2
130,326.76,102.1
130,327.26,99.9
130,327.76,95.2
130,328.26,90.4
130,328.76,84.9
130,329.26,80.8
130,329.76,80.4
130,330.26,82
130,330.76,83.7
130,331.26,84.6
130,331.76,86.2
130,332.26,87.7
130,332.76,90.2
130,333.26,91.9
130,333.76,93.3
130,334.26,94.4
130,334.76,94.5
130,335.26,92.5
130,335.76,90.1
130,336.26,88.9
130,336.76,88.4
130,337.26,88.6
130,337.76,88.9
130,338.26,90
130,338.76,90.2
130,339.26,90.4
130,339.76,89.7
130,340.26,89.5
130,340.76,89.4
130,341.26,89.4
130,341.76,88.7
130,342.26,86.9
130,342.76,84.9
130,343.26,81.7
130,343.76,78.1
130,344.26,74
130,344.76,71.1
130,345.26,74.5
130,345.76,78.3
130,346.26,82.1
130,346.76,84.4
130,347.26,87.5
130,347.76,89.7
130,348.26,96.2
130,348.76,107.3
130,349.26,119.7
130,349.76,129.9
130,350.26,141.6
130,350.76,156.7
130,351.26,174.5
130,351.76,192.6
130,352.26,211.5
130,352.76,229.4
130,353.26,243.2
130,353.76,261
130,354.26,285.2
130,354.76,314.9
130,355.26,350.4
130,355.76,391
130,356.26,432
130,356.76,460.6
130,357.26,479.2
130,357.76,495
130,358.26,508.2
130,358.76,525.1
130,359.26,545.4
130,359.76,565.9
130,360.26,576.7
130,360.76,584.5
130,361.26,592.5
130,361.76,602
130,362.26,611.7
130,362.76,611.5
130,363.26,603.1
130,363.76,605.5
130,364.26,615.7
130,364.76,629.4
130,365.26,643.9
130,365.76,661.5
130,366.25,680.9
130,366.75,708.4
130,367.25,739.7
130,367.75,777.1
130,368.25,812.7
130,368.75,832.3
130,369.25,839.3
130,369.75,843.8
130,370.25,848.5
130,370.75,861
130,371.25,884.3
130,371.75,907.1
130,372.25,931.7
130,372.75,954.5
130,373.25,970.5
130,373.75,990.4
130,374.25,1007.8
130,374.75,1056
130,375.25,1114.8
130,375.75,1164.5
130,376.25,1207.1
130,376.75,1249.5
130,377.25,1284.5
130,377.75,1316
130,378.25,1351.3
130,378.75,1383.1
130,379.25,1409.1
130,379.75,1444.1
130,380.25,1447.9
130,380.75,1447.5
130,381.25,1445.3
130,381.75,1454.5
130,382.25,1506.1
130,382.75,1483.5
130,383.25,1403.3
130,383.75,1341.8
130,384.25,1270.9
130,384.75,1219.8
130,385.25,1238.1
130,385.75,1301.1
130,386.25,1348.2
130,386.75,1395.4
130,387.25,1440.7
130,387.75,1495.1
130,388.25,1552.8
130,388.75,1601.9
130,389.25,1639
130,389.75,1671.3
130,390.25,1713.2
130,390.75,1737.3
130,391.25,1746.5
130,391.75,1754.3
130,392.25,1766.4
130,392.75,1781.8
130,393.25,1798.5
130,393.75,1805.7
130,394.25,1807.5
130,394.75,1813.9
130,395.25,1827
130,395.75,1852
130,396.25,1888
130,396.75,1912.2
130,397.25,1921.8
130,397.75,1932.2
130,398.25,1960.7
130,398.75,1989.4
130,399.25,2015.5
130,399.75,2040.3
130,400.25,2066.9
130,400.75,2093.2
130,401.25,2114.3
130,401.75,2139.3
130,402.25,2165.3
130,402.75,2178.2
130,403.25,2187.1
130,403.75,2198.4
130,404.25,2213.2
130,404.75,2231
130,405.25,2253
130,405.75,2271.8
130,406.25,2310.3
130,406.75,2351.1
130,407.25,2386.2
130,407.75,2424
130,408.25,2464.1
130,408.75,2506.5
130,409.25,2551.6
130,409.75,2591.4
130,410.25,2631.8
130,410.75,2692
130,411.25,2751.2
130,411.75,2797.9
130,412.24,2822.4
130,412.74,2834.8
130,413.24,2852.8
130,413.74,2855.5
130,414.24,2817.8
130,414.74,2797.8
130,415.24,2809.9
130,415.74,2854.2
130,416.24,2941.3
130,416.74,3031
130,417.24,3129.9
130,417.74,3242.2
130,418.24,3355.6
130,418.74,3448.2
130,419.24,3523.8
130,419.74,3570.5
130,420.23,3597.7
130,420.73,3616.7
130,421.23,3631.7
130,421.73,3643.3
130,422.23,3653.7
130,422.73,3664.9
130,423.23,3674.2
130,423.73,3679.1
130,424.23,3676.1
130,424.73,3668.2
130,425.23,3658.5
130,425.73,3645.7
130,426.23,3647.5
130,426.73,3669.2
130,427.23,3646.2
130,427.73,3630.6
130,428.23,3635.5
130,428.72,3646.9
130,429.22,3651
130,429.72,3653.2
130,430.22,3659.2
130,430.72,3668.8
130,431.22,3683
130,431.72,3695.5
130,432.22,3708.4
130,432.72,3722.7
130,433.22,3725.1
130,433.72,3697
130,434.22,3686.7
130,434.72,3678.3
130,435.22,3657
130,435.72,3629.2
130,436.22,3602.4
130,436.71,3567.7
130,437.21,3539.2
130,437.71,3530
130,438.21,3512.1
130,438.71,3499.2
130,439.21,3495.2
130,439.71,3492.9
130,440.21,3494.3
130,440.71,3491.6
130,441.21,3486.6
130,441.71,3481.8
130,442.21,3478
130,442.71,3472.9
130,443.21,3467.8
130,443.71,3462.1
130,444.21,3466.7
130,444.71,3473.5
130,445.2,3467.5
130,445.7,3451.7
130,446.2,3445.3
130,446.7,3439.8
130,447.2,3423.7
130,447.7,3405.7
130,448.2,3396.1
130,448.7,3400
130,449.2,3403.3
130,449.7,3394.1
130,450.2,3393.4
130,450.7,3397.7
130,451.2,3386.8
130,451.7,3383.2
130,452.2,3390.6
130,452.7,3379.3
130,453.19,3354.5
130,453.69,3338
130,454.19,3355.6
130,454.69,3405.4
130,455.19,3452.1
130,455.69,3463.3
130,456.19,3440.7
130,456.69,3442.6
130,457.19,3461.5
130,457.69,3488.3
130,458.19,3509
130,458.69,3520.9
130,459.19,3517.7
130,459.69,3522.6
130,460.19,3516.5
130,460.69,3509.3
130,461.19,3513.8
130,461.68,3525.3
130,462.18,3533
130,462.68,3535.2
130,463.18,3520.8
130,463.68,3517.3
130,464.18,3523.4
130,464.68,3513
130,465.18,3493.8
130,465.68,3453.6
130,466.18,3442.4
130,466.68,3447.6
130,467.18,3458
130,467.68,3490.7
130,468.18,3521
130,468.68,3537.9
130,469.18,3541.5
130,469.67,3533.5
130,470.17,3523.4
130,470.67,3514
130,471.17,3501.8
130,471.67,3481.1
130,472.17,3474.5
130,472.67,3481.1
130,473.17,3498.7
130,473.67,3512.2
130,474.17,3525.5
130,474.67,3543.2
130,475.17,3568.5
130,475.67,3576.9
130,476.17,3567
130,476.67,3558.4
130,477.17,3564.2
130,477.67,3568.8
130,478.16,3565.6
130,478.66,3565.8
130,479.16,3566.3
130,479.66,3566.1
130,480.16,3562.5
130,480.66,3557
130,481.16,3556.1
130,481.66,3562.9
130,482.16,3574.9
130,482.66,3608.1
130,483.16,3630.5
130,483.66,3633.6
130,484.16,3632.2
130,484.66,3633.7
130,485.16,3634.1
130,485.66,3681.7
130,486.16,3806.8
130,486.65,3856.1
130,487.15,3895.4
130,487.65,3926.8
130,488.15,3946.8
130,488.65,3955.4
130,489.15,3948.3
130,489.65,3924.4
130,490.15,3900
130,490.65,3888.7
130,491.15,3869.6
130,491.65,3841.3
130,492.15,3814
130,492.65,3797.4
130,493.15,3793.1
130,493.65,3810
130,494.15,3842.3
130,494.64,3872.7
130,495.14,3900.1
130,495.64,3920.1
130,496.14,3929.9
130,496.64,3934.9
130,497.14,3943.3
130,497.64,3946.9
130,498.14,3942.4
130,498.64,3924.4
130,499.14,3896.1
130,499.64,3883.6
130,500.14,3858.5
130,500.64,3840.4
130,501.14,3805.4
130,501.64,3758
130,502.14,3718.2
130,502.64,3686.8
130,503.13,3680
130,503.63,3682.3
130,504.13,3686.7
130,504.63,3690.4
130,505.13,3698.6
130,505.63,3711.1
130,506.13,3719.6
130,506.63,3719.7
130,507.13,3711.8
130,507.63,3705
130,508.13,3714.2
130,508.63,3719.8
130,509.13,3720.7
130,509.63,3725.1
130,510.13,3739.9
130,510.63,3733.5
130,511.12,3744.2
130,511.62,3755.1
130,512.12,3760.3
130,512.62,3764.3
130,513.12,3766.5
130,513.62,3766.8
130,514.12,3766.3
130,514.62,3763.6
130,515.12,3759.8
130,515.62,3757.8
130,516.12,3755.9
130,516.62,3754.9
130,517.12,3755.6
130,517.62,3756.4
130,518.12,3757.5
130,518.62,3759.8
130,519.12,3763.2
130,519.61,3767
130,520.11,3768.5
130,520.61,3766.4
130,521.11,3760.5
130,521.61,3752.5
130,522.11,3742.7
130,522.61,3731.7
130,523.11,3720.6
130,523.61,3711.3
130,524.11,3707.6
130,524.61,3708.8
130,525.11,3711.4
130,525.61,3715.1
130,526.11,3718.8
130,526.61,3723.3
130,527.11,3726.6
130,527.6,3729.8
130,528.1,3732.3
130,528.6,3734.5
130,529.1,3737.1
130,529.6,3739.1
130,530.1,3741.6
130,530.6,3748.1
130,531.1,3755.1
130,531.6,3760.6
130,532.1,3763.8
130,532.6,3765.2
130,533.1,3766.6
130,533.6,3767.5
130,534.1,3766.9
130,534.6,3768
130,535.1,3767
130,535.6,3762.8
130,536.09,3766.1
130,536.59,3768.9
130,537.09,3771.9
130,537.59,3778.4
130,538.09,3786.7
130,538.59,3786.3
130,539.09,3779.8
130,539.59,3774.8
130,540.09,3786.3
130,540.59,3795.4
130,541.09,3793.9
130,541.59,3800.6
130,542.09,3805.7
130,542.59,3793.1
130,543.09,3775.8
130,543.59,3782.1
130,544.08,3801.4
130,544.58,3804.7
130,545.08,3800.1
130,545.58,3795
130,546.08,3793.6
130,546.58,3796.8
130,547.08,3805.5
130,547.58,3813.7
130,548.08,3818.8
130,548.58,3812.7
130,549.08,3820.7
130,549.58,3836.6
130,550.08,3853.9
130,550.58,3860.7
130,551.08,3851.5
130,551.58,3830.9
130,552.08,3807
130,552.57,3812.3
130,553.07,3819.4
130,553.57,3818
130,554.07,3814.8
130,554.57,3812.1
130,555.07,3808
130,555.57,3809.9
130,556.07,3818.4
130,556.57,3817.2
130,557.07,3814.8
130,557.57,3819.3
130,558.07,3824.3
130,558.57,3824.1
130,559.07,3823.9
130,559.57,3820.3
130,560.07,3812
130,560.56,3803.4
130,561.06,3806.3
130,561.56,3813.7
130,562.06,3822.9
130,562.56,3830.1
130,563.06,3836.4
130,563.56,3834.3
130,564.06,3823.8
130,564.56,3820.4
130,565.06,3830.9
130,565.56,3845.9
130,566.06,3854
130,566.56,3858.6
130,567.06,3866.6
130,567.56,3871.2
130,568.06,3873.1
130,568.55,3872.4
130,569.05,3874.5
130,569.55,3875
130,570.05,3868.5
130,570.55,3871.1
130,571.05,3870.1
130,571.55,3861.1
130,572.05,3844.7
130,572.55,3833.4
130,573.05,3833.1
130,573.55,3833.6
130,574.05,3834.3
130,574.55,3835.3
130,575.05,3836.3
130,575.55,3829.5
130,576.05,3822.6
130,576.54,3819.2
130,577.04,3823.1
130,577.54,3826.4
130,578.04,3820
130,578.54,3819.3
130,579.04,3820.1
130,579.54,3821.5
130,580.04,3838.8
130,580.54,3845.9
130,581.04,3846
130,581.54,3839.9
130,582.04,3821.6
130,582.54,3814.2
130,583.04,3814.3
130,583.54,3817.5
130,584.04,3824.2
130,584.53,3823.4
130,585.03,3817.8
130,585.53,3827.8
130,586.03,3828.1
130,586.53,3820.4
130,587.03,3824.2
130,587.53,3833.3
130,588.03,3845.3
130,588.53,3855.5
130,589.03,3865.6
130,589.53,3872.3
130,590.03,3873.1
130,590.53,3870.3
130,591.03,3867.3
130,591.53,3865
130,592.03,3864.1
130,592.52,3861.6
130,593.02,3858.6
130,593.52,3855.7
130,594.02,3854
130,594.52,3853.3
130,595.02,3852.6
130,595.52,3850.5
130,596.02,3847.5
130,596.52,3844.1
130,597.02,3840.2
130,597.52,3836.3
130,598.02,3831.8
130,598.52,3827.8
130,599.02,3823.5
130,599.52,3820.2
130,600.02,3818.4
130,600.51,3818.6
130,601.01,3823.4
130,601.51,3829.6
130,602.01,3837.2
130,602.51,3838.7
130,603.01,3839.9
130,603.51,3849.9
130,604.01,3859
130,604.51,3862.6
130,605.01,3857.5
130,605.51,3837.2
130,606.01,3800.9
130,606.51,3759.3
130,607.01,3729.1
130,607.51,3715.4
130,608.01,3709.9
130,608.5,3705.2
130,609,3714.9
130,609.5,3746.6
130,610,3800.8
130,610.5,3835.8
130,611,3834
130,611.5,3816.9
130,612,3790
130,612.5,3757.1
130,613,3738.4
130,613.5,3737.2
130,614,3741
130,614.5,3758.6
130,615,3775.5
130,615.5,3799.9
130,616,3824.9
130,616.49,3824.2
130,616.99,3822.2
130,617.49,3818.7
130,617.99,3808.9
130,618.49,3796.7
130,618.99,3786.1
130,619.49,3772
130,619.99,3760.9
130,620.49,3750
130,620.99,3741
130,621.49,3733
130,621.99,3728.8
130,622.49,3724.1
130,622.99,3720.5
130,623.49,3724.3
130,623.99,3736.6
130,624.48,3754.1
130,624.98,3778.1
130,625.48,3805.2
130,625.98,3829.8
130,626.48,3847.6
130,626.98,3853.1
130,627.48,3850.4
130,627.98,3842.1
130,628.48,3831.5
130,628.98,3820.4
130,629.48,3813
130,629.98,3808.3
130,630.48,3803
130,630.98,3795.9
130,631.48,3793.4
130,631.98,3793.3
130,632.47,3797.1
130,632.97,3806.6
130,633.47,3826.4
130,633.97,3848.6
130,634.47,3869.8
130,634.97,3885.3
130,635.47,3898.1
130,635.97,3907.4
130,636.47,3912.4
130,636.97,3913.2
130,637.47,3918.3
130,637.97,3920.2
130,638.47,3922.3
130,638.97,3918.7
130,639.47,3913.4
130,639.97,3913.3
130,640.46,3880
130,640.96,3821.1
130,641.46,3787.2
130,641.96,3790.3
130,642.46,3796.5
130,642.96,3803.6
130,643.46,3808.6
130,643.96,3812.4
130,644.46,3813.6
130,644.96,3792.9
130,645.46,3708.8
130,645.96,3717.1
130,646.46,3718.4
130,646.96,3726
130,647.46,3733.2
130,647.96,3740.1
130,648.45,3745.7
130,648.95,3752.3
130,649.45,3756.1
130,649.95,3760.6
130,650.45,3762.7
130,650.95,3765.9
130,651.45,3768.5
130,651.95,3769.8
130,652.45,3768.3
130,652.95,3765.4
130,653.45,3762.7
130,653.95,3762
130,654.45,3762.6
130,654.95,3767.2
130,655.45,3772.4
130,655.95,3777.4
130,656.44,3782.8
130,656.94,3787.4
130,657.44,3790.5
130,657.94,3792.6
130,658.44,3793.8
130,658.94,3794
130,659.44,3794
130,659.94,3794.3
130,660.44,3793.7
130,660.94,3792.8
130,661.44,3791.2
130,661.94,3790.2
130,662.44,3790.7
130,662.94,3794.9
130,663.44,3805
130,663.94,3820
130,664.43,3834.4
130,664.93,3846.7
130,665.43,3854.7
130,665.93,3855.7
130,666.43,3853.3
130,666.93,3850.3
130,667.43,3846.7
130,667.93,3842.2
130,668.43,3838.5
130,668.93,3838.2
130,669.43,3842.3
130,669.93,3847.3
130,670.43,3856.7
130,670.93,3868.2
130,671.43,3869.1
130,671.93,3851.1
130,672.42,3848.7
130,672.92,3928
130,673.42,4008.5
130,673.92,4035.3
130,674.42,4045.2
130,674.92,4037.3
130,675.42,4014
130,675.92,3993
130,676.42,3972.5
130,676.92,3960.3
130,677.42,3954.6
130,677.92,3952.1
130,678.42,3951.7
130,678.92,3951
130,679.42,3950.7
130,679.92,3947.6
130,680.41,3941.6
130,680.91,3934.8
130,681.41,3927.3
130,681.91,3920.8
130,682.41,3915.4
130,682.91,3912.2
130,683.41,3909.5
130,683.91,3908.8
130,684.41,3909.6
130,684.91,3911.6
130,685.41,3913.9
130,685.91,3915.6
130,686.41,3917.3
130,686.91,3919.1
130,687.41,3920
130,687.91,3918.9
130,688.4,3917.5
130,688.9,3916
130,689.4,3913.7
130,689.9,3911.4
130,690.4,3909.6
130,690.9,3908.8
130,691.4,3908.9
130,691.9,3910.7
130,692.4,3912.9
130,692.9,3916.8
130,693.4,3922.2
130,693.9,3928.4
130,694.4,3934.9
130,694.9,3942.6
130,695.4,3950.6
130,695.9,3958.8
130,696.39,3964.9
130,696.89,3970.2
130,697.39,3975.9
130,697.89,3983
130,698.39,3992
130,698.89,4004.4
130,699.39,4016.5
130,699.89,4027.8
130,700.39,4036.5
130,700.89,4040.8
130,701.39,4037.9
130,701.89,4033.4
130,702.39,4030.6
130,702.89,4028.3
130,703.39,4027.7
130,703.89,4027.4
130,704.38,4028.2
130,704.88,4029.2
130,705.38,4028.4
130,705.88,4026.1
130,706.38,4023.5
130,706.88,4019.5
130,707.38,4014.2
130,707.88,4008.5
130,708.38,4002.6
130,708.88,3993.1
130,709.38,3982.2
130,709.88,3968.9
130,710.38,3956.4
130,710.88,3944.5
130,711.38,3934.1
130,711.87,3925.3
130,712.37,3918.1
130,712.87,3912
130,713.37,3908
130,713.87,3904.1
130,714.37,3899.9
130,714.87,3895.8
130,715.37,3891.9
130,715.87,3887.1
130,716.37,3881.6
130,716.87,3874.8
130,717.37,3868.3
130,717.87,3862.3
130,718.37,3861.5
130,718.87,3858.2
130,719.36,3865.7
130,719.86,3889.8
130,720.36,3907.8
130,720.86,3904.2
130,721.36,3920
130,721.86,3932.5
130,722.36,3935.3
130,722.86,3935.8
130,723.36,3935.1
130,723.86,3934.1
130,724.36,3933.1
130,724.86,3931.1
130,725.36,3930
130,725.86,3928.6
130,726.36,3927.6
130,726.86,3927.4
130,727.35,3925.5
130,727.85,3923.1
130,728.35,3916.5
130,728.85,3909.7
130,729.35,3901.8
130,729.85,3892.4
130,730.35,3878.5
130,730.85,3860.4
130,731.35,3841.6
130,731.85,3822.6
130,732.35,3802.4
130,732.85,3781.4
130,733.35,3760.6
130,733.85,3740.7
130,734.35,3722.8
130,734.84,3705.6
130,735.34,3686.7
130,735.84,3663.7
130,736.34,3635
130,736.84,3601.8
130,737.34,3565.4
130,737.84,3525
130,738.34,3485.6
130,738.84,3446.3
130,739.34,3404.9
130,739.84,3358
130,740.34,3297.9
130,740.84,3231.8
130,741.34,3159.4
130,741.84,3083.9
130,742.34,2990
130,742.83,2884.1
130,743.33,2772
130,743.83,2660
130,744.33,2551.5
130,744.83,2445.2
130,745.33,2338.4
130,745.83,2222.7
130,746.33,2111
130,746.83,2015.6
130,747.33,1933.1
130,747.83,1877.5
130,748.33,1826.5
130,748.83,1786.4
130,749.33,1764.4
130,749.83,1779.7
130,750.32,1837.3
130,750.82,1868.3
130,751.32,1877.4
130,751.82,1957.5
130,752.32,2112.8
130,752.82,2160.3
130,753.32,2228.6
130,753.82,2307.8
130,754.32,2430.3
130,754.82,2611.8
130,755.32,2736.3
130,755.82,2800.3
130,756.32,2851.7
130,756.82,2912.4
130,757.32,2998.7
130,757.82,3108.2
130,758.31,3220.5
130,758.81,3356.1
130,759.31,3483.8
130,759.81,3574
130,760.31,3633
130,760.81,3658.4
130,761.31,3673.8
130,761.81,3690.6
130,762.31,3713.8
130,762.81,3736.1
130,763.31,3752.9
130,763.81,3763.7
130,764.31,3773.3
130,764.81,3792.4
130,765.31,3803.9
130,765.8,3815.2
130,766.3,3828.1
130,766.8,3842
130,767.3,3856.1
130,767.8,3867.4
130,768.3,3878.2
130,768.8,3888
130,769.3,3897.7
130,769.8,3907.1
130,770.3,3915.9
130,770.8,3925.4
130,771.3,3933.9
130,771.8,3941.9
130,772.3,3949.1
130,772.8,3953.7
130,773.29,3957.5
130,773.79,3959.9
130,774.29,3962.1
130,774.79,3963.5
130,775.29,3964
130,775.79,3962.9
130,776.29,3959.9
130,776.79,3955.5
130,777.29,3948.8
130,777.79,3940.6
130,778.29,3932.1
130,778.79,3925.4
130,779.29,3921.2
130,779.79,3918.4
130,780.29,3917.2
130,780.79,3913.7
130,781.28,3908.8
130,781.78,3905.9
130,782.28,3905.4
130,782.78,3907.3
130,783.28,3912.1
130,783.78,3918.5
130,784.28,3926.1
130,784.78,3933.4
130,785.28,3941.6
130,785.78,3951.4
130,786.28,3960.4
130,786.78,3967.1
130,787.28,3971.7
130,787.78,3975.1
130,788.28,3976.8
130,788.77,3978.9
130,789.27,3984.3
130,789.77,3988.9
130,790.27,3992.7
130,790.77,3993.7
130,791.27,3993.2
130,791.77,3991.5
130,792.27,3988.1
130,792.77,3983.3
130,793.27,3975.7
130,793.77,3966.8
130,794.27,3956.8
130,794.77,3947.1
130,795.27,3937.5
130,795.77,3928.8
130,796.27,3920.9
130,796.76,3914.4
130,797.26,3910
130,797.76,3907.5
130,798.26,3907.3
130,798.76,3909.8
130,799.26,3912.6
130,799.76,3915.7
130,800.26,3919.3
130,800.76,3923.4
130,801.26,3927.3
130,801.76,3931
130,802.26,3936.2
130,802.76,3941
130,803.26,3944.4
130,803.76,3947.5
130,804.25,3949.3
130,804.75,3948.5
130,805.25,3945.9
130,805.75,3941.3
130,806.25,3934.4
130,806.75,3926.6
130,807.25,3919
130,807.75,3910.9
130,808.25,3902.6
130,808.75,3894.9
130,809.25,3888.2
130,809.75,3881.5
130,810.25,3877
130,810.75,3872.9
130,811.25,3869.9
130,811.74,3868.3
130,812.24,3869.1
130,812.74,3869.4
130,813.24,3870.5
130,813.74,3871.4
130,814.24,3872.6
130,814.74,3874.6
130,815.24,3876.9
130,815.74,3879.9
130,816.24,3883.2
130,816.74,3885.8
130,817.24,3888.7
130,817.74,3891.8
130,818.24,3895
130,818.74,3897.3
130,819.24,3899.1
130,819.73,3900.4
130,820.23,3900
130,820.73,3898.7
130,821.23,3896.6
130,821.73,3894
130,822.23,3889.8
130,822.73,3883.9
130,823.23,3876.8
130,823.73,3868.5
130,824.23,3860.7
130,824.73,3853.5
130,825.23,3846.1
130,825.73,3839.3
130,826.23,3837.7
130,826.73,3838.6
130,827.22,3842.2
130,827.72,3846.5
130,828.22,3850.9
130,828.72,3854.6
130,829.22,3858.5
130,829.72,3862.7
130,830.22,3867.7
130,830.72,3871.8
130,831.22,3874.6
130,831.72,3877.2
130,832.22,3879
130,832.72,3880.1
130,833.22,3880.3
130,833.72,3879.7
130,834.22,3877.3
130,834.72,3874.1
130,835.21,3870.1
130,835.71,3866.8
130,836.21,3862.9
130,836.71,3858.8
130,837.21,3855.2
130,837.71,3851.8
130,838.21,3850.3
130,838.71,3848.9
130,839.21,3848.3
130,839.71,3849.5
130,840.21,3851.4
130,840.71,3852.9
130,841.21,3855.6
130,841.71,3858.2
130,842.21,3860
130,842.7,3862.3
130,843.2,3863.6
130,843.7,3863.1
130,844.2,3861.4
130,844.7,3858.5
130,845.2,3854.3
130,845.7,3848.3
130,846.2,3840.5
130,846.7,3829.4
130,847.2,3815.4
130,847.7,3806.5
130,848.2,3822.8
130,848.7,3839.4
130,849.2,3857.7
130,849.7,3874.1
130,850.19,3889.4
130,850.69,3903.6
130,851.19,3917.4
130,851.69,3930.4
130,852.19,3942.2
130,852.69,3952.5
130,853.19,3961.1
130,853.69,3967.8
130,854.19,3973.6
130,854.69,3977.4
130,855.19,3980.6
130,855.69,3982.1
130,856.19,3979.1
130,856.69,3975.4
130,857.19,3967
130,857.68,3961.5
130,858.18,3952.5
130,858.68,3940.4
130,859.18,3943.2
130,859.68,3945.1
130,860.18,3939.2
130,860.68,3936.7
130,861.18,3923.5
130,861.68,3916.1
130,862.18,3910.6
130,862.68,3909.1
130,863.18,3909.8
130,863.68,3907.8
130,864.18,3906.2
130,864.68,3903.7
130,865.17,3904.7
130,865.67,3907.1
130,866.17,3905.9
130,866.67,3906.2
130,867.17,3908.8
130,867.67,3908.1
130,868.17,3902.3
130,868.67,3887.3
130,869.17,3852.5
130,869.67,3818
130,870.17,3812.8
130,870.67,3836.2
130,871.17,3862
130,871.67,3905.3
130,872.17,3949.4
130,872.66,3981.6
130,873.16,3999.8
130,873.66,4007.8
130,874.16,4010.7
130,874.66,4010.8
130,875.16,4011.6
130,875.66,4012.8
130,876.16,4014.3
130,876.66,4015.1
130,877.16,4015.3
130,877.66,4015.5
130,878.16,4013.8
130,878.66,4009.4
130,879.16,4004.4
130,879.66,3999.1
130,880.15,3993.6
130,880.65,3987
130,881.15,3979.2
130,881.65,3970.8
130,882.15,3962.5
130,882.65,3953.2
130,883.15,3943.9
130,883.65,3935.6
130,884.15,3929.4
130,884.65,3926.8
130,885.15,3929.2
130,885.65,3936.4
130,886.15,3948.8
130,886.65,3963.9
130,887.15,3980.2
130,887.64,3996.6
130,888.14,4008.8
130,888.64,4021.9
130,889.14,4027.5
130,889.64,4030.2
130,890.14,4032.1
130,890.64,4030.8
130,891.14,4029.2
130,891.64,4024.8
130,892.14,4014.9
130,892.64,4002
130,893.14,3994.9
130,893.64,3992.4
130,894.14,3992.9
130,894.64,3994.3
130,895.13,3995.5
130,895.63,3995.9
130,896.13,3995.9
130,896.63,3996.8
130,897.13,3999
130,897.63,4003.7
130,898.13,4011.2
130,898.63,4020.9
130,899.13,4031.4
130,899.63,4042.1
130,900.13,4050.9
130,900.63,4056.6
130,901.13,4062.3
130,901.63,4066.9
130,902.13,4069.7
130,902.62,4070.6
130,903.12,4069.4
130,903.62,4065.9
130,904.12,4060.6
130,904.62,4054.7
130,905.12,4047.7
130,905.62,4040.2
130,906.12,4033.3
130,906.62,4026.5
130,907.12,4019.8
130,907.62,4012.6
130,908.12,4006.2
130,908.62,3999.9
130,909.12,3994.5
130,909.61,3988.1
130,910.11,3983.2
130,910.61,3984.5
130,911.11,3988.6
130,911.61,3992.3
130,912.11,3989.1
130,912.61,3986.6
130,913.11,3985.9
130,913.61,3987
130,914.11,3992.1
130,914.61,3998.7
130,915.11,4008.7
130,915.61,4018.2
130,916.11,4026.9
130,916.61,4036.7
130,917.1,4046.6
130,917.6,4057.9
130,918.1,4069.1
130,918.6,4080.4
130,919.1,4090.7
130,919.6,4099.4
130,920.1,4105.5
130,920.6,4110.9
130,921.1,4115.4
130,921.6,4117.8
130,922.1,4118.3
130,922.6,4114.9
130,923.1,4110.2
130,923.6,4104.5
130,924.1,4098.5
130,924.59,4092.2
130,925.09,4086.1
130,925.59,4079.8
130,926.09,4074.6
130,926.59,4070.5
130,927.09,4067.9
130,927.59,4064.8
130,928.09,4062.3
130,928.59,4060.2
130,929.09,4058.6
130,929.59,4057.6
130,930.09,4056.7
130,930.59,4055.6
130,931.09,4055.2
130,931.59,4054.2
130,932.08,4053.8
130,932.58,4052.7
130,933.08,4052.5
130,933.58,4053.3
130,934.08,4055.1
130,934.58,4057.3
130,935.08,4060.3
130,935.58,4063
130,936.08,4066.8
130,936.58,4070.9
130,937.08,4076.3
130,937.58,4082.9
130,938.08,4089.5
130,938.58,4097.1
130,939.08,4104.4
130,939.57,4112.5
130,940.07,4120.2
130,940.57,4128.7
130,941.07,4135.6
130,941.57,4140.4
130,942.07,4145
130,942.57,4148.9
130,943.07,4152.4
130,943.57,4154.5
130,944.07,4153.6
130,944.57,4151.4
130,945.07,4149.2
130,945.57,4147
130,946.07,4144.7
130,946.57,4142.8
130,947.06,4141.6
130,947.56,4141
130,948.06,4142.4
130,948.56,4145.1
130,949.06,4148.3
130,949.56,4151.7
130,950.06,4156.1
130,950.56,4160.2
130,951.06,4164.9
130,951.56,4169.7
130,952.06,4174.7
130,952.56,4178.3
130,953.06,4179.8
130,953.56,4179.8
130,954.06,4178.6
130,954.55,4176.8
130,955.05,4174.9
130,955.55,4172.1
130,956.05,4169.8
130,956.55,4167.6
130,957.05,4166.4
130,957.55,4165.7
130,958.05,4166.9
130,958.55,4168.7
130,959.05,4171.4
130,959.55,4174.8
130,960.05,4178.5
130,960.55,4182
130,961.05,4186
130,961.55,4189.4
130,962.04,4192.7
130,962.54,4194.9
130,963.04,4196.9
130,963.54,4197.7
130,964.04,4198.6
130,964.54,4199.6
130,965.04,4199.6
130,965.54,4197
130,966.04,4193.3
130,966.54,4190.3
130,967.04,4187.4
130,967.54,4185.7
130,968.04,4182.2
130,968.54,4179.1
130,969.03,4175.9
130,969.53,4169.3
130,970.03,4162.4
130,970.53,4155.2
130,971.03,4150.3
130,971.53,4147.6
130,972.03,4144
130,972.53,4142
130,973.03,4138.1
130,973.53,4135.9
130,974.03,4132.7
130,974.53,4128.7
130,975.03,4125.5
130,975.53,4122.3
130,976.03,4118.2
130,976.52,4114.8
130,977.02,4109.9
130,977.52,4105.7
130,978.02,4101.3
130,978.52,4098.3
130,979.02,4095
130,979.52,4091.8
130,980.02,4089.4
130,980.52,4087.3
130,981.02,4084.6
130,981.52,4081
130,982.02,4078.3
130,982.52,4075.7
130,983.02,4072.9
130,983.52,4071.5
130,984.01,4070.4
130,984.51,4070.3
130,985.01,4066.9
130,985.51,4052
130,986.01,4050
130,986.51,4052.6
130,987.01,4049.1
130,987.51,4044.3
130,988.01,4044.1
130,988.51,4040.3
130,989.01,4033.5
130,989.51,4040.8
130,990.01,4044.4
130,990.51,4032.9
130,991.01,4020.6
130,991.5,4022.3
130,992,4020.4
130,992.5,4019.4
130,993,4018.4
130,993.5,4020.3
130,994,4026.7
130,994.5,4041.6
130,995,4068.9
130,995.5,4101.5
130,996,4132.2
130,996.5,4153.3
130,997,4160.8
130,997.5,4162.3
130,998,4142.9
130,998.5,4132.5
130,998.99,4118.5
130,999.49,4107.9
130,999.99,4104.7
130,1000.49,4100.1
130,1000.99,4096.1
130,1001.49,4091.7
130,1001.99,4085.2
130,1002.49,4084.3
130,1002.99,4094.5
130,1003.49,4114.6
130,1003.99,4123
130,1004.49,4122.5
130,1004.99,4128.5
130,1005.49,4136.7
130,1005.98,4146.1
130,1006.48,4141.2
130,1006.98,4124.9
130,1007.48,4133.7
130,1007.98,4153
130,1008.48,4142.7
130,1008.98,4119.7
130,1009.48,4103.3
130,1009.98,4084.1
130,1010.48,4056.2
130,1010.98,4039.7
130,1011.48,4038.2
130,1011.98,4038.3
130,1012.48,4031.7
130,1012.98,4027.4
130,1013.47,4043.9
130,1013.97,4064.5
130,1014.47,4094
130,1014.97,4116.2
130,1015.47,4101.7
130,1015.97,4081.1
130,1016.47,4074.6
130,1016.97,4074.8
130,1017.47,4060.7
130,1017.97,4040.6
130,1018.47,4037
130,1018.97,4048.6
130,1019.47,4050.3
130,1019.97,4040.8
130,1020.46,4032.9
130,1020.96,4029.6
130,1021.46,4026.9
130,1021.96,4025.7
130,1022.46,4025.6
130,1022.96,4023.5
130,1023.46,4017.4
130,1023.96,4005.8
130,1024.46,3996.3
130,1024.96,4002.7
130,1025.46,4013.2
130,1025.96,4025.1
130,1026.46,4039.8
130,1026.96,4054.2
130,1027.46,4068.5
130,1027.95,4080.9
130,1028.45,4090.4
130,1028.95,4094.5
130,1029.45,4095.2
130,1029.95,4094.2
130,1030.45,4095.5
130,1030.95,4097
130,1031.45,4093.5
130,1031.95,4096.2
130,1032.45,4107.8
130,1032.95,4130
130,1033.45,4152.5
130,1033.95,4168.8
130,1034.45,4178.8
130,1034.94,4183.2
130,1035.44,4184.7
130,1035.94,4160.1
130,1036.44,4127.2
130,1036.94,4109.8
130,1037.44,4117.5
130,1037.94,4153.3
130,1038.44,4169.9
130,1038.94,4172.3
130,1039.44,4173.9
130,1039.94,4170
130,1040.44,4166.3
130,1040.94,4183
130,1041.44,4186.6
130,1041.94,4187
130,1042.43,4183.8
130,1042.93,4177.7
130,1043.43,4145.8
130,1043.93,4112.3
130,1044.43,4104.6
130,1044.93,4094
130,1045.43,4098.7
130,1045.93,4097
130,1046.43,4074.1
130,1046.93,4039.4
130,1047.43,4001
130,1047.93,4006.8
130,1048.43,4049.7
130,1048.93,4065.7
130,1049.42,4090.8
130,1049.92,4105.8
130,1050.42,4108.9
130,1050.92,4114.3
130,1051.42,4122.9
130,1051.92,4123.3
130,1052.42,4120.9
130,1052.92,4115.5
130,1053.42,4108.9
130,1053.92,4108.7
130,1054.42,4104.5
130,1054.92,4100
130,1055.42,4106.8
130,1055.92,4108
130,1056.42,4090.2
130,1056.91,4081.3
130,1057.41,4069
130,1057.91,4043.5
130,1058.41,4031.9
130,1058.91,4039.8
130,1059.41,4044.6
130,1059.91,4035.5
130,1060.41,4025.3
130,1060.91,4038
130,1061.41,4056.7
130,1061.91,4074.3
130,1062.41,4094.6
130,1062.91,4100.7
130,1063.41,4100.7
130,1063.9,4099.9
130,1064.4,4094.5
130,1064.9,4094
130,1065.4,4093.3
130,1065.9,4085.7
130,1066.4,4075.9
130,1066.9,4083
130,1067.4,4082.4
130,1067.9,4089.7
130,1068.4,4096.5
130,1068.9,4099.1
130,1069.4,4102.5
130,1069.9,4112.7
130,1070.4,4111.3
130,1070.9,4116.3
130,1071.39,4116.7
130,1071.89,4115.3
130,1072.39,4112.8
130,1072.89,4110.3
130,1073.39,4107.9
130,1073.89,4105.3
130,1074.39,4101.9
130,1074.89,4098.8
130,1075.39,4094.7
130,1075.89,4090.5
130,1076.39,4085
130,1076.89,4078.1
130,1077.39,4062.9
130,1077.89,4046.4
130,1078.38,4032.8
130,1078.88,4023.6
130,1079.38,4016
130,1079.88,4011.4
130,1080.38,4012.6
130,1080.88,4017.5
130,1081.38,4028.1
130,1081.88,4039.3
130,1082.38,4050.3
130,1082.88,4061.5
130,1083.38,4074.2
130,1083.88,4088.6
130,1084.38,4103.2
130,1084.88,4115.7
130,1085.38,4126.1
130,1085.87,4135.4
130,1086.37,4144.3
130,1086.87,4151.9
130,1087.37,4158.4
130,1087.87,4162.4
130,1088.37,4165.2
130,1088.87,4164.5
130,1089.37,4161.7
130,1089.87,4157.5
130,1090.37,4152.9
130,1090.87,4148.1
130,1091.37,4143.8
130,1091.87,4139.1
130,1092.37,4135.6
130,1092.86,4133.2
130,1093.36,4132.7
130,1093.86,4131.2
130,1094.36,4129.5
130,1094.86,4128.1
130,1095.36,4127.9
130,1095.86,4128.4
130,1096.36,4128.5
130,1096.86,4128.1
130,1097.36,4127.3
130,1097.86,4125.4
130,1098.36,4124.1
130,1098.86,4123.6
130,1099.36,4124.1
130,1099.86,4124.7
130,1100.35,4125.4
130,1100.85,4121.4
130,1101.35,4112
130,1101.85,4101.6
130,1102.35,4092.7
130,1102.85,4085.1
130,1103.35,4076.5
130,1103.85,4069.7
130,1104.35,4063.1
130,1104.85,4055.9
130,1105.35,4049.2
130,1105.85,4043.6
130,1106.35,4038.6
130,1106.85,4032.7
130,1107.35,4027
130,1107.84,4022.5
130,1108.34,4018.4
130,1108.84,4015.1
130,1109.34,4011.4
130,1109.84,4008.8
130,1110.34,4006.4
130,1110.84,4005.2
130,1111.34,4005
130,1111.84,4004.7
130,1112.34,4005.3
130,1112.84,4006.4
130,1113.34,4009.8
130,1113.84,4013.8
130,1114.34,4017.9
130,1114.83,4022.2
130,1115.33,4028.3
130,1115.83,4033.7
130,1116.33,4039.1
130,1116.83,4044.7
130,1117.33,4051.2
130,1117.83,4056.9
130,1118.33,4062.6
130,1118.83,4067.2
130,1119.33,4071.6
130,1119.83,4076
130,1120.33,4080.6
130,1120.83,4085.6
130,1121.33,4088.7
130,1121.83,4090.9
130,1122.32,4093
130,1122.82,4092.6
130,1123.32,4092.2
130,1123.82,4092.1
130,1124.32,4090.8
130,1124.82,4088.6
130,1125.32,4083.9
130,1125.82,4078.6
130,1126.32,4072.7
130,1126.82,4067.5
130,1127.32,4061.4
130,1127.82,4055.3
130,1128.32,4049.7
130,1128.82,4044.4
130,1129.31,4041.5
130,1129.81,4039.4
130,1130.31,4037.6
130,1130.81,4036.4
130,1131.31,4034.6
130,1131.81,4033.3
130,1132.31,4032.2
130,1132.81,4031.6
130,1133.31,4032.5
130,1133.81,4033.2
130,1134.31,4034.6
130,1134.81,4036.7
130,1135.31,4038.8
130,1135.81,4041.8
130,1136.31,4045
130,1136.8,4048.9
130,1137.3,4053.1
130,1137.8,4057.3
130,1138.3,4061.7
130,1138.8,4066.5
130,1139.3,4071.9
130,1139.8,4077.3
130,1140.3,4082
130,1140.8,4085.1
130,1141.3,4088.1
130,1141.8,4090.7
130,1142.3,4092.5
130,1142.8,4093.7
130,1143.3,4093.3
130,1143.79,4092.2
130,1144.29,4090.6
140,0,0.4
140,0.5,0.9
140,1,2
140,1.5,4
140,2,6.2
140,2.5,7.4
140,3,8
140,3.5,8.7
140,4,9.5
140,4.49,9.8
140,4.99,10
140,5.49,11.2
140,5.99,13.2
140,6.49,14.9
140,6.99,16.7
140,7.49,18.3
140,7.99,19.8
140,8.49,21.1
140,8.99,22.8
140,9.49,23.9
140,9.99,22.6
140,10.49,22
140,10.99,20.4
140,11.49,17.9
140,11.99,16.2
140,12.49,15
140,12.98,14.4
140,13.48,14.9
140,13.98,18.2
140,14.48,22.5
140,14.98,26.5
140,15.48,29.9
140,15.98,32
140,16.48,34.8
140,16.98,37.1
140,17.48,39
140,17.98,39.7
140,18.48,40
140,18.98,40
140,19.48,40.8
140,19.98,42.7
140,20.48,44.7
140,20.98,47
140,21.47,49.4
140,21.97,50.3
140,22.47,50.8
140,22.97,52.4
140,23.47,54.1
140,23.97,56.7
140,24.47,59.5
140,24.97,62.6
140,25.47,65.6
140,25.97,68.2
140,26.47,70.5
140,26.97,71.6
140,27.47,71.7
140,27.97,71.2
140,28.47,70.7
140,28.97,70.1
140,29.46,69.7
140,29.96,69.3
140,30.46,69.5
140,30.96,71.5
140,31.46,74.6
140,31.96,78.6
140,32.46,83.2
140,32.96,88.8
140,33.46,95.5
140,33.96,103.3
140,34.46,111.8
140,34.96,122
140,35.46,132.1
140,35.96,144
140,36.46,155.2
140,36.96,167.1
140,37.46,178
140,37.95,186.9
140,38.45,192.6
140,38.95,192.7
140,39.45,192.1
140,39.95,190.5
140,40.45,188.9
140,40.95,190.1
140,41.45,192.5
140,41.95,196.4
140,42.45,201.4
140,42.95,208.3
140,43.45,216.5
140,43.95,223.8
140,44.45,229.7
140,44.95,235.4
140,45.45,242
140,45.95,250.5
140,46.44,259.8
140,46.94,270.8
140,47.44,281.1
140,47.94,291.5
140,48.44,305
140,48.94,319.3
140,49.44,334.2
140,49.94,348.7
140,50.44,362.6
140,50.94,378.9
140,51.44,393.4
140,51.94,397.9
140,52.44,403.9
140,52.94,413.5
140,53.44,424.6
140,53.94,435.7
140,54.44,446
140,54.93,455.8
140,55.43,465.3
140,55.93,472
140,56.43,477.7
140,56.93,482.9
140,57.43,490.1
140,57.93,490.1
140,58.43,493
140,58.93,495.2
140,59.43,495.6
140,59.93,489.7
140,60.43,479.7
140,60.93,465.8
140,61.43,448.3
140,61.93,431.4
140,62.43,415.9
140,62.93,401.1
140,63.42,388
140,63.92,383.2
140,64.42,384
140,64.92,392.5
140,65.42,410
140,65.92,437.4
140,66.42,473.9
140,66.92,516.6
140,67.42,554.9
140,67.92,581.5
140,68.42,594.6
140,68.92,600.4
140,69.42,603.2
140,69.92,603.8
140,70.42,604.2
140,70.92,603.7
140,71.41,605.8
140,71.91,610.7
140,72.41,618.6
140,72.91,627.9
140,73.41,641.8
140,73.91,658.3
140,74.41,673.1
140,74.91,685.8
140,75.41,699.7
140,75.91,705.6
140,76.41,708.3
140,76.91,709.4
140,77.41,715.3
140,77.91,725.1
140,78.41,736.6
140,78.91,750.7
140,79.41,767.3
140,79.9,786.8
140,80.4,807.9
140,80.9,825.9
140,81.4,837.8
140,81.9,850
140,82.4,862.7
140,82.9,877.4
140,83.4,893.8
140,83.9,915.8
140,84.4,926.2
140,84.9,939.9
140,85.4,952
140,85.9,969.1
140,86.4,981.4
140,86.9,997.2
140,87.4,1014.7
140,87.9,1036.3
140,88.39,1052.3
140,88.89,1073.8
140,89.39,1099
140,89.89,1125.9
140,90.39,1153.7
140,90.89,1181.8
140,91.39,1206
140,91.89,1225.2
140,92.39,1237.5
140,92.89,1244.1
140,93.39,1249.5
140,93.89,1259.2
140,94.39,1274.4
140,94.89,1291.9
140,95.39,1310.9
140,95.89,1329.8
140,96.39,1351.5
140,96.88,1372.2
140,97.38,1385.9
140,97.88,1403.6
140,98.38,1433.8
140,98.88,1464.7
140,99.38,1488.9
140,99.88,1510.9
140,100.38,1531.9
140,100.88,1551.5
140,101.38,1572.3
140,101.88,1596
140,102.38,1621.9
140,102.88,1660.1
140,103.38,1692.6
140,103.88,1717.6
140,104.38,1741
140,104.88,1761.8
140,105.37,1786.2
140,105.87,1819.8
140,106.37,1860.3
140,106.87,1918.5
140,107.37,1995.4
140,107.87,2034
140,108.37,2036.6
140,108.87,2032.6
140,109.37,2030.3
140,109.87,2028.1
140,110.37,2025.9
140,110.87,2023.7
140,111.37,2023.2
140,111.87,2024.6
140,112.37,2024.9
140,112.87,2027.5
140,113.37,2023.2
140,113.86,1982.9
140,114.36,1909.4
140,114.86,1848.1
140,115.36,1816.1
140,115.86,1816.6
140,116.36,1831.5
140,116.86,1859.4
140,117.36,1882.1
140,117.86,1881.5
140,118.36,1821.7
140,118.86,1750
140,119.36,1702.5
140,119.86,1676.4
140,120.36,1668.9
140,120.86,1668.7
140,121.36,1668.1
140,121.85,1669.1
140,122.35,1672.8
140,122.85,1680.3
140,123.35,1691.7
140,123.85,1696
140,124.35,1685.9
140,124.85,1673
140,125.35,1666.4
140,125.85,1663.3
140,126.35,1660.8
140,126.85,1658.4
140,127.35,1659.4
140,127.85,1662.3
140,128.35,1665
140,128.85,1666.3
140,129.35,1666
140,129.85,1657.3
140,130.34,1644
140,130.84,1633.7
140,131.34,1626.7
140,131.84,1620.6
140,132.34,1614.6
140,132.84,1611.3
140,133.34,1610.8
140,133.84,1606.1
140,134.34,1593
140,134.84,1582
140,135.34,1569.9
140,135.84,1557.7
140,136.34,1543.1
140,136.84,1526.7
140,137.34,1510.4
140,137.84,1498.2
140,138.34,1487.7
140,138.83,1471
140,139.33,1455.2
140,139.83,1448.1
140,140.33,1445.7
140,140.83,1443.6
140,141.33,1435.6
140,141.83,1423.5
140,142.33,1413
140,142.83,1412.1
140,143.33,1419.1
140,143.83,1422.6
140,144.33,1434.2
140,144.83,1449.7
140,145.33,1471.1
140,145.83,1459.3
140,146.33,1412.8
140,146.83,1289.6
140,147.32,1119.5
140,147.82,990.2
140,148.32,876.9
140,148.82,898.5
140,149.32,939.2
140,149.83,949.8
140,150.33,941.3
140,150.83,938.2
140,151.33,949.1
140,151.83,960.6
140,152.33,985.1
140,152.83,1051.4
140,153.33,1139
140,153.83,1239.5
140,154.33,1316.1
140,154.83,1355.8
140,155.33,1339.2
140,155.83,1320.3
140,156.33,1305.8
140,156.83,1290.1
140,157.33,1277.9
140,157.83,1270.9
140,158.33,1265.3
140,158.83,1256.1
140,159.33,1245.4
140,159.83,1232.9
140,160.33,1227.4
140,160.83,1218.6
140,161.33,1201.3
140,161.83,1182.4
140,162.33,1154.3
140,162.83,1122.5
140,163.33,1078.7
140,163.83,1032.3
140,164.33,993
140,164.83,946.9
140,165.33,881.5
140,165.83,830.2
140,166.34,822
140,166.84,741.2
140,167.34,625.3
140,167.84,526.8
140,168.34,422.8
140,168.84,325.5
140,169.34,264.6
140,169.84,234.4
140,170.34,218.4
140,170.84,200.3
140,171.34,183
140,171.84,165.3
140,172.34,147.4
140,172.84,129.7
140,173.34,109.3
140,173.84,83.2
140,174.34,36.5
140,174.84,0.9
140,175.34,0
140,175.84,0
140,176.34,0
140,176.84,0
140,177.34,0
140,177.84,0
140,178.34,4.6
140,178.84,12.7
140,179.34,3.2
140,179.84,111.4
140,180.34,177.1
140,180.84,240.9
140,181.34,310.1
140,181.84,376.4
140,182.34,436.4
140,182.84,489.4
140,183.35,533.1
140,183.85,568.1
140,184.35,594.8
140,184.85,613.1
140,185.35,615.6
140,185.85,606.5
140,186.35,595.2
140,186.85,584.7
140,187.35,581.9
140,187.85,580.4
140,188.35,574.5
140,188.85,562.2
140,189.35,538
140,189.85,498.7
140,190.35,454.4
140,190.85,426
140,191.35,414.2
140,191.85,408
140,192.35,406.8
140,192.85,412.3
140,193.35,423.8
140,193.85,429
140,194.35,417.2
140,194.85,383.2
140,195.35,339.5
140,195.85,289.9
140,196.35,239.6
140,196.85,199.2
140,197.35,168.2
140,197.85,147
140,198.35,139.1
140,198.85,100.1
140,199.35,61.3
140,199.86,46.1
140,200.36,41.6
140,200.86,41.6
140,201.36,48.2
140,201.86,59.8
140,202.36,76.8
140,202.86,95.9
140,203.36,116.4
140,203.86,138.3
140,204.36,158
140,204.86,171.4
140,205.36,172.1
140,205.86,154.4
140,206.36,133.3
140,206.86,110.7
140,207.36,85.2
140,207.86,58.9
140,208.36,37
140,208.86,0.7
140,209.36,18.9
140,209.86,9.1
140,210.36,4.6
140,210.86,1.2
140,211.36,0
140,211.86,0
140,212.36,0
140,212.86,0
140,213.36,0
140,213.86,0
140,214.36,0
140,214.86,0
140,215.36,0
140,215.86,0
140,216.36,0
140,216.87,0
140,217.37,0
140,217.87,0
140,218.37,0
140,218.87,0
140,219.37,0
140,219.87,0
140,220.37,0
140,220.87,0
140,221.37,0
140,221.87,0
140,222.37,0
140,222.87,0
140,223.37,0
140,223.87,0
140,224.37,0
140,224.87,0
140,225.37,0
140,225.87,0
140,226.37,0
140,226.87,0
140,227.37,0
140,227.87,0
140,228.37,0
140,228.87,0
140,229.37,0
140,229.87,0
140,230.37,0
140,230.87,0
140,231.37,0
140,231.87,0
140,232.37,0
140,232.87,0
140,233.38,0
140,233.88,0
140,234.38,0
140,234.88,0
140,235.38,0
140,235.88,0
140,236.38,0
140,236.88,0
140,237.38,0
140,237.88,0
140,238.38,0
140,238.88,0
140,239.38,0
140,239.88,0
140,240.38,0
140,240.88,0
140,241.38,0
140,241.88,0
140,242.38,0
140,242.88,0
140,243.38,0
140,243.88,0
140,244.38,0
140,244.88,0
140,245.38,0
140,245.88,0
140,246.38,0
140,246.88,0
140,247.38,0
140,247.88,0
140,248.38,0
140,248.88,0
140,249.38,0
140,249.88,0
140,250.39,0
140,250.89,0
140,251.39,0
140,251.89,0
140,252.39,0
140,252.89,0
140,253.39,0
140,253.89,0
140,254.39,0
140,254.89,0
140,255.39,0
140,255.89,0
140,256.39,0
140,256.89,0
140,257.39,0
140,257.89,0
140,258.39,0
140,258.89,0
140,259.39,0
140,259.89,0
140,260.39,0
140,260.89,0
140,261.39,0
140,261.89,0
140,262.39,0
140,262.89,0
140,263.39,0
140,263.89,0
140,264.39,0
140,264.89,0
140,265.39,0
140,265.89,0
140,266.39,0
140,266.9,0
140,267.4,0
140,267.9,0
140,268.4,0
140,268.9,0
140,269.4,0
140,269.9,0
140,270.4,0
140,270.9,0
140,271.4,0
140,271.9,0
140,272.4,0
140,272.9,0
140,273.4,0
140,273.9,0
140,274.4,0
140,274.9,0
140,275.4,0
140,275.9,0
140,276.4,0
140,276.9,0
140,277.4,0
140,277.9,0
140,278.4,0
140,278.9,0
140,279.4,0
140,279.9,0
140,280.4,0
140,280.9,0
140,281.4,0
140,281.9,0
140,282.4,0
140,282.9,0
140,283.4,0
140,283.91,0
140,284.41,0
140,284.91,0
140,285.41,0
140,285.91,0
140,286.41,0
140,286.91,0
140,287.41,0
140,287.91,0
140,288.41,0
140,288.91,0
140,289.41,0
140,289.91,0
140,290.41,0
140,290.91,0
140,291.41,0
140,291.91,0
140,292.41,0
140,292.91,0
140,293.41,0
140,293.91,0
140,294.41,0
140,294.91,0
140,295.41,0
140,295.91,0
140,296.41,0
140,296.91,0
140,297.41,0
140,297.91,0
140,298.41,0
140,298.91,0
140,299.41,0
140,299.91,0
140,300.42,0
140,300.92,0
140,301.42,0
140,301.92,0
140,302.42,0
140,302.92,0
140,303.42,0
140,303.92,0
140,304.42,0
140,304.92,0
140,305.42,0
140,305.92,0
140,306.42,0
140,306.92,0
140,307.42,0
140,307.92,0
140,308.42,0
140,308.92,0
140,309.42,0
140,309.92,0
140,310.42,0
140,310.92,0
140,311.42,0
140,311.92,0
140,312.42,0
140,312.92,0
140,313.42,0
140,313.92,0
140,314.42,0
140,314.92,0
140,315.42,0
140,315.92,0
140,316.42,0
140,316.92,0
140,317.43,0
140,317.93,0
140,318.43,0
140,318.93,0
140,319.43,0
140,319.93,0
140,320.43,0
140,320.93,0
140,321.43,0
140,321.93,0
140,322.43,0
140,322.93,0
140,323.43,0
140,323.93,0
140,324.43,0
140,324.93,0
140,325.43,0
140,325.93,0
140,326.43,0.1
140,326.93,3.4
140,327.43,3.3
140,327.93,2.4
140,328.43,1
140,328.93,4.2
140,329.43,2.8
140,329.93,2.2
140,330.43,3.9
140,330.93,5.7
140,331.43,3.2
140,331.93,2
140,332.43,3.5
140,332.93,5.8
140,333.43,9.5
140,333.94,10.9
140,334.44,11.9
140,334.94,12
140,335.44,13.3
140,335.94,14.2
140,336.44,15
140,336.94,14.9
140,337.44,15.9
140,337.94,17
140,338.44,19.3
140,338.94,22.9
140,339.44,24
140,339.94,26
140,340.44,27.9
140,340.94,30
140,341.44,32.5
140,341.94,34.3
140,342.44,36.4
140,342.94,38.6
140,343.44,41.1
140,343.94,44.8
140,344.44,49.1
140,344.94,53.4
140,345.44,56.7
140,345.94,58.9
140,346.44,59.3
140,346.94,59.9
140,347.44,62.3
140,347.94,69.1
140,348.44,75.9
140,348.94,81.8
140,349.44,87.6
140,349.94,91.7
140,350.45,94.6
140,350.95,96.2
140,351.45,97.5
140,351.95,98.4
140,352.45,99.7
140,352.95,102.4
140,353.45,103.9
140,353.95,105
140,354.45,105
140,354.95,103.5
140,355.45,101.9
140,355.95,103.7
140,356.45,106.8
140,356.95,111.8
140,357.45,115.4
140,357.95,116.5
140,358.45,116.4
140,358.95,116.2
140,359.45,117.5
140,359.95,119.4
140,360.45,122
140,360.95,123.7
140,361.45,126.5
140,361.95,133.9
140,362.45,143.8
140,362.95,154.4
140,363.45,165
140,363.94,170.6
140,364.44,172.1
140,364.94,165.3
140,365.44,160
140,365.94,158.4
140,366.44,154.7
140,366.94,148.6
140,367.44,143.1
140,367.94,137.5
140,368.44,133.2
140,368.94,130.1
140,369.44,126.9
140,369.94,123.6
140,370.44,120.6
140,370.94,120.1
140,371.44,120.9
140,371.94,122.3
140,372.44,125.5
140,372.94,129.5
140,373.44,132.7
140,373.94,134.2
140,374.44,136
140,374.94,138.9
140,375.44,143.8
140,375.94,149.9
140,376.44,156.5
140,376.94,163.6
140,377.44,169.6
140,377.94,175.1
140,378.44,180.3
140,378.94,182.2
140,379.44,184.9
140,379.94,190.6
140,380.44,194.7
140,380.94,205
140,381.44,222.6
140,381.94,239.9
140,382.44,254.3
140,382.94,261
140,383.44,253.8
140,383.94,245.7
140,384.44,245
140,384.94,256.5
140,385.44,271.2
140,385.94,287.5
140,386.44,302.2
140,386.94,313.1
140,387.44,321.1
140,387.94,331.6
140,388.44,336.7
140,388.94,347.2
140,389.44,363
140,389.94,381.8
140,390.43,400.2
140,390.93,418.3
140,391.43,435.6
140,391.93,453.6
140,392.43,470.4
140,392.93,487.6
140,393.43,503.6
140,393.93,523
140,394.43,545.3
140,394.93,569.2
140,395.43,582.7
140,395.93,577.4
140,396.43,569
140,396.93,573.1
140,397.43,584.9
140,397.93,594.2
140,398.43,605.3
140,398.93,616.8
140,399.43,627.2
140,399.93,642.9
140,400.43,660.9
140,400.93,673.9
140,401.43,689.7
140,401.93,717.3
140,402.43,748.6
140,402.93,787.1
140,403.43,832.4
140,403.93,884.1
140,404.43,908.6
140,404.93,927.4
140,405.43,925.9
140,405.93,878.8
140,406.43,851
140,406.93,901.2
140,407.43,931.7
140,407.93,944.9
140,408.43,958
140,408.93,971.9
140,409.43,987.3
140,409.93,1006.4
140,410.43,1032.5
140,410.93,1065.9
140,411.43,1091
140,411.93,1105.7
140,412.43,1126.7
140,412.93,1189.5
140,413.43,1270.1
140,413.93,1307.6
140,414.43,1300.9
140,414.93,1281.5
140,415.43,1286.8
140,415.93,1333.1
140,416.43,1371.7
140,416.93,1387
140,417.42,1383.7
140,417.92,1369.3
140,418.42,1370.6
140,418.92,1379.7
140,419.42,1386
140,419.92,1385.4
140,420.42,1380.7
140,420.92,1377.1
140,421.42,1392.1
140,421.92,1442.2
140,422.42,1499.9
140,422.92,1534.6
140,423.42,1584.6
140,423.92,1665.1
140,424.42,1737
140,424.92,1796.8
140,425.42,1847.3
140,425.92,1898
140,426.42,1954.4
140,426.92,2024.4
140,427.42,2115.4
140,427.92,2174.8
140,428.42,2192.1
140,428.92,2217.1
140,429.42,2270.2
140,429.92,2331.5
140,430.42,2384.4
140,430.92,2438.2
140,431.42,2500.7
140,431.92,2562.2
140,432.42,2616.3
140,432.92,2658
140,433.42,2722.4
140,433.92,2824.9
140,434.42,2867.6
140,434.92,2899.4
140,435.42,2939.4
140,435.92,2984.7
140,436.42,3031.5
140,436.92,3070.3
140,437.42,3106.7
140,437.92,3139.5
140,438.42,3181.1
140,438.92,3254.2
140,439.42,3290.7
140,439.92,3298.6
140,440.42,3299.5
140,440.92,3302.1
140,441.42,3302.7
140,441.92,3308.9
140,442.42,3312.8
140,442.92,3318.6
140,443.42,3322.1
140,443.91,3325.7
140,444.41,3326.6
140,444.91,3323.1
140,445.41,3324.5
140,445.91,3333.2
140,446.41,3338.3
140,446.91,3341.4
140,447.41,3342.9
140,447.91,3347.1
140,448.41,3351.9
140,448.91,3355.9
140,449.41,3359.6
140,449.91,3361.8
140,450.41,3363
140,450.91,3364.4
140,451.41,3366.9
140,451.91,3373.5
140,452.41,3384.1
140,452.91,3396.2
140,453.4,3409.1
140,453.9,3411.7
140,454.4,3420.1
140,454.9,3428.1
140,455.4,3437.1
140,455.9,3448
140,456.4,3460.9
140,456.9,3462.3
140,457.4,3459.5
140,457.9,3461.1
140,458.4,3465.5
140,458.9,3468.6
140,459.4,3462.2
140,459.9,3462.3
140,460.4,3474
140,460.89,3485.1
140,461.39,3493.1
140,461.89,3499.9
140,462.39,3508.4
140,462.89,3520.3
140,463.39,3531.4
140,463.89,3539.6
140,464.39,3552.4
140,464.89,3560.5
140,465.39,3563.1
140,465.89,3552.6
140,466.39,3537.9
140,466.89,3528
140,467.39,3534.5
140,467.89,3535.6
140,468.38,3528.2
140,468.88,3525.4
140,469.38,3526.3
140,469.88,3523
140,470.38,3513.3
140,470.88,3500.9
140,471.38,3492.4
140,471.88,3483.1
140,472.38,3470
140,472.88,3450.7
140,473.38,3442.2
140,473.88,3450.6
140,474.38,3461.6
140,474.88,3465.8
140,475.38,3459.1
140,475.87,3453.7
140,476.37,3454.7
140,476.87,3460.1
140,477.37,3454.7
140,477.87,3449.7
140,478.37,3453.3
140,478.87,3456.7
140,479.37,3456.6
140,479.87,3451.3
140,480.37,3444.8
140,480.87,3439.2
140,481.37,3430.1
140,481.87,3428
140,482.37,3448.4
140,482.87,3452.5
140,483.36,3447.4
140,483.86,3435.3
140,484.36,3428.9
140,484.86,3433.2
140,485.36,3427.1
140,485.86,3406.3
140,486.36,3376.1
140,486.86,3340.3
140,487.36,3318.9
140,487.86,3309
140,488.36,3306.3
140,488.86,3318.7
140,489.36,3377.7
140,489.86,3467.8
140,490.36,3543.1
140,490.86,3576.7
140,491.35,3610.4
140,491.85,3625.7
140,492.35,3627.7
140,492.85,3641.5
140,493.35,3667.8
140,493.85,3681.4
140,494.35,3687.4
140,494.85,3683.2
140,495.35,3662.8
140,495.85,3627.1
140,496.35,3588.2
140,496.85,3552.1
140,497.35,3515.7
140,497.85,3475.2
140,498.35,3447.6
140,498.84,3402.7
140,499.34,3352.5
140,499.84,3322.6
140,500.34,3357
140,500.84,3358.8
140,501.34,3340.8
140,501.84,3339.4
140,502.34,3365.3
140,502.84,3441.8
140,503.34,3527.7
140,503.84,3572
140,504.34,3589.1
140,504.84,3594.5
140,505.34,3586.3
140,505.84,3558.5
140,506.33,3536.9
140,506.83,3528.6
140,507.33,3518.6
140,507.83,3501.5
140,508.33,3469.2
140,508.83,3437.6
140,509.33,3384.5
140,509.83,3345.7
140,510.33,3337
140,510.83,3321.6
140,511.33,3304.1
140,511.83,3287.3
140,512.33,3251.3
140,512.83,3222.6
140,513.33,3202.7
140,513.82,3181.8
140,514.32,3182.6
140,514.82,3198.8
140,515.32,3217.1
140,515.82,3232.2
140,516.32,3246.7
140,516.82,3266.3
140,517.32,3272.6
140,517.82,3277.5
140,518.32,3293.3
140,518.82,3310.1
140,519.32,3300.8
140,519.82,3278.2
140,520.32,3251.4
140,520.82,3224.8
140,521.31,3204.3
140,521.81,3205.9
140,522.31,3208.1
140,522.81,3197.4
140,523.31,3214.2
140,523.81,3214
140,524.31,3205.6
140,524.81,3201.4
140,525.31,3208.6
140,525.81,3221.3
140,526.31,3245.1
140,526.81,3250.6
140,527.31,3241.9
140,527.81,3223.7
140,528.31,3210.1
140,528.8,3216.4
140,529.3,3228.2
140,529.8,3247.5
140,530.3,3270
140,530.8,3293.8
140,531.3,3313.6
140,531.8,3341.3
140,532.3,3379.3
140,532.8,3418.8
140,533.3,3447.4
140,533.8,3470.5
140,534.3,3486.1
140,534.8,3496.7
140,535.3,3510.2
140,535.8,3530.5
140,536.29,3555
140,536.79,3597
140,537.29,3636.5
140,537.79,3666.3
140,538.29,3692.1
140,538.79,3709.1
140,539.29,3719.4
140,539.79,3723
140,540.29,3725
140,540.79,3724.7
140,541.29,3720.3
140,541.79,3720.5
140,542.29,3722.4
140,542.79,3725.2
140,543.29,3724.9
140,543.78,3720
140,544.28,3725.5
140,544.78,3738.7
140,545.28,3747.4
140,545.78,3754.2
140,546.28,3753.4
140,546.78,3750.6
140,547.28,3760.8
140,547.78,3765.7
140,548.28,3751.5
140,548.78,3741.1
140,549.28,3740.6
140,549.78,3739.1
140,550.28,3739.7
140,550.78,3755.3
140,551.27,3769.2
140,551.77,3768.4
140,552.27,3782.9
140,552.77,3830.9
140,553.27,3866.3
140,553.77,3888
140,554.27,3905
140,554.77,3908.2
140,555.27,3893.9
140,555.77,3864.6
140,556.27,3826.1
140,556.77,3792.1
140,557.27,3786.3
140,557.77,3797.3
140,558.27,3785.9
140,558.77,3764.3
140,559.26,3761.1
140,559.76,3779.3
140,560.26,3808.2
140,560.76,3820.4
140,561.26,3813.1
140,561.76,3802.8
140,562.26,3803.4
140,562.76,3805.5
140,563.26,3797.8
140,563.76,3775.1
140,564.26,3731.3
140,564.76,3686.1
140,565.26,3623.6
140,565.76,3518.5
140,566.26,3408.3
140,566.75,3323.5
140,567.25,3282.4
140,567.75,3269.8
140,568.25,3259.9
140,568.75,3260.4
140,569.25,3258.7
140,569.75,3221.3
140,570.25,3217.5
140,570.75,3215.8
140,571.25,3264.2
140,571.75,3301.6
140,572.25,3371.7
140,572.75,3425.9
140,573.25,3439.4
140,573.75,3428.9
140,574.24,3416.9
140,574.74,3400.8
140,575.24,3395.1
140,575.74,3416.8
140,576.24,3442.7
140,576.74,3455.7
140,577.24,3427.5
140,577.74,3406.8
140,578.24,3507.6
140,578.74,3661
140,579.24,3752.6
140,579.74,3795.3
140,580.24,3828.8
140,580.74,3856.6
140,581.24,3884.2
140,581.73,3939
140,582.23,4021.9
140,582.73,4131.6
140,583.23,4214.4
140,583.73,4260.8
140,584.23,4296.8
140,584.73,4341.8
140,585.23,4386.5
140,585.73,4428.8
140,586.23,4462.5
140,586.73,4483.7
140,587.23,4492.9
140,587.73,4497.4
140,588.23,4502.4
140,588.73,4503.9
140,589.22,4506.3
140,589.72,4504.5
140,590.22,4491.9
140,590.72,4466
140,591.22,4431.6
140,591.72,4393.8
140,592.22,4356
140,592.72,4319.4
140,593.22,4283.9
140,593.72,4250.6
140,594.22,4221.6
140,594.72,4195.6
140,595.22,4166.4
140,595.72,4133.1
140,596.22,4097.5
140,596.71,4057.9
140,597.21,4013.8
140,597.71,3966.7
140,598.21,3918.9
140,598.71,3873.7
140,599.21,3829.3
140,599.71,3795.1
140,600.21,3723.4
140,600.71,3704
140,601.21,3682.4
140,601.71,3653.7
140,602.21,3626.8
140,602.71,3604.8
140,603.21,3600.7
140,603.71,3602.1
140,604.2,3610.3
140,604.7,3625.2
140,605.2,3641.6
140,605.7,3655.2
140,606.2,3662.8
140,606.7,3677.6
140,607.2,3691.4
140,607.7,3704.1
140,608.2,3717.8
140,608.7,3733
140,609.2,3742.3
140,609.7,3739.6
140,610.2,3730.9
140,610.7,3717.6
140,611.19,3701.4
140,611.69,3690.8
140,612.19,3686.7
140,612.69,3683.2
140,613.19,3682.2
140,613.69,3685.2
140,614.19,3690.1
140,614.69,3695.9
140,615.19,3701.8
140,615.69,3708.8
140,616.19,3715.8
140,616.69,3719.7
140,617.19,3715.9
140,617.69,3704.3
140,618.19,3687.3
140,618.68,3665.4
140,619.18,3651.2
140,619.68,3671.7
140,620.18,3710.7
140,620.68,3733.6
140,621.18,3739.7
140,621.68,3738.7
140,622.18,3724
140,622.68,3705.4
140,623.18,3686.4
140,623.68,3665.1
140,624.18,3662.3
140,624.68,3676
140,625.18,3692.4
140,625.68,3711.3
140,626.17,3741
140,626.67,3769.1
140,627.17,3779.3
140,627.67,3770.9
140,628.17,3757.1
140,628.67,3765.4
140,629.17,3765.3
140,629.67,3765.7
140,630.17,3765.5
140,630.67,3763.1
140,631.17,3760.6
140,631.67,3758
140,632.17,3755.1
140,632.67,3753.2
140,633.16,3752.9
140,633.66,3757.2
140,634.16,3754.5
140,634.66,3748.7
140,635.16,3743.9
140,635.66,3750.6
140,636.16,3756.6
140,636.66,3759.4
140,637.16,3774.1
140,637.66,3794.1
140,638.16,3797.2
140,638.66,3793.3
140,639.16,3790
140,639.66,3783.6
140,640.16,3776.8
140,640.65,3773.4
140,641.15,3770.5
140,641.65,3760.6
140,642.15,3749.4
140,642.65,3752.2
140,643.15,3760.7
140,643.65,3770.3
140,644.15,3780.7
140,644.65,3793.5
140,645.15,3809.7
140,645.65,3830
140,646.15,3850.4
140,646.65,3872.3
140,647.15,3892.8
140,647.64,3911.6
140,648.14,3926.5
140,648.64,3938.8
140,649.14,3941.3
140,649.64,3930.6
140,650.14,3930
140,650.64,3931.1
140,651.14,3932.4
140,651.64,3930.2
140,652.14,3929.2
140,652.64,3922.7
140,653.14,3911
140,653.64,3894.1
140,654.14,3877.6
140,654.64,3855.8
140,655.13,3835.4
140,655.63,3816.6
140,656.13,3805.1
140,656.63,3813.6
140,657.13,3832.7
140,657.63,3840.2
140,658.13,3837
140,658.63,3831.7
140,659.13,3825.4
140,659.63,3830.9
140,660.13,3832.1
140,660.63,3811
140,661.13,3803.9
140,661.63,3808.6
140,662.13,3806.8
140,662.62,3799.9
140,663.12,3792.4
140,663.62,3781.1
140,664.12,3770.8
140,664.62,3767.3
140,665.12,3770.3
140,665.62,3766.3
140,666.12,3764.2
140,666.62,3766.6
140,667.12,3774.5
140,667.62,3781.4
140,668.12,3784.5
140,668.62,3787.8
140,669.12,3799.9
140,669.61,3811.7
140,670.11,3818.2
140,670.61,3821.8
140,671.11,3820.8
140,671.61,3817.4
140,672.11,3810.9
140,672.61,3803.3
140,673.11,3797.3
140,673.61,3793
140,674.11,3789.9
140,674.61,3789
140,675.11,3791.1
140,675.61,3794.3
140,676.11,3797.8
140,676.61,3802.9
140,677.1,3807.9
140,677.6,3813.6
140,678.1,3820.1
140,678.6,3828.8
140,679.1,3837.8
140,679.6,3845.9
140,680.1,3853
140,680.6,3859.8
140,681.1,3866.6
140,681.6,3873.8
140,682.1,3880.8
140,682.6,3886.8
140,683.1,3891.5
140,683.6,3895.1
140,684.1,3897.9
140,684.59,3899.5
140,685.09,3900
140,685.59,3899.5
140,686.09,3897.7
140,686.59,3893.8
140,687.09,3887.9
140,687.59,3881.4
140,688.09,3874.6
140,688.59,3868.2
140,689.09,3861.2
140,689.59,3854.8
140,690.09,3848.3
140,690.59,3840.9
140,691.09,3834.1
140,691.58,3826.4
140,692.08,3818.4
140,692.58,3811.3
140,693.08,3807.3
140,693.58,3805.9
140,694.08,3808.3
140,694.58,3812.2
140,695.08,3818.2
140,695.58,3824.4
140,696.08,3832.5
140,696.58,3841.6
140,697.08,3852
140,697.58,3862.3
140,698.08,3872.5
140,698.58,3882.2
140,699.07,3889.9
140,699.57,3895.5
140,700.07,3899.9
140,700.57,3900.3
140,701.07,3897.5
140,701.57,3893.5
140,702.07,3886.6
140,702.57,3879.5
140,703.07,3873.2
140,703.57,3866.8
140,704.07,3861.3
140,704.57,3855.3
140,705.07,3850
140,705.57,3846.1
140,706.07,3845.1
140,706.56,3846.3
140,707.06,3849
140,707.56,3853.3
140,708.06,3859.8
140,708.56,3868.7
140,709.06,3879.1
140,709.56,3890
140,710.06,3900.4
140,710.56,3910
140,711.06,3918.6
140,711.56,3926.2
140,712.06,3932.2
140,712.56,3934.7
140,713.06,3934.8
140,713.55,3932.6
140,714.05,3929.1
140,714.55,3924.2
140,715.05,3919.9
140,715.55,3916
140,716.05,3912.1
140,716.55,3908.9
140,717.05,3905.7
140,717.55,3902.6
140,718.05,3901.6
140,718.55,3901.7
140,719.05,3902.3
140,719.55,3904
140,720.05,3906.7
140,720.55,3909.7
140,721.04,3913.4
140,721.54,3917
140,722.04,3922.2
140,722.54,3925.2
140,723.04,3924.2
140,723.54,3927.3
140,724.04,3923
140,724.54,3910.4
140,725.04,3903.6
140,725.54,3906.4
140,726.04,3918.6
140,726.54,3945.4
140,727.04,3999.9
140,727.54,4040.1
140,728.04,4043.8
140,728.53,4042.3
140,729.03,4043.3
140,729.53,4039.8
140,730.03,4028.8
140,730.53,4004.5
140,731.03,3990.2
140,731.53,3998.6
140,732.03,3996.6
140,732.53,3975.4
140,733.03,3958.6
140,733.53,3945.3
140,734.03,3929.2
140,734.53,3938.5
140,735.03,3947.2
140,735.52,3944.1
140,736.02,3942.8
140,736.52,3937.7
140,737.02,3930
140,737.52,3912.4
140,738.02,3905.3
140,738.52,3907.7
140,739.02,3908.2
140,739.52,3905.4
140,740.02,3898.9
140,740.52,3901.5
140,741.02,3912.3
140,741.52,3924.2
140,742.02,3921
140,742.52,3962.2
140,743.01,4022.6
140,743.51,4042.8
140,744.01,4045.6
140,744.51,4044.4
140,745.01,4035.4
140,745.51,4019.7
140,746.01,3973.6
140,746.51,3929.4
140,747.01,3934.6
140,747.51,3948.2
140,748.01,3963.3
140,748.51,3983.1
140,749.01,4034.7
140,749.51,4112.5
140,750,4187.6
140,750.5,4247.5
140,751,4266.2
140,751.5,4246.9
140,752,4216.3
140,752.5,4183
140,753,4157.2
140,753.5,4137.8
140,754,4113.8
140,754.5,4084.4
140,755,4052.2
140,755.5,4018.5
140,756,3981.1
140,756.5,3959.7
140,756.99,3946.4
140,757.49,3924.2
140,757.99,3899.5
140,758.49,3898.3
140,758.99,3922.7
140,759.49,3931.9
140,759.99,3930.7
140,760.49,3932.8
140,760.99,3930.4
140,761.49,3938.6
140,761.99,3956.4
140,762.49,3977.4
140,762.99,3989.1
140,763.49,3994.1
140,763.98,3994.4
140,764.48,3992.2
140,764.98,3997.6
140,765.48,4012.2
140,765.98,4023
140,766.48,4029.6
140,766.98,4034.2
140,767.48,4036.8
140,767.98,4030.9
140,768.48,4025.5
140,768.98,4019.4
140,769.48,4008.4
140,769.98,3996.3
140,770.48,3989.8
140,770.98,3959.7
140,771.47,3891.7
140,771.97,3823.4
140,772.47,3795.4
140,772.97,3812.4
140,773.47,3835.7
140,773.97,3853
140,774.47,3874.9
140,774.97,3889.1
140,775.47,3902
140,775.97,3916.8
140,776.47,3924.6
140,776.97,3930.8
140,777.47,3932.3
140,777.97,3926.9
140,778.46,3920.8
140,778.96,3909.5
140,779.46,3878
140,779.96,3850
140,780.46,3832.8
140,780.96,3813.5
140,781.46,3789.1
140,781.96,3780.5
140,782.46,3787.9
140,782.96,3787
140,783.46,3780.1
140,783.96,3769.6
140,784.46,3756.9
140,784.96,3743.2
140,785.45,3727.7
140,785.95,3712.1
140,786.45,3697.1
140,786.95,3685.1
140,787.45,3675.2
140,787.95,3665.6
140,788.45,3655.3
140,788.95,3643.3
140,789.45,3625.9
140,789.95,3605.7
140,790.45,3577.5
140,790.95,3543.5
140,791.45,3502.5
140,791.95,3457.9
140,792.44,3411.4
140,792.94,3365.8
140,793.44,3326.8
140,793.94,3298.1
140,794.44,3282.1
140,794.94,3278
140,795.44,3274.5
140,795.94,3270.3
140,796.44,3264.9
140,796.94,3256.7
140,797.44,3245.5
140,797.94,3227.7
140,798.44,3209.4
140,798.94,3195.9
140,799.43,3184.2
140,799.93,3167.7
140,800.43,3149.2
140,800.93,3131.5
140,801.43,3119
140,801.93,3111.8
140,802.43,3129.2
140,802.93,3166.6
140,803.43,3207.5
140,803.93,3248.9
140,804.43,3288.5
140,804.93,3329.4
140,805.43,3369.9
140,805.93,3408.5
140,806.42,3445.7
140,806.92,3483.3
140,807.42,3519.3
140,807.92,3555.8
140,808.42,3598.6
140,808.92,3648.3
140,809.42,3698.3
140,809.92,3744.3
140,810.42,3784.8
140,810.92,3816.1
140,811.42,3836.7
140,811.92,3852.8
140,812.42,3872.1
140,812.92,3892.1
140,813.42,3910.5
140,813.91,3926.7
140,814.41,3939.1
140,814.91,3946.6
140,815.41,3950.7
140,815.91,3944.8
140,816.41,3954.1
140,816.91,3972.9
140,817.41,3983.5
140,817.91,3990.2
140,818.41,3988.3
140,818.91,3989.1
140,819.41,3996.1
140,819.91,4001.7
140,820.41,4005.1
140,820.9,4007.5
140,821.4,4009.1
140,821.9,4009.4
140,822.4,4009.4
140,822.9,4007.6
140,823.4,4004.8
140,823.9,4001.3
140,824.4,3998.9
140,824.9,3996.7
140,825.4,3995.3
140,825.9,3995.7
140,826.4,3996.8
140,826.9,4001.9
140,827.4,4008
140,827.89,4014.5
140,828.39,4023
140,828.89,4030.8
140,829.39,4037.5
140,829.89,4045.6
140,830.39,4052.7
140,830.89,4058.4
140,831.39,4062.6
140,831.89,4063.9
140,832.39,4062.1
140,832.89,4059.2
140,833.39,4055.5
140,833.89,4051.8
140,834.39,4046.7
140,834.88,4041.5
140,835.38,4037.2
140,835.88,4032
140,836.38,4028.7
140,836.88,4026.6
140,837.38,4024.5
140,837.88,4023.4
140,838.38,4022.3
140,838.88,4022.3
140,839.38,4021.8
140,839.88,4022.4
140,840.38,4022.4
140,840.88,4023.3
140,841.38,4023.3
140,841.87,4023.6
140,842.37,4023.2
140,842.87,4022.8
140,843.37,4021.6
140,843.87,4019.7
140,844.37,4016.5
140,844.87,4012.3
140,845.37,4007.9
140,845.87,4003.2
140,846.37,3997.4
140,846.87,3991.5
140,847.37,3986.1
140,847.87,3980.9
140,848.37,3977
140,848.86,3974.4
140,849.36,3971.8
140,849.86,3968.7
140,850.36,3967
140,850.86,3964.7
140,851.36,3962.8
140,851.86,3960.9
140,852.36,3959.8
140,852.86,3961.4
140,853.36,3964.2
140,853.86,3968.3
140,854.36,3974.5
140,854.86,3980.5
140,855.36,3986
140,855.86,3991.9
140,856.35,3998.3
140,856.85,4005
140,857.35,4012.9
140,857.85,4023.1
140,858.35,4031.8
140,858.85,4040.4
140,859.35,4049.2
140,859.85,4058.5
140,860.35,4067
140,860.85,4074.8
140,861.35,4081.4
140,861.85,4087.7
140,862.35,4093.7
140,862.85,4100
140,863.34,4106.2
140,863.84,4111.8
140,864.34,4117
140,864.84,4121.5
140,865.34,4125
140,865.84,4128.7
140,866.34,4133.4
140,866.84,4138
140,867.34,4142
140,867.84,4143.5
140,868.34,4141
140,868.84,4136
140,869.34,4130.7
140,869.84,4128.2
140,870.33,4131.8
140,870.83,4143.2
140,871.33,4159.1
140,871.83,4170.9
140,872.33,4173.3
140,872.83,4174.5
140,873.33,4173.5
140,873.83,4170.1
140,874.33,4160.8
140,874.83,4148.8
140,875.33,4136.4
140,875.83,4122.8
140,876.33,4109.7
140,876.83,4097.6
140,877.32,4087.6
140,877.82,4079
140,878.32,4070.7
140,878.82,4062.8
140,879.32,4054.4
140,879.82,4045.4
140,880.32,4037.3
140,880.82,4029.7
140,881.32,4022.8
140,881.82,4017.7
140,882.32,4014.4
140,882.82,4013.4
140,883.32,4013.6
140,883.82,4012.4
140,884.31,4009.6
140,884.81,4005.3
140,885.31,3999.7
140,885.81,3993.3
140,886.31,3984.2
140,886.81,3970.7
140,887.31,3954.1
140,887.81,3931.3
140,888.31,3905.3
140,888.81,3875.9
140,889.31,3841
140,889.81,3803.6
140,890.31,3779.8
140,890.81,3769.9
140,891.3,3766.5
140,891.8,3767.8
140,892.3,3773.4
140,892.8,3778.9
140,893.3,3784.9
140,893.8,3790.2
140,894.3,3796.2
140,894.8,3802
140,895.3,3807.8
140,895.8,3814.6
140,896.3,3821.6
140,896.8,3829.5
140,897.3,3837
140,897.8,3845.1
140,898.29,3852.6
140,898.79,3860
140,899.29,3866.6
140,899.79,3875.2
140,900.29,3883.3
140,900.79,3890.9
140,901.29,3896.6
140,901.79,3902.6
140,902.29,3907.6
140,902.79,3911.2
140,903.29,3915.7
140,903.79,3918.6
140,904.29,3919
140,904.79,3918.5
140,905.28,3916.1
140,905.78,3909.3
140,906.28,3900.8
140,906.78,3891
140,907.28,3880.2
140,907.78,3868.7
140,908.28,3863.4
140,908.78,3867
140,909.28,3900.1
140,909.78,3924
140,910.28,3941.7
140,910.78,3933.9
140,911.28,3927.2
140,911.78,3936.6
140,912.27,3939.8
140,912.77,3944
140,913.27,3962.4
140,913.77,3979.7
140,914.27,3973.3
140,914.77,3968.4
140,915.27,3963.5
140,915.77,3951.6
140,916.27,3937.2
140,916.77,3927.4
140,917.27,3940.1
140,917.77,3946.6
140,918.27,3943.1
140,918.77,3955.2
140,919.26,4001.6
140,919.76,4023.7
140,920.26,4030.5
140,920.76,4039.2
140,921.26,4051.4
140,921.76,4053.1
140,922.26,4044
140,922.76,4036.3
140,923.26,4010.9
140,923.76,3948.3
140,924.26,3902.9
140,924.76,3894.7
140,925.26,3891.1
140,925.75,3884.7
140,926.25,3876
140,926.75,3867.2
140,927.25,3858.9
140,927.75,3850.9
140,928.25,3843.3
140,928.75,3837.6
140,929.25,3833.1
140,929.75,3830.3
140,930.25,3828.2
140,930.75,3827.2
140,931.25,3828.3
140,931.75,3829.1
140,932.25,3829.5
140,932.74,3828.4
140,933.24,3826.7
140,933.74,3826.3
140,934.24,3825.9
140,934.74,3825.1
140,935.24,3823.6
140,935.74,3820
140,936.24,3813.4
140,936.74,3804.1
140,937.24,3793.4
140,937.74,3781.2
140,938.24,3768.9
140,938.74,3757.9
140,939.24,3743.8
140,939.73,3720.6
140,940.23,3690.9
140,940.73,3662.5
140,941.23,3642.2
140,941.73,3667.1
140,942.23,3720
140,942.73,3778.5
140,943.23,3825.2
140,943.73,3851
140,944.23,3863.5
140,944.73,3871.6
140,945.23,3880.3
140,945.73,3893.4
140,946.23,3909.8
140,946.72,3922.2
140,947.22,3929.1
140,947.72,3929.4
140,948.22,3926.2
140,948.72,3920.2
140,949.22,3912.6
140,949.72,3904.2
140,950.22,3896.1
140,950.72,3887
140,951.22,3875.6
140,951.72,3862.1
140,952.22,3849.1
140,952.72,3836.4
140,953.22,3826.3
140,953.71,3814.1
140,954.21,3801
140,954.71,3792.1
140,955.21,3791
140,955.71,3794.8
140,956.21,3802.8
140,956.71,3813.3
140,957.21,3825
140,957.71,3838
140,958.21,3850.4
140,958.71,3863.2
140,959.21,3874.5
140,959.71,3884.1
140,960.21,3891.6
140,960.7,3898.1
140,961.2,3905.1
140,961.7,3911.8
140,962.2,3918.6
140,962.7,3926.5
140,963.2,3937.5
140,963.7,3946.1
140,964.2,3951.2
140,964.7,3953.9
140,965.2,3955
140,965.7,3956.1
140,966.2,3957.2
140,966.7,3957.3
140,967.19,3956.9
140,967.69,3957.3
140,968.19,3958.2
140,968.69,3958.7
140,969.19,3957
140,969.69,3952.9
140,970.19,3947.6
140,970.69,3940.4
140,971.19,3936.3
140,971.69,3936.4
140,972.19,3944.4
140,972.69,3961.3
140,973.19,3989.9
140,973.69,4024.9
140,974.18,4061.2
140,974.68,4095.7
140,975.18,4125.4
140,975.68,4138.1
140,976.18,4135.6
140,976.68,4123.1
140,977.18,4108.9
140,977.68,4092.9
140,978.18,4077.8
140,978.68,4062.2
140,979.18,4045.9
140,979.68,4030.6
140,980.18,4015.4
140,980.68,4001.2
140,981.17,3988.7
140,981.67,3979
140,982.17,3971.1
140,982.67,3965.4
140,983.17,3962.3
140,983.67,3964.1
140,984.17,3967.3
140,984.67,3972.3
140,985.17,3977.6
140,985.67,3985
140,986.17,3993
140,986.67,4000.1
140,987.17,4005.1
140,987.67,4009.6
140,988.16,4012.7
140,988.66,4014.9
140,989.16,4015
140,989.66,4012
140,990.16,4007.8
140,990.66,4004
140,991.16,4002.1
140,991.66,4002.4
140,992.16,4004.7
140,992.66,4008
140,993.16,4010.3
140,993.66,4013.6
140,994.16,4015.5
140,994.66,4015.3
140,995.15,4010.7
140,995.65,4003.9
140,996.15,3996.5
140,996.65,3988.2
140,997.15,3979.9
140,997.65,3974.1
140,998.15,3971.3
140,998.65,3968.2
140,999.15,3967.7
140,999.65,3967.6
140,1000.15,3966.3
140,1000.65,3963.2
140,1001.15,3960.1
140,1001.65,3959.9
140,1002.14,3959.8
140,1002.64,3959.6
140,1003.14,3958.5
140,1003.64,3957.9
140,1004.14,3956.2
140,1004.64,3953.4
140,1005.14,3949.9
140,1005.64,3946.1
140,1006.14,3941.5
140,1006.64,3937
140,1007.14,3934.4
140,1007.64,3931
140,1008.14,3928.4
140,1008.63,3923
140,1009.13,3917.2
140,1009.63,3914.2
140,1010.13,3913.3
140,1010.63,3939.1
140,1011.13,3958.7
140,1011.63,3985.8
140,1012.13,4013.6
140,1012.63,4034.9
140,1013.13,4039.9
140,1013.63,4036.3
140,1014.13,4023.1
140,1014.63,3996.6
140,1015.13,3977.8
140,1015.62,3967.7
140,1016.12,3948.9
140,1016.62,3940.5
140,1017.12,3930.3
140,1017.62,3917.4
140,1018.12,3923.4
140,1018.62,3939.9
140,1019.12,3959.7
140,1019.62,3983.9
140,1020.12,3986.9
140,1020.62,3980
140,1021.12,3964.5
140,1021.62,3945.4
140,1022.12,3931.1
140,1022.61,3915.5
140,1023.11,3899.6
140,1023.61,3888.1
140,1024.11,3876.2
140,1024.61,3865.3
140,1025.11,3858.4
140,1025.61,3854.7
140,1026.11,3847.3
140,1026.61,3839.3
140,1027.11,3843.1
140,1027.61,3866.1
140,1028.11,3895.4
140,1028.61,3937.7
140,1029.11,3989
140,1029.6,4048.5
140,1030.1,4117.7
140,1030.6,4212.1
140,1031.1,4334.4
140,1031.6,4721.9
140,1032.1,4381.5
140,1032.6,4096
140,1033.1,3966.4
140,1033.6,3922.9
140,1034.1,3912.9
140,1034.6,3929.9
140,1035.1,3943.4
140,1035.6,3939.7
140,1036.1,3940.8
140,1036.59,3950
140,1037.09,3963.3
140,1037.59,3962.6
150,0,100.4
150,0.5,126.5
150,1,157.6
150,1.5,194.5
150,2,254.9
150,2.5,325.8
150,3,404.4
150,3.5,469.4
150,3.99,521.9
150,4.49,572.9
150,4.99,617.5
150,5.49,652.5
150,5.99,671.3
150,6.49,681.9
150,6.99,694.9
150,7.49,711
150,7.99,730.4
150,8.49,751.3
150,8.99,772.3
150,9.49,799
150,9.99,829
150,10.49,856
150,10.99,874.2
150,11.49,883.6
150,11.98,890.7
150,12.48,896.9
150,12.98,902.1
150,13.48,905.4
150,13.98,907.2
150,14.48,909.2
150,14.98,915.5
150,15.48,925.2
150,15.98,932.7
150,16.48,938.8
150,16.98,947.3
150,17.48,959.5
150,17.98,971.9
150,18.48,980.5
150,18.98,988.5
150,19.47,995.8
150,19.97,1001.1
150,20.47,1013.4
150,20.97,1024.4
150,21.47,1032.9
150,21.97,1042.2
150,22.47,1053.4
150,22.97,1065.9
150,23.47,1077.2
150,23.97,1088.4
150,24.47,1099.3
150,24.97,1113.3
150,25.47,1128
150,25.97,1143.6
150,26.47,1160.7
150,26.96,1176.4
150,27.46,1189
150,27.96,1198.4
150,28.46,1204.4
150,28.96,1206.2
150,29.46,1204.2
150,29.96,1198.7
150,30.46,1199.2
150,30.96,1205.2
150,31.46,1214.3
150,31.96,1222.6
150,32.46,1230.4
150,32.96,1238.9
150,33.46,1248.1
150,33.96,1257.1
150,34.46,1265.5
150,34.95,1272.7
150,35.45,1284.6
150,35.95,1300.3
150,36.45,1303.1
150,36.95,1303.5
150,37.45,1303.8
150,37.95,1303.6
150,38.45,1306.5
150,38.95,1315
150,39.45,1328.4
150,39.95,1344.5
150,40.45,1361.9
150,40.95,1379.5
150,41.45,1395.3
150,41.95,1411.8
150,42.44,1426.3
150,42.94,1433.6
150,43.44,1440.4
150,43.94,1447.9
150,44.44,1449
150,44.94,1451.1
150,45.44,1458.5
150,45.94,1467.7
150,46.44,1476.6
150,46.94,1485.7
150,47.44,1495
150,47.94,1504.7
150,48.44,1513.1
150,48.94,1522.2
150,49.44,1533.3
150,49.93,1543.6
150,50.43,1552.5
150,50.93,1560.5
150,51.43,1566.9
150,51.93,1573
150,52.43,1580.9
150,52.93,1589.8
150,53.43,1598.5
150,53.93,1611.7
150,54.43,1623.7
150,54.93,1639.6
150,55.43,1651.8
150,55.93,1666.3
150,56.43,1679.3
150,56.93,1691.7
150,57.43,1701.1
150,57.92,1707.3
150,58.42,1720
150,58.92,1732.8
150,59.42,1748.8
150,59.92,1767.9
150,60.42,1787.6
150,60.92,1802
150,61.42,1806.2
150,61.92,1804.8
150,62.42,1809
150,62.92,1822.6
150,63.42,1821.6
150,63.92,1829.3
150,64.42,1841.7
150,64.92,1852.6
150,65.41,1865.7
150,65.91,1875.5
150,66.41,1875.7
150,66.91,1879.4
150,67.41,1879.5
150,67.91,1861.9
150,68.41,1841.3
150,68.91,1819.8
150,69.41,1808.3
150,69.91,1814.1
150,70.41,1810.4
150,70.91,1769.8
150,71.41,1720
150,71.91,1682.7
150,72.41,1643.1
150,72.9,1600.9
150,73.4,1560.9
150,73.9,1527.6
150,74.4,1499.4
150,74.9,1462
150,75.4,1414.2
150,75.9,1356.6
150,76.4,1278.5
150,76.9,1208.8
150,77.4,1205.4
150,77.9,1259.8
150,78.4,1331
150,78.9,1410
150,79.4,1488.1
150,79.9,1556.6
150,80.4,1637
150,80.89,1713.8
150,81.39,1775
150,81.89,1841.6
150,82.39,1915.6
150,82.89,1983.1
150,83.39,2031.4
150,83.89,2076.9
150,84.39,2155.3
150,84.89,2232
150,85.39,2295.1
150,85.89,2425.9
150,86.39,2558.3
150,86.89,2629.2
150,87.39,2659
150,87.89,2667.3
150,88.38,2667.5
150,88.88,2661.1
150,89.38,2647.2
150,89.88,2636.4
150,90.38,2624.1
150,90.88,2614
150,91.38,2606.3
150,91.88,2592.3
150,92.38,2579.2
150,92.88,2573.8
150,93.38,2589.3
150,93.88,2605.6
150,94.38,2605.2
150,94.88,2633.2
150,95.38,2718.4
150,95.87,2772.5
150,96.37,2791.1
150,96.87,2806.3
150,97.37,2831.5
150,97.87,2864.4
150,98.37,2891.1
150,98.87,2925.5
150,99.37,2997
150,99.87,3149.1
150,100.37,3248
150,100.87,3261.1
150,101.37,3244.1
150,101.87,3231.8
150,102.37,3231.2
150,102.87,3233.9
150,103.37,3233.4
150,103.86,3226.2
150,104.36,3217
150,104.86,3205.8
150,105.36,3165.3
150,105.86,3020.8
150,106.36,2801.8
150,106.86,2645.2
150,107.36,2567
150,107.86,2505.7
150,108.36,2451.2
150,108.86,2454.5
150,109.36,2468.6
150,109.86,2456.7
150,110.36,2426.2
150,110.86,2394.2
150,111.35,2366.5
150,111.85,2342.4
150,112.35,2303.2
150,112.85,2221.2
150,113.35,2026.2
150,113.85,1815.8
150,114.35,1638.9
150,114.85,1472.1
150,115.35,1352.9
150,115.85,1327.4
150,116.35,1329.7
150,116.85,1338.4
150,117.35,1337.9
150,117.85,1339.4
150,118.35,1337.6
150,118.84,1339
150,119.34,1341.1
150,119.84,1340.1
150,120.34,1338.9
150,120.84,1337.5
150,121.34,1337.1
150,121.84,1335.1
150,122.34,1339.5
150,122.84,1346.3
150,123.34,1353.6
150,123.84,1362.1
150,124.34,1370
150,124.84,1378.7
150,125.34,1391.4
150,125.84,1405.5
150,126.34,1416.2
150,126.83,1420.1
150,127.33,1416
150,127.83,1411.1
150,128.33,1408.1
150,128.83,1407.2
150,129.33,1408.7
150,129.83,1415.9
150,130.33,1428.1
150,130.83,1417.5
150,131.33,1385.7
150,131.83,1370.7
150,132.33,1389.8
150,132.83,1403.7
150,133.33,1422.3
150,133.83,1431
150,134.32,1430.1
150,134.82,1417.3
150,135.32,1393
150,135.82,1363.6
150,136.32,1294.7
150,136.82,1230.4
150,137.32,1171.5
150,137.82,1106.2
150,138.32,1044.8
150,138.82,1037.9
150,139.32,1062.4
150,139.82,1094.9
150,140.32,1103.6
150,140.82,1119.7
150,141.32,1155.2
150,141.81,1199.5
150,142.31,1268.5
150,142.81,1353.8
150,143.31,1477.5
150,143.81,1596.5
150,144.31,1603.7
150,144.81,1453.9
150,145.31,1269.3
150,145.81,1192.1
150,146.31,1194.8
150,146.81,1255
150,147.31,1372.5
150,147.81,1522.6
150,148.31,1669.1
150,148.81,1780.1
150,149.3,1831.2
150,149.8,1842
150,150.3,1860.7
150,150.8,1859
150,151.3,1852.1
150,151.8,1846.4
150,152.3,1840.7
150,152.8,1834.7
150,153.3,1828.7
150,153.8,1821.8
150,154.3,1807.2
150,154.8,1783.3
150,155.3,1753.2
150,155.8,1718.5
150,156.3,1664.2
150,156.79,1573
150,157.29,1454.1
150,157.79,1346.8
150,158.29,1261.4
150,158.79,1177.8
150,159.29,1146
150,159.79,1221.4
150,160.29,1347.4
150,160.79,1387.8
150,161.29,1290
150,161.79,1167.8
150,162.29,1106.1
150,162.79,1086.6
150,163.29,1076.9
150,163.79,1052
150,164.28,1019.2
150,164.78,997.5
150,165.28,984.2
150,165.78,973.5
150,166.28,961.6
150,166.78,944.9
150,167.28,921.6
150,167.78,869.2
150,168.28,856.1
150,168.78,869.1
150,169.28,856
150,169.78,835.6
150,170.28,818.9
150,170.78,799.3
150,171.28,777.2
150,171.77,754.2
150,172.27,733.3
150,172.77,717.5
150,173.27,707.7
150,173.77,675
150,174.27,615.7
150,174.77,564.5
150,175.27,530.9
150,175.77,502.5
150,176.27,450.2
150,176.77,403.2
150,177.27,371
150,177.77,380.2
150,178.27,380
150,178.77,359.8
150,179.26,291.4
150,179.76,182.4
150,180.26,50.3
150,180.76,8.2
150,181.26,3.1
150,181.76,0.2
150,182.26,0
150,182.76,0
150,183.26,0
150,183.76,0
150,184.26,0
150,184.76,0
150,185.26,0
150,185.76,0
150,186.25,0
150,186.75,0
150,187.25,0
150,187.75,0
150,188.25,0
150,188.75,0
150,189.25,0
150,189.75,0
150,190.25,0
150,190.75,0
150,191.25,0
150,191.75,0
150,192.25,0
150,192.75,0
150,193.25,0
150,193.74,0
150,194.24,0
150,194.74,0
150,195.24,0
150,195.74,0
150,196.24,0
150,196.74,0
150,197.24,0
150,197.74,0
150,198.24,0
150,198.74,0
150,199.24,0
150,199.74,0
150,200.24,0
150,200.74,0
150,201.23,0
150,201.73,0
150,202.23,0
150,202.73,0
150,203.23,0
150,203.73,0
150,204.23,0
150,204.73,0
150,205.23,0
150,205.73,0
150,206.23,0
150,206.73,0
150,207.23,0
150,207.73,0
150,208.23,0
150,208.72,0
150,209.22,0
150,209.72,0
150,210.22,0
150,210.72,0
150,211.22,0
150,211.72,0
150,212.22,0
150,212.72,0
150,213.22,0
150,213.72,0
150,214.22,0
150,214.72,0
150,215.22,0
150,215.72,0
150,216.21,0
150,216.71,0
150,217.21,0
150,217.71,0
150,218.21,0
150,218.71,0
150,219.21,0
150,219.71,0
150,220.21,0
150,220.71,0
150,221.21,0
150,221.71,0
150,222.21,0
150,222.71,0
150,223.2,0
150,223.7,0
150,224.2,0
150,224.7,0
150,225.2,0
150,225.7,0
150,226.2,0
150,226.7,0
150,227.2,0
150,227.7,0
150,228.2,0
150,228.7,0
150,229.2,0
150,229.7,0
150,230.2,0
150,230.69,0
150,231.19,0
150,231.69,0
150,232.19,0
150,232.69,0
150,233.19,0
150,233.69,0
150,234.19,0
150,234.69,0
150,235.19,0
150,235.69,0
150,236.19,0
150,236.69,0
150,237.19,0
150,237.69,0
150,238.18,0
150,238.68,0
150,239.18,0
150,239.68,0
150,240.18,0
150,240.68,0
150,241.18,0
150,241.68,0
150,242.18,0
150,242.68,0
150,243.18,0
150,243.68,0
150,244.18,0
150,244.68,0
150,245.18,0
150,245.67,0
150,246.17,0
150,246.67,0
150,247.17,0
150,247.67,0
150,248.17,0
150,248.67,2.5
150,249.17,14.5
150,249.67,23.8
150,250.17,37.2
150,250.67,49.2
150,251.17,61.1
150,251.67,70.2
150,252.17,74.7
150,252.67,82.1
150,253.16,90
150,253.66,100.3
150,254.16,114.7
150,254.66,136
150,255.16,153
150,255.66,169.4
150,256.16,185.5
150,256.66,198.3
150,257.16,207.1
150,257.66,209.6
150,258.16,205.2
150,258.66,195.4
150,259.16,187
150,259.66,181.2
150,260.15,176.9
150,260.65,172.3
150,261.15,168.6
150,261.65,165.1
150,262.15,161.6
150,262.65,157.4
150,263.15,154.3
150,263.65,152.8
150,264.15,152.9
150,264.65,152.5
150,265.15,151.5
150,265.65,148.5
150,266.15,142.1
150,266.65,132
150,267.15,123
150,267.64,119.1
150,268.14,121.3
150,268.64,126.4
150,269.14,132.5
150,269.64,138.5
150,270.14,142.4
150,270.64,143
150,271.14,142.4
150,271.64,142.2
150,272.14,141.8
150,272.64,142.7
150,273.14,144
150,273.64,147.2
150,274.14,153.3
150,274.64,163.1
150,275.13,163.6
150,275.63,158.7
150,276.13,152.1
150,276.63,142.9
150,277.13,134.5
150,277.63,129.6
150,278.13,125.9
150,278.63,120.7
150,279.13,115.2
150,279.63,112.3
150,280.13,111.9
150,280.63,114.6
150,281.13,121.6
150,281.63,138.2
150,282.13,157
150,282.62,173.4
150,283.12,190
150,283.62,209.6
150,284.12,224.1
150,284.62,238.9
150,285.12,254
150,285.62,264
150,286.12,274.6
150,286.62,282.1
150,287.12,288.7
150,287.62,293
150,288.12,298.8
150,288.62,307.2
150,289.12,318.8
150,289.62,325.8
150,290.11,326.5
150,290.61,324.5
150,291.11,330.8
150,291.61,344.7
150,292.11,364.2
150,292.61,375.3
150,293.11,388.4
150,293.61,405.6
150,294.11,426.7
150,294.61,451.9
150,295.11,478.7
150,295.61,506.2
150,296.11,532.4
150,296.61,559.5
150,297.1,593.6
150,297.6,613.2
150,298.1,624.1
150,298.6,617
150,299.1,597.4
150,299.6,566.8
150,300.1,527.6
150,300.6,508.2
150,301.1,505.1
150,301.6,504
150,302.1,503.5
150,302.6,506.3
150,303.1,509.7
150,303.6,503.3
150,304.1,500.7
150,304.59,518.6
150,305.09,537.3
150,305.59,567.2
150,306.09,590.6
150,306.59,606.9
150,307.09,627.4
150,307.59,654.6
150,308.09,686.9
150,308.59,719.8
150,309.09,749.6
150,309.59,775
150,310.09,798
150,310.59,824
150,311.09,848.2
150,311.58,869.8
150,312.08,883
150,312.58,884.9
150,313.08,880.1
150,313.58,884.8
150,314.08,909.1
150,314.58,937.3
150,315.08,967
150,315.58,974.9
150,316.08,963.7
150,316.58,954.6
150,317.08,963.2
150,317.58,986.8
150,318.08,1033.4
150,318.57,1056.9
150,319.07,1058.1
150,319.57,1069.1
150,320.07,1085.6
150,320.57,1097.2
150,321.07,1107.9
150,321.57,1121.1
150,322.07,1135.8
150,322.57,1141.1
150,323.07,1138.4
150,323.57,1136.7
150,324.07,1140.6
150,324.57,1158.1
150,325.07,1173.7
150,325.57,1191.8
150,326.06,1209.9
150,326.56,1229.8
150,327.06,1249.8
150,327.56,1267.2
150,328.06,1281.6
150,328.56,1292.5
150,329.06,1305.3
150,329.56,1324
150,330.06,1316.3
150,330.56,1283.6
150,331.06,1266.9
150,331.56,1271.7
150,332.06,1283.9
150,332.56,1297.4
150,333.05,1305.3
150,333.55,1311.6
150,334.05,1315.4
150,334.55,1314.8
150,335.05,1315.6
150,335.55,1314.1
150,336.05,1310.7
150,336.55,1308.1
150,337.05,1306.5
150,337.55,1307.2
150,338.05,1303.9
150,338.55,1291
150,339.05,1272.4
150,339.55,1247.6
150,340.05,1226.1
150,340.54,1218.1
150,341.04,1221.5
150,341.54,1241
150,342.04,1257.9
150,342.54,1270
150,343.04,1276.6
150,343.54,1265
150,344.04,1220.2
150,344.54,1185.1
150,345.04,1155.1
150,345.54,1117.1
150,346.04,1098.4
150,346.54,1118.2
150,347.04,1157.9
150,347.53,1154.4
150,348.03,1183.8
150,348.53,1277.4
150,349.03,1364.7
150,349.53,1402.2
150,350.03,1385
150,350.53,1353.6
150,351.03,1374
150,351.53,1453.1
150,352.03,1578.7
150,352.53,1609.8
150,353.03,1629.1
150,353.53,1668
150,354.03,1711
150,354.52,1761.7
150,355.02,1804.6
150,355.52,1829.8
150,356.02,1862.2
150,356.52,1912.9
150,357.02,1974.7
150,357.52,2026.8
150,358.02,2035.1
150,358.52,2024.5
150,359.02,2040.9
150,359.52,2071.1
150,360.02,2108.2
150,360.52,2187.5
150,361.02,2218
150,361.52,2272.8
150,362.01,2314.6
150,362.51,2316.2
150,363.01,2325.1
150,363.51,2370.7
150,364.01,2419.6
150,364.51,2468.7
150,365.01,2517.9
150,365.51,2563.1
150,366.01,2608.1
150,366.51,2649.6
150,367.01,2674.3
150,367.51,2686.7
150,368.01,2698.3
150,368.51,2711.5
150,369,2721.3
150,369.5,2729.1
150,370,2736.9
150,370.5,2747.2
150,371,2758.8
150,371.5,2769.8
150,372,2781.5
150,372.5,2793.5
150,373,2804.6
150,373.5,2816.6
150,374,2831.2
150,374.5,2850.4
150,375,2868.1
150,375.5,2882.1
150,375.99,2895
150,376.49,2910.9
150,376.99,2928.6
150,377.49,2944.6
150,377.99,2958.1
150,378.49,2968
150,378.99,2974
150,379.49,2980.9
150,379.99,2992.8
150,380.49,3004
150,380.99,3012.9
150,381.49,3017.4
150,381.99,3026.8
150,382.49,3033.1
150,382.99,3035.1
150,383.48,3037.6
150,383.98,3037.8
150,384.48,3040.2
150,384.98,3047.6
150,385.48,3052.4
150,385.98,3052.9
150,386.48,3050.7
150,386.98,3049
150,387.48,3052.8
150,387.98,3055.9
150,388.48,3053.8
150,388.98,3047
150,389.48,3042.3
150,389.98,3040.2
150,390.47,3043.1
150,390.97,3048.5
150,391.47,3052.8
150,391.97,3057.9
150,392.47,3066.2
150,392.97,3075.9
150,393.47,3085.2
150,393.97,3089.8
150,394.47,3091.2
150,394.97,3095.9
150,395.47,3109.2
150,395.97,3124
150,396.47,3115
150,396.97,3118.2
150,397.47,3120.3
150,397.96,3114.5
150,398.46,3114.4
150,398.96,3117.1
150,399.46,3118.6
150,399.96,3117.1
150,400.46,3114.6
150,400.96,3112
150,401.46,3109.7
150,401.96,3106.9
150,402.46,3106.6
150,402.96,3109.9
150,403.46,3116.6
150,403.96,3123.7
150,404.46,3127.9
150,404.95,3131
150,405.45,3131.2
150,405.95,3139.1
150,406.45,3155.9
150,406.95,3175.3
150,407.45,3197.1
150,407.95,3199.1
150,408.45,3194.6
150,408.95,3187.1
150,409.45,3183
150,409.95,3184
150,410.45,3188.6
150,410.95,3189
150,411.45,3189.2
150,411.94,3191.1
150,412.44,3192.9
150,412.94,3195.1
150,413.44,3195.9
150,413.94,3197.7
150,414.44,3203.2
150,414.94,3208.2
150,415.44,3209.4
150,415.94,3212.2
150,416.44,3220.9
150,416.94,3228.5
150,417.44,3236
150,417.94,3246.3
150,418.44,3255.3
150,418.94,3258
150,419.43,3254.5
150,419.93,3254.9
150,420.43,3254.7
150,420.93,3255
150,421.43,3253.6
150,421.93,3253
150,422.43,3255.8
150,422.93,3257.8
150,423.43,3258.7
150,423.93,3263.8
150,424.43,3270.1
150,424.93,3270.1
150,425.43,3267.3
150,425.93,3264.2
150,426.42,3262.4
150,426.92,3262.8
150,427.42,3261.1
150,427.92,3255.2
150,428.42,3243.4
150,428.92,3231.6
150,429.42,3229.5
150,429.92,3246.9
150,430.42,3269.3
150,430.92,3290.7
150,431.42,3299.6
150,431.92,3295.8
150,432.42,3290.3
150,432.92,3282.7
150,433.41,3277.7
150,433.91,3262.4
150,434.41,3269.8
150,434.91,3284.2
150,435.41,3299.4
150,435.91,3300.8
150,436.41,3290.6
150,436.91,3276.1
150,437.41,3269.1
150,437.91,3274.6
150,438.41,3286.1
150,438.91,3298.2
150,439.41,3312.7
150,439.91,3320
150,440.41,3322.2
150,440.9,3327
150,441.4,3333.2
150,441.9,3333
150,442.4,3330.5
150,442.9,3332.4
150,443.4,3337.7
150,443.9,3351.7
150,444.4,3373.4
150,444.9,3392.7
150,445.4,3407.7
150,445.9,3418.1
150,446.4,3419.9
150,446.9,3421
150,447.4,3426.3
150,447.89,3433.9
150,448.39,3442.3
150,448.89,3445.1
150,449.39,3452.4
150,449.89,3463.2
150,450.39,3468.3
150,450.89,3471.7
150,451.39,3478.3
150,451.89,3484.5
150,452.39,3483.6
150,452.89,3475.3
150,453.39,3461.8
150,453.89,3431.5
150,454.39,3402.7
150,454.88,3408.7
150,455.38,3414.2
150,455.88,3418.2
150,456.38,3418.2
150,456.88,3417.1
150,457.38,3412.2
150,457.88,3409.3
150,458.38,3407.1
150,458.88,3406
150,459.38,3402
150,459.88,3392.5
150,460.38,3371.2
150,460.88,3370
150,461.38,3403.5
150,461.87,3441.9
150,462.37,3459
150,462.87,3399.9
150,463.37,3367
150,463.87,3349
150,464.37,3360.1
150,464.87,3365.4
150,465.37,3366.6
150,465.87,3355.4
150,466.37,3345.1
150,466.87,3336
150,467.37,3328.4
150,467.87,3323.3
150,468.37,3321
150,468.86,3319.6
150,469.36,3320.5
150,469.86,3321.1
150,470.36,3323.5
150,470.86,3327.1
150,471.36,3329
150,471.86,3326.9
150,472.36,3323.5
150,472.86,3320.8
150,473.36,3318.9
150,473.86,3321.1
150,474.36,3324.9
150,474.86,3327.8
150,475.36,3330
150,475.85,3330.2
150,476.35,3329
150,476.85,3322.3
150,477.35,3316.8
150,477.85,3316.7
150,478.35,3324.2
150,478.85,3334.2
150,479.35,3345.7
150,479.85,3367.4
150,480.35,3373.5
150,480.85,3364.4
150,481.35,3351.1
150,481.85,3336.5
150,482.35,3324.1
150,482.84,3315.7
150,483.34,3311
150,483.84,3309.2
150,484.34,3310.9
150,484.84,3317.5
150,485.34,3324.8
150,485.84,3333.3
150,486.34,3341.8
150,486.84,3350.7
150,487.34,3360.3
150,487.84,3370
150,488.34,3378.7
150,488.84,3384.7
150,489.34,3386.7
150,489.83,3387.3
150,490.33,3385.3
150,490.83,3382.8
150,491.33,3383.1
150,491.83,3382.1
150,492.33,3376.8
150,492.83,3369
150,493.33,3363.2
150,493.83,3369.4
150,494.33,3377.7
150,494.83,3382.9
150,495.33,3386.3
150,495.83,3393.8
150,496.33,3403.6
150,496.82,3412.4
150,497.32,3422.8
150,497.82,3438.4
150,498.32,3447.2
150,498.82,3456.8
150,499.32,3455.8
150,499.82,3448.6
150,500.32,3437.9
150,500.82,3428.4
150,501.32,3424.7
150,501.82,3427.2
150,502.32,3427.6
150,502.82,3420.9
150,503.32,3415.8
150,503.81,3415.3
150,504.31,3417.1
150,504.81,3420.6
150,505.31,3424.4
150,505.81,3428.7
150,506.31,3432.1
150,506.81,3435
150,507.31,3441.7
150,507.81,3449.3
150,508.31,3455.3
150,508.81,3457.8
150,509.31,3458.5
150,509.81,3456.3
150,510.31,3454.8
150,510.8,3450.9
150,511.3,3450.7
150,511.8,3454.5
150,512.3,3476.3
150,512.8,3480.4
150,513.3,3479.7
150,513.8,3480.4
150,514.3,3473.3
150,514.8,3470.2
150,515.3,3479.3
150,515.8,3493.1
150,516.3,3497
150,516.8,3487.4
150,517.3,3481.8
150,517.79,3480
150,518.29,3483.2
150,518.79,3488.3
150,519.29,3493.7
150,519.79,3497
150,520.29,3501.4
150,520.79,3533.4
150,521.29,3535.5
150,521.79,3531.1
150,522.29,3534
150,522.79,3551.9
150,523.29,3567.9
150,523.79,3574.6
150,524.28,3577.4
150,524.78,3574.2
150,525.28,3560.5
150,525.78,3543.7
150,526.28,3526.4
150,526.78,3505
150,527.28,3480.5
150,527.78,3458.8
150,528.28,3452.4
150,528.78,3450.8
150,529.28,3455.2
150,529.78,3458.6
150,530.28,3467
150,530.78,3468.7
150,531.27,3469.9
150,531.77,3468.5
150,532.27,3471
150,532.77,3472.8
150,533.27,3476.2
150,533.77,3479.9
150,534.27,3483.2
150,534.77,3485.4
150,535.27,3486.7
150,535.77,3486.8
150,536.27,3485.7
150,536.77,3485.2
150,537.27,3482.1
150,537.77,3478.3
150,538.26,3474.7
150,538.76,3471.5
150,539.26,3469
150,539.76,3465.1
150,540.26,3462.1
150,540.76,3461
150,541.26,3460.6
150,541.76,3459
150,542.26,3457.3
150,542.76,3456.9
150,543.26,3456.1
150,543.76,3454.6
150,544.26,3452.6
150,544.76,3451.4
150,545.25,3449.8
150,545.75,3448
150,546.25,3446.9
150,546.75,3445
150,547.25,3440
150,547.75,3433.5
150,548.25,3423.9
150,548.75,3412.3
150,549.25,3400.4
150,549.75,3388.7
150,550.25,3378.2
150,550.75,3373
150,551.25,3374.7
150,551.75,3379.7
150,552.24,3391.6
150,552.74,3411.7
150,553.24,3434.2
150,553.74,3457.4
150,554.24,3471.1
150,554.74,3489.6
150,555.24,3495.9
150,555.74,3512
150,556.24,3514.2
150,556.74,3519.9
150,557.24,3530.9
150,557.74,3544
150,558.24,3560.2
150,558.74,3578.9
150,559.23,3598.1
150,559.73,3616.9
150,560.23,3633.8
150,560.73,3649.1
150,561.23,3662.9
150,561.73,3675.7
150,562.23,3687.9
150,562.73,3697.8
150,563.23,3706.1
150,563.73,3714.6
150,564.23,3723.6
150,564.73,3731.7
150,565.23,3741.7
150,565.73,3751.3
150,566.22,3730.7
150,566.72,3719.3
150,567.22,3715.9
150,567.72,3700
150,568.22,3688.4
150,568.72,3685.1
150,569.22,3687.6
150,569.72,3680.3
150,570.22,3673.8
150,570.72,3675.3
150,571.22,3682.1
150,571.72,3682.7
150,572.22,3677.7
150,572.72,3686.8
150,573.21,3701.9
150,573.71,3700.4
150,574.21,3683.6
150,574.71,3660.8
150,575.21,3647.1
150,575.71,3660.5
150,576.21,3694.2
150,576.71,3706.9
150,577.21,3730.6
150,577.71,3743.1
150,578.21,3716.4
150,578.71,3698.6
150,579.21,3694.4
150,579.71,3692.1
150,580.2,3691.8
150,580.7,3693.9
150,581.2,3697.9
150,581.7,3702
150,582.2,3706.3
150,582.7,3710.2
150,583.2,3714.8
150,583.7,3719.1
150,584.2,3723.7
150,584.7,3728.5
150,585.2,3734.4
150,585.7,3738.9
150,586.2,3742.3
150,586.7,3742.7
150,587.19,3742.5
150,587.69,3740.9
150,588.19,3738.3
150,588.69,3735.6
150,589.19,3732.1
150,589.69,3728
150,590.19,3728.1
150,590.69,3730.7
150,591.19,3736.8
150,591.69,3745.2
150,592.19,3752.9
150,592.69,3736
150,593.19,3723
150,593.69,3730.7
150,594.18,3738.1
150,594.68,3740.8
150,595.18,3740.8
150,595.68,3741.3
150,596.18,3742.2
150,596.68,3743.8
150,597.18,3746.1
150,597.68,3747.9
150,598.18,3748.7
150,598.68,3747.9
150,599.18,3747.5
150,599.68,3746.6
150,600.18,3746.2
150,600.68,3745.2
150,601.17,3743
150,601.67,3739.8
150,602.17,3736.6
150,602.67,3734.8
150,603.17,3733.9
150,603.67,3733.6
150,604.17,3733.1
150,604.67,3733.8
150,605.17,3736.4
150,605.67,3739
150,606.17,3741.9
150,606.67,3745.9
150,607.17,3751.4
150,607.66,3757.6
150,608.16,3764
150,608.66,3764.7
150,609.16,3760.7
150,609.66,3760.9
150,610.16,3760.2
150,610.66,3758.2
150,611.16,3755.4
150,611.66,3754.4
150,612.16,3757.3
150,612.66,3761.6
150,613.16,3766
150,613.66,3769.2
150,614.16,3771.4
150,614.65,3771.7
150,615.15,3769
150,615.65,3766.1
150,616.15,3764.4
150,616.65,3762.7
150,617.15,3762.6
150,617.65,3761.2
150,618.15,3756
150,618.65,3754.4
150,619.15,3771.5
150,619.65,3798.2
150,620.15,3829.4
150,620.65,3848.7
150,621.14,3851.9
150,621.64,3845.9
150,622.14,3854.2
150,622.64,3851.8
150,623.14,3846.9
150,623.64,3842.4
150,624.14,3838.9
150,624.64,3835.2
150,625.14,3832.4
150,625.64,3830.2
150,626.14,3829
150,626.64,3825.5
150,627.14,3821.8
150,627.64,3816.2
150,628.13,3809.9
150,628.63,3803
150,629.13,3796.2
150,629.63,3788.9
150,630.13,3782.4
150,630.63,3775
150,631.13,3767
150,631.63,3758
150,632.13,3749.1
150,632.63,3741.2
150,633.13,3732.8
150,633.63,3727.3
150,634.13,3721.9
150,634.62,3719.5
150,635.12,3719.1
150,635.62,3718.9
150,636.12,3717.9
150,636.62,3716.6
150,637.12,3716.1
150,637.62,3715.7
150,638.12,3716.4
150,638.62,3718.2
150,639.12,3720.1
150,639.62,3723.5
150,640.12,3727.1
150,640.62,3731.1
150,641.12,3734.4
150,641.61,3738.4
150,642.11,3739
150,642.61,3738.7
150,643.11,3738
150,643.61,3736.1
150,644.11,3733
150,644.61,3725.9
150,645.11,3717.9
150,645.61,3712
150,646.11,3708.8
150,646.61,3707.8
150,647.11,3709
150,647.61,3708.4
150,648.11,3709.7
150,648.6,3715.8
150,649.1,3721.9
150,649.6,3729
150,650.1,3734
150,650.6,3736.8
150,651.1,3736.9
150,651.6,3736.7
150,652.1,3733.5
150,652.6,3728.3
150,653.1,3721.7
150,653.6,3714.6
150,654.1,3708.3
150,654.6,3703.5
150,655.09,3699.2
150,655.59,3695.9
150,656.09,3695.5
150,656.59,3697.8
150,657.09,3700.5
150,657.59,3703.3
150,658.09,3705.8
150,658.59,3708.2
150,659.09,3709.5
150,659.59,3708.9
150,660.09,3708.4
150,660.59,3710
150,661.09,3711.5
150,661.59,3713.2
150,662.08,3714.8
150,662.58,3717.2
150,663.08,3719.5
150,663.58,3720.7
150,664.08,3720.4
150,664.58,3716.8
150,665.08,3712.4
150,665.58,3707.1
150,666.08,3704
150,666.58,3701.7
150,667.08,3700.3
150,667.58,3699.6
150,668.08,3698.6
150,668.57,3696.2
150,669.07,3692.4
150,669.57,3690.3
150,670.07,3688.3
150,670.57,3689.6
150,671.07,3692.1
150,671.57,3695.1
150,672.07,3702.5
150,672.57,3718.6
150,673.07,3757.5
150,673.57,3807.6
150,674.07,3828.6
150,674.57,3825.1
150,675.07,3836.9
150,675.56,3857.9
150,676.06,3855.4
150,676.56,3859
150,677.06,3848.5
150,677.56,3837.2
150,678.06,3824.7
150,678.56,3813.3
150,679.06,3801.3
150,679.56,3792.5
150,680.06,3788.6
150,680.56,3788.1
150,681.06,3789.5
150,681.56,3793.1
150,682.05,3800.3
150,682.55,3812.9
150,683.05,3832.3
150,683.55,3855.6
150,684.05,3877.8
150,684.55,3907.5
150,685.05,3945.3
150,685.55,3994.8
150,686.05,4056.2
150,686.55,4064
150,687.05,4086.9
150,687.55,4139.3
150,688.05,4188.3
150,688.55,4201.5
150,689.04,4213.5
150,689.54,4222.4
150,690.04,4242
150,690.54,4258.3
150,691.04,4265.9
150,691.54,4276.4
150,692.04,4279.7
150,692.54,4252.6
150,693.04,4181.6
150,693.54,4077.1
150,694.04,4058.9
150,694.54,4064.3
150,695.04,4026.4
150,695.54,3996.4
150,696.03,3970.4
150,696.53,3948.2
150,697.03,3928.6
150,697.53,3911.8
150,698.03,3896.6
150,698.53,3882.5
150,699.03,3871.7
150,699.53,3861.8
150,700.03,3854.7
150,700.53,3849.5
150,701.03,3845.6
150,701.53,3844
150,702.03,3841.3
150,702.52,3835.1
150,703.02,3827.7
150,703.52,3820.7
150,704.02,3813.5
150,704.52,3808.9
150,705.02,3804.8
150,705.52,3803
150,706.02,3802.1
150,706.52,3798.8
150,707.02,3792.4
150,707.52,3789.7
150,708.02,3787.7
150,708.52,3784.5
150,709.02,3782.4
150,709.51,3781.1
150,710.01,3780.7
150,710.51,3779.3
150,711.01,3776.7
150,711.51,3775.5
150,712.01,3777.3
150,712.51,3778.7
150,713.01,3776.8
150,713.51,3776.1
150,714.01,3777.7
150,714.51,3780.3
150,715.01,3779.7
150,715.51,3776.1
150,716,3763.1
150,716.5,3744.4
150,717,3715.3
150,717.5,3668.1
150,718,3586.5
150,718.5,3527.5
150,719,3521.4
150,719.5,3540.6
150,720,3564.6
150,720.5,3592.6
150,721,3629.3
150,721.5,3658.7
150,722,3672.6
150,722.5,3680.3
150,722.99,3685.8
150,723.49,3690
150,723.99,3692
150,724.49,3688.6
150,724.99,3682.8
150,725.49,3676.5
150,725.99,3665.9
150,726.49,3653.1
150,726.99,3640.6
150,727.49,3632.5
150,727.99,3628.9
150,728.49,3628.1
150,728.99,3624.4
150,729.48,3626.9
150,729.98,3631
150,730.48,3626.6
150,730.98,3588.4
150,731.48,3576.6
150,731.98,3575.4
150,732.48,3580.4
150,732.98,3593.8
150,733.48,3600.8
150,733.98,3604.2
150,734.48,3610.9
150,734.98,3621.5
150,735.48,3630.9
150,735.98,3642.1
150,736.47,3652.7
150,736.97,3662
150,737.47,3670.6
150,737.97,3677.2
150,738.47,3684.1
150,738.97,3689.3
150,739.47,3694.1
150,739.97,3700.1
150,740.47,3704.2
150,740.97,3707.7
150,741.47,3711.2
150,741.97,3713
150,742.47,3714.1
150,742.96,3715.3
150,743.46,3716.4
150,743.96,3718.1
150,744.46,3719.1
150,744.96,3721.4
150,745.46,3725.3
150,745.96,3734.1
150,746.46,3750.8
150,746.96,3769.7
150,747.46,3788
150,747.96,3804.2
150,748.46,3818.3
150,748.96,3830
150,749.46,3839.1
150,749.95,3845
150,750.45,3846.7
150,750.95,3844.1
150,751.45,3836.3
150,751.95,3824.7
150,752.45,3812.2
150,752.95,3798.2
150,753.45,3784.2
150,753.95,3770.2
150,754.45,3759.3
150,754.95,3752.8
150,755.45,3753.3
150,755.95,3766.1
150,756.44,3782.4
150,756.94,3799.8
150,757.44,3818.5
150,757.94,3835.7
150,758.44,3852.4
150,758.94,3868.8
150,759.44,3884.7
150,759.94,3901
150,760.44,3915
150,760.94,3927.7
150,761.44,3933.6
150,761.94,3945.3
150,762.44,3943.6
150,762.93,3940.5
150,763.43,3945.4
150,763.93,3950.8
150,764.43,3887.6
150,764.93,3809.7
150,765.43,3741.4
150,765.93,3737.4
150,766.43,3723.1
150,766.93,3708.7
150,767.43,3695.5
150,767.93,3683.7
150,768.43,3672.8
150,768.93,3662.1
150,769.43,3649.5
150,769.92,3635.9
150,770.42,3621.2
150,770.92,3604.7
150,771.42,3586.9
150,771.92,3567.7
150,772.42,3552.1
150,772.92,3534
150,773.42,3513.1
150,773.92,3489.2
150,774.42,3464.2
150,774.92,3440.1
150,775.42,3414.9
150,775.92,3390.3
150,776.41,3369.8
150,776.91,3352.4
150,777.41,3344
150,777.91,3342.6
150,778.41,3343.7
150,778.91,3349.7
150,779.41,3360.7
150,779.91,3373.2
150,780.41,3378.9
150,780.91,3377
150,781.41,3372.9
150,781.91,3370.5
150,782.41,3370.7
150,782.9,3374.7
150,783.4,3382.3
150,783.9,3390.4
150,784.4,3396.9
150,784.9,3402.5
150,785.4,3405.9
150,785.9,3407.2
150,786.4,3404.7
150,786.9,3399.9
150,787.4,3388.8
150,787.9,3368.3
150,788.4,3344.7
150,788.9,3318
150,789.39,3289.2
150,789.89,3255.7
150,790.39,3216.7
150,790.89,3175.4
150,791.39,3138
150,791.89,3113.6
150,792.39,3093.8
150,792.89,3079.4
150,793.39,3069.6
150,793.89,3068.5
150,794.39,3080.6
150,794.89,3098.4
150,795.39,3120.4
150,795.89,3146.9
150,796.38,3175.9
150,796.88,3206.7
150,797.38,3238.2
150,797.88,3264.8
150,798.38,3281.6
150,798.88,3291.7
150,799.38,3297.5
150,799.88,3304.2
150,800.38,3318.7
150,800.88,3346.2
150,801.38,3381.5
150,801.88,3415
150,802.38,3415.7
150,802.87,3407.7
150,803.37,3401.1
150,803.87,3402.4
150,804.37,3414.9
150,804.87,3428.7
150,805.37,3417.7
150,805.87,3400.6
150,806.37,3438.5
150,806.87,3476.6
150,807.37,3507.5
150,807.87,3533.1
150,808.37,3551.5
150,808.87,3560.5
150,809.36,3567.4
150,809.86,3579.3
150,810.36,3590.1
150,810.86,3598.7
150,811.36,3609.8
150,811.86,3636.6
150,812.36,3682.3
150,812.86,3745.9
150,813.36,3838
150,813.86,3870.6
150,814.36,3879.7
150,814.86,3883.2
150,815.36,3886.1
150,815.85,3887.3
150,816.35,3882.1
150,816.85,3868.6
150,817.35,3846.5
150,817.85,3840.1
150,818.35,3838.6
150,818.85,3858.9
150,819.35,3862.9
150,819.85,3857.1
150,820.35,3842.3
150,820.85,3828.4
150,821.35,3818
150,821.85,3814.7
150,822.35,3814.9
150,822.84,3817.5
150,823.34,3820.2
150,823.84,3822.9
150,824.34,3826.6
150,824.84,3829.4
150,825.34,3831.2
150,825.84,3832.1
150,826.34,3833
150,826.84,3832.3
150,827.34,3831.6
150,827.84,3830.3
150,828.34,3828.9
150,828.84,3828.6
150,829.33,3826.4
150,829.83,3821.2
150,830.33,3813.1
150,830.83,3804.4
150,831.33,3795
150,831.83,3785
150,832.33,3777.2
150,832.83,3774.3
150,833.33,3776
150,833.83,3781.6
150,834.33,3789.1
150,834.83,3798.1
150,835.33,3807.1
150,835.82,3816.8
150,836.32,3822.5
150,836.82,3825.5
150,837.32,3823.3
150,837.82,3817.7
150,838.32,3810.1
150,838.82,3802.1
150,839.32,3793.1
150,839.82,3783.3
150,840.32,3773.5
150,840.82,3763.9
150,841.32,3756.1
150,841.82,3749
150,842.32,3742.6
150,842.81,3738.1
150,843.31,3734.9
150,843.81,3731.9
150,844.31,3728.8
150,844.81,3724.6
150,845.31,3719.7
150,845.81,3714.7
150,846.31,3709.8
150,846.81,3704.5
150,847.31,3700.2
150,847.81,3696.9
150,848.31,3694.9
150,848.81,3693
150,849.3,3690.7
150,849.8,3688.5
150,850.3,3687.9
150,850.8,3688.9
150,851.3,3689.9
150,851.8,3692
150,852.3,3693.6
150,852.8,3694.9
150,853.3,3695.7
150,853.8,3695.5
150,854.3,3694.3
150,854.8,3692.8
150,855.3,3690.6
150,855.79,3688.1
150,856.29,3685.6
150,856.79,3683
150,857.29,3680.5
150,857.79,3678.5
150,858.29,3678.2
150,858.79,3679.5
150,859.29,3682.2
150,859.79,3687.9
150,860.29,3695.3
150,860.79,3702.3
150,861.29,3709.4
150,861.79,3716
150,862.28,3723
150,862.78,3730.9
150,863.28,3736.7
150,863.78,3739.1
150,864.28,3737.3
150,864.78,3733
150,865.28,3727.2
150,865.78,3720.7
150,866.28,3713.7
150,866.78,3707.4
150,867.28,3702.8
150,867.78,3700.6
150,868.28,3702.3
150,868.78,3707.6
150,869.27,3716.8
150,869.77,3729.7
150,870.27,3746.6
150,870.77,3767.4
150,871.27,3789.6
150,871.77,3810.1
150,872.27,3827
150,872.77,3839.7
150,873.27,3848
150,873.77,3853
150,874.27,3852.6
150,874.77,3848.1
150,875.27,3840.8
150,875.76,3831.6
150,876.26,3821.2
150,876.76,3811.5
150,877.26,3803.1
150,877.76,3796.2
150,878.26,3791.7
150,878.76,3788.2
150,879.26,3785.8
150,879.76,3785.8
150,880.26,3791.4
150,880.76,3805.7
150,881.26,3823.5
150,881.76,3842.2
150,882.25,3860.1
150,882.75,3873.8
150,883.25,3883.9
150,883.75,3889.8
150,884.25,3890.2
150,884.75,3880.9
150,885.25,3867.6
150,885.75,3857.6
150,886.25,3857.7
150,886.75,3865
160,0,46
160,0.5,47.2
160,1,47.6
160,1.5,48.1
160,2,49
160,2.5,48.9
160,3,48.1
160,3.5,46.5
160,4,46.6
160,4.5,46.5
160,5,46.9
160,5.5,47.7
160,6,47.8
160,6.5,48.9
160,7,50.6
160,7.5,54.2
160,8,58.4
160,8.5,63.1
160,9,67.8
160,9.5,73.3
160,10,78.2
160,10.5,82.1
160,11,82.3
160,11.5,82
160,12,84.7
160,12.5,88.8
160,13,89.7
160,13.5,91.3
160,14,91.6
160,14.5,90.4
160,15,89.2
160,15.5,88
160,16,88
160,16.5,88.4
160,17,90.7
160,17.5,94.7
160,18,98.3
160,18.5,102.3
160,19,106.2
160,19.5,111.6
160,20,117
160,20.5,122.8
160,21,128.5
160,21.5,134.5
160,22,139.8
160,22.5,144.7
160,23,147.5
160,23.5,148.9
160,24,150.9
160,24.5,153.2
160,25,156.2
160,25.5,158.6
160,26,160
160,26.5,161.1
160,27,164.2
160,27.5,174.1
160,28,186.8
160,28.5,200.7
160,29,215.1
160,29.5,229.1
160,30,243.2
160,30.5,256.9
160,31,268.2
160,31.5,282.1
160,32,300.9
160,32.5,327.4
160,33,350.3
160,33.5,370.3
160,34,377.5
160,34.5,384.6
160,35,393.2
160,35.5,403.5
160,36,414.9
160,36.5,427.3
160,37,440.9
160,37.5,454.6
160,38,468.4
160,38.5,483.9
160,39,502.6
160,39.5,528.6
160,40,557.1
160,40.5,586.8
160,41,618.4
160,41.5,652.8
160,42,689.6
160,42.5,726.1
160,43,761
160,43.5,796.4
160,44,831.2
160,44.5,861.2
160,45,876.5
160,45.5,884.5
160,46,890.1
160,46.5,893.8
160,47,896.1
160,47.5,893.5
160,48,901.9
160,48.5,915.2
160,49,927.7
160,49.5,941.2
160,50,953.9
160,50.5,964.4
160,51,976.5
160,51.5,987.8
160,52,1003.7
160,52.5,1016.8
160,53,1028.9
160,53.5,1041.2
160,54,1056.7
160,54.5,1074.5
160,55,1089.5
160,55.5,1106.5
160,56,1119.7
160,56.5,1126.2
160,57,1135.3
160,57.5,1146.7
160,58,1158
160,58.5,1168.8
160,59,1181.1
160,59.5,1194.7
160,60,1217.4
160,60.5,1233.7
160,61,1245.3
160,61.5,1255.6
160,62,1265.8
160,62.5,1278.2
160,63,1287.6
160,63.5,1304.2
160,64,1331.5
160,64.5,1348.8
160,65,1353.7
160,65.5,1356.2
160,66,1364.2
160,66.5,1373.6
160,67,1383
160,67.5,1394.2
160,68,1406.3
160,68.5,1416.5
160,69,1424.1
160,69.5,1430
160,70,1436.1
160,70.5,1442.9
160,71,1448.5
160,71.5,1455.5
160,72,1468.6
160,72.5,1478.5
160,73,1486.2
160,73.5,1497.1
160,74,1511.6
160,74.5,1531.4
160,75,1549.5
160,75.5,1555.1
160,76,1561.9
160,76.5,1556.9
160,77,1541.2
160,77.5,1538.8
160,78,1557.7
160,78.5,1588.5
160,79,1614
160,79.5,1633.4
160,80,1646.2
160,80.5,1655.7
160,81,1665.3
160,81.5,1674.7
160,82,1684.2
160,82.5,1692.7
160,83,1701.4
160,83.5,1707.5
160,84,1716.1
160,84.5,1722
160,85,1727.7
160,85.5,1735.7
160,86,1742.8
160,86.5,1744.5
160,87,1737.6
160,87.5,1734.7
160,88,1742.8
160,88.5,1758.7
160,89,1760.9
160,89.5,1755.3
160,90,1751.6
160,90.5,1751.2
160,91,1754.3
160,91.5,1756.4
160,92,1754.4
160,92.5,1750.8
160,93,1748.9
160,93.5,1745.3
160,94,1740.3
160,94.5,1733.4
160,95,1724
160,95.5,1714.1
160,96,1698.7
160,96.5,1680.7
160,97,1659.6
160,97.5,1633.7
160,98,1600.8
160,98.5,1553.7
160,99,1484.3
160,99.5,1377.2
160,100,1281.9
160,100.5,1239.8
160,101,1211.2
160,101.5,1202.2
160,102,1193.9
160,102.5,1179.7
160,103,1170.1
160,103.5,1157.7
160,104,1111.9
160,104.5,1076.3
160,105,1061.6
160,105.5,1081.4
160,106,1140.4
160,106.5,1220
160,107,1281.2
160,107.49,1305.6
160,107.99,1330.9
160,108.49,1355.3
160,108.99,1375.1
160,109.49,1400.8
160,109.99,1423.1
160,110.49,1445.8
160,110.99,1466.2
160,111.49,1482.2
160,111.99,1493.9
160,112.49,1495.7
160,112.99,1489.3
160,113.49,1477.4
160,113.99,1489.7
160,114.48,1517.4
160,114.98,1528
160,115.48,1521.3
160,115.98,1501.1
160,116.48,1475.7
160,116.98,1459.3
160,117.48,1441.6
160,117.98,1406.6
160,118.48,1359.1
160,118.98,1310.4
160,119.48,1276.9
160,119.98,1261.8
160,120.48,1254.1
160,120.98,1250
160,121.48,1242
160,121.97,1228.8
160,122.47,1222.6
160,122.97,1230.1
160,123.47,1241.6
160,123.97,1245.6
160,124.47,1240.7
160,124.97,1236.1
160,125.47,1237.2
160,125.97,1250.4
160,126.47,1252.4
160,126.97,1218.3
160,127.47,1193.2
160,127.97,1185.4
160,128.47,1177.7
160,128.96,1168.3
160,129.46,1161.6
160,129.96,1157.3
160,130.46,1155.2
160,130.96,1154.7
160,131.46,1155.7
160,131.96,1157.1
160,132.46,1160.4
160,132.96,1166.1
160,133.46,1168.9
160,133.96,1172.7
160,134.46,1174.4
160,134.96,1161.7
160,135.46,1149.7
160,135.95,1135.7
160,136.45,1108.4
160,136.95,1080.1
160,137.45,1055.8
160,137.95,1026.4
160,138.45,980.5
160,138.95,925.3
160,139.45,846.8
160,139.95,756.4
160,140.45,684.6
160,140.95,628.4
160,141.45,606.7
160,141.95,595.6
160,142.45,585.9
160,142.94,576.1
160,143.44,568.3
160,143.94,579.6
160,144.44,609
160,144.94,623
160,145.44,655
160,145.94,728.8
160,146.44,848
160,146.94,978.5
160,147.44,1103.4
160,147.94,1272.7
160,148.44,1484.3
160,148.94,1699.2
160,149.44,1920.4
160,149.93,2132.1
160,150.43,2355.5
160,150.93,2486.7
160,151.43,2518.3
160,151.93,2524.9
160,152.43,2524.4
160,152.93,2519.3
160,153.43,2519.5
160,153.93,2529.7
160,154.43,2558
160,154.93,2622.7
160,155.43,2704.1
160,155.93,2737.9
160,156.43,2722
160,156.92,2706.8
160,157.42,2707.5
160,157.92,2716
160,158.42,2716.1
160,158.92,2723.6
160,159.42,2737.6
160,159.92,2747.7
160,160.42,2777.9
160,160.92,2805.1
160,161.42,2825.3
160,161.92,2815.7
160,162.42,2787.9
160,162.92,2759.9
160,163.42,2735.6
160,163.92,2737.5
160,164.41,2760.6
160,164.91,2774
160,165.41,2787.9
160,165.91,2814.6
160,166.41,2852.9
160,166.91,2867.2
160,167.41,2876.4
160,167.91,2881.8
160,168.41,2886.4
160,168.91,2892.3
160,169.41,2902.4
160,169.91,2913.8
160,170.41,2916
160,170.91,2909.2
160,171.4,2901.3
160,171.9,2895.5
160,172.4,2890.5
160,172.9,2886.4
160,173.4,2881.1
160,173.9,2871.8
160,174.4,2867.9
160,174.9,2870.5
160,175.4,2877
160,175.9,2881.1
160,176.4,2883.2
160,176.9,2873
160,177.4,2887.6
160,177.9,2913.3
160,178.39,2938.7
160,178.89,2951.5
160,179.39,2954.5
160,179.89,2955.7
160,180.39,2957.6
160,180.89,2958.5
160,181.39,2958.8
160,181.89,2959.7
160,182.39,2960.7
160,182.89,2961
160,183.39,2974
160,183.89,3007.9
160,184.39,3027.8
160,184.89,3025.3
160,185.38,3015.3
160,185.88,3000.1
160,186.38,2989.7
160,186.88,2955
160,187.38,2909.8
160,187.88,2869.4
160,188.38,2846.1
160,188.88,2830.8
160,189.38,2821.5
160,189.88,2816.8
160,190.38,2821.4
160,190.88,2853.7
160,191.38,2880.2
160,191.88,2899.6
160,192.37,2908.2
160,192.87,2906.1
160,193.37,2906.7
160,193.87,2913
160,194.37,2915.8
160,194.87,2930
160,195.37,2960.3
160,195.87,2971.2
160,196.37,2986.9
160,196.87,3008.4
160,197.37,3017.3
160,197.87,3019.9
160,198.37,3021.5
160,198.87,3020.5
160,199.36,3018.9
160,199.86,3011.2
160,200.36,3005.8
160,200.86,3004.4
160,201.36,3008.3
160,201.86,3007.2
160,202.36,3010.7
160,202.86,3022.2
160,203.36,3032.1
160,203.86,3039.4
160,204.36,3042
160,204.86,3038
160,205.36,3068.4
160,205.86,3065.6
160,206.36,3060.3
160,206.85,3054.1
160,207.35,3047.3
160,207.85,3046.9
160,208.35,3032.7
160,208.85,3028
160,209.35,2995
160,209.85,2962.4
160,210.35,2930.3
160,210.85,2912.9
160,211.35,2916.9
160,211.85,2915.8
160,212.35,2896.7
160,212.85,2876.3
160,213.35,2875.1
160,213.84,2878.8
160,214.34,2859.9
160,214.84,2873.3
160,215.34,2918.5
160,215.84,2960.8
160,216.34,2985.6
160,216.84,2994.6
160,217.34,3005
160,217.84,3010
160,218.34,3011.2
160,218.84,3001.8
160,219.34,2995.4
160,219.84,2991.8
160,220.34,2988.2
160,220.83,2985.2
160,221.33,2998.5
160,221.83,3013
160,222.33,2993.2
160,222.83,2973.7
160,223.33,2953.7
160,223.83,2939.5
160,224.33,2909.4
160,224.83,2891.3
160,225.33,2886.1
160,225.83,2886.6
160,226.33,2881.9
160,226.83,2890.3
160,227.33,2896
160,227.82,2881
160,228.32,2863.7
160,228.82,2848.6
160,229.32,2848.6
160,229.82,2844.9
160,230.32,2836.3
160,230.82,2834.1
160,231.32,2836.3
160,231.82,2840.1
160,232.32,2834.3
160,232.82,2826.8
160,233.32,2817.3
160,233.82,2810.3
160,234.32,2796.5
160,234.81,2785
160,235.31,2771.4
160,235.81,2762.5
160,236.31,2749.3
160,236.81,2711.1
160,237.31,2674.6
160,237.81,2652.8
160,238.31,2648.1
160,238.81,2643.7
160,239.31,2643
160,239.81,2655.6
160,240.31,2680
160,240.81,2692.4
160,241.31,2695.4
160,241.8,2703.6
160,242.3,2711.7
160,242.8,2712.6
160,243.3,2713.5
160,243.8,2714.3
160,244.3,2706.2
160,244.8,2696.9
160,245.3,2698.8
160,245.8,2720.4
160,246.3,2755.6
160,246.8,2806.4
160,247.3,2877.8
160,247.8,2962.3
160,248.3,3032.2
160,248.79,3083.4
160,248.8,3083.4
160,249.29,3108.6
160,249.79,3104.8
160,250.29,3098
160,250.79,3100.8
160,251.29,3124.1
160,251.79,3133.6
160,252.29,3143.1
160,252.79,3133.1
160,253.29,3129
160,253.79,3129
160,254.29,3132.6
160,254.79,3144.1
160,255.29,3146.9
160,255.78,3107.1
160,256.28,3086.7
160,256.78,3093
160,257.28,3091.6
160,257.78,3074.9
160,258.28,3060.3
160,258.78,3054.3
160,259.28,3036.7
160,259.78,3055.9
160,260.28,3045.3
160,260.78,2983.6
160,261.28,2889.6
160,261.78,2806.8
160,262.28,2788.8
160,262.77,2788.8
160,263.27,2792
160,263.77,2794.1
160,264.27,2817.8
160,264.77,2831.7
160,265.27,2844.3
160,265.77,2869.1
160,266.27,2892.8
160,266.77,2908.3
160,267.27,2911.4
160,267.77,2906.2
160,268.27,2902.3
160,268.77,2900.9
160,269.27,2901.8
160,269.76,2894.3
160,270.26,2860.7
160,270.76,2858
160,271.26,2891.8
160,271.76,2929.6
160,272.26,2967.7
160,272.76,3022.2
160,273.26,3069.6
160,273.76,3092.2
160,274.26,3096.8
160,274.76,3091.1
160,275.26,3042.4
160,275.76,3002.4
160,276.25,2959.7
160,276.75,2909.6
160,277.25,2856
160,277.75,2833.1
160,278.25,2822.4
160,278.75,2809.1
160,279.25,2805.6
160,279.75,2789.6
160,280.25,2801.7
160,280.75,2806.5
160,281.25,2810.2
160,281.75,2815.4
160,282.25,2824.6
160,282.75,2844.1
160,283.24,2865.6
160,283.74,2882.7
160,284.24,2904.2
160,284.74,2915.4
160,285.24,2909.8
160,285.74,2897.7
160,286.24,2879.1
160,286.74,2855.8
160,287.24,2828.7
160,287.74,2809.7
160,288.24,2745.8
160,288.74,2684.5
160,289.24,2650.4
160,289.74,2628.4
160,290.23,2618.6
160,290.73,2610.4
160,291.23,2615.9
160,291.73,2615.3
160,292.23,2616.4
160,292.73,2617.6
160,293.23,2616.4
160,293.73,2619.7
160,294.23,2626.2
160,294.73,2636.8
160,295.23,2648.9
160,295.73,2660.8
160,296.23,2672
160,296.72,2683.9
160,297.22,2697
160,297.72,2710
160,298.22,2724.3
160,298.72,2743.9
160,299.22,2779.3
160,299.72,2833.5
160,300.22,2887.5
160,300.72,2928.4
160,301.22,2926.6
160,301.72,2907.8
160,302.22,2882.5
160,302.72,2854.2
160,303.22,2844.6
160,303.71,2823.9
160,304.21,2797.4
160,304.71,2769
160,305.21,2735.2
160,305.71,2655
160,306.21,2546.6
160,306.71,2463.6
160,307.21,2395.5
160,307.71,2394.4
160,308.21,2493.9
160,308.71,2445.1
160,309.21,2398.2
160,309.71,2220.8
160,310.21,2106.8
160,310.7,2073.6
160,311.2,2038.7
160,311.7,2004.6
160,312.2,2046.2
160,312.7,2210.2
160,313.2,2403
160,313.7,2515.4
160,314.2,2585.9
160,314.7,2645.1
160,315.2,2683.3
160,315.7,2690.8
160,316.2,2739
160,316.7,2801.5
160,317.2,2865.2
160,317.69,2923.8
160,318.19,2951.4
160,318.69,2967.7
160,319.19,3025.6
160,319.69,3071
160,320.19,3028.9
160,320.69,3022.8
160,321.19,2999.9
160,321.69,2962.7
160,322.19,2945.8
160,322.69,2950.1
160,323.19,2977.1
160,323.69,2999.6
160,324.18,3003.1
160,324.68,3001.6
160,325.18,2993.6
160,325.68,2973.6
160,326.18,2940.5
160,326.68,2900.9
160,327.18,2886.7
160,327.68,2886.1
160,328.18,2893.8
160,328.68,2904.8
160,329.18,2911.1
160,329.68,2913.9
160,330.18,2918.1
160,330.68,2934.7
160,331.17,2945.7
160,331.67,2954.8
160,332.17,2976.7
160,332.67,2999.8
160,333.17,3024.5
160,333.67,3044.5
160,334.17,3056.7
160,334.67,3062.2
160,335.17,3059
160,335.67,3053.1
160,336.17,3038.8
160,336.67,3022.7
160,337.17,3003.8
160,337.67,2995.9
160,338.16,2992.3
160,338.66,2984.9
160,339.16,2971.8
160,339.66,2956.7
160,340.16,2939.8
160,340.66,2923.1
160,341.16,2910.1
160,341.66,2903
160,342.16,2902.9
160,342.66,2911.9
160,343.16,2927.6
160,343.66,2948.5
160,344.16,2971.3
160,344.65,2998.2
160,345.15,2996.1
160,345.65,3004.1
160,346.15,3004.3
160,346.65,2997.7
160,347.15,2990.2
160,347.65,2982.8
160,348.15,2979.2
160,348.65,2970.6
160,349.15,2956.1
160,349.65,2937.3
160,350.15,2919.7
160,350.65,2916.2
160,351.15,2931.3
160,351.64,2957
160,352.14,2982.5
160,352.64,3000
160,353.14,3008.6
160,353.64,3018
160,354.14,3031.7
160,354.64,3042
160,355.14,3048.7
160,355.64,3056.5
160,356.14,3067.2
160,356.64,3080.8
160,357.14,3090.5
160,357.64,3090
160,358.14,3086.7
160,358.63,3084.4
160,359.13,3085.5
160,359.63,3089.2
160,360.13,3093.8
160,360.63,3091.4
160,361.13,3081.1
160,361.63,3071.3
160,362.13,3060.4
160,362.63,3051.7
160,363.13,3042.8
160,363.63,3032.9
160,364.13,3023.9
160,364.63,3015.6
160,365.12,3008.5
160,365.62,3002.5
160,366.12,2998.6
160,366.62,2999.8
160,367.12,3008.7
160,367.62,3019.8
160,368.12,3028.6
160,368.62,3038.2
160,369.12,3054
160,369.62,3069.3
160,370.12,3080.2
160,370.62,3091.2
160,371.12,3099.8
160,371.62,3073.5
160,372.11,3047.1
160,372.61,3057.7
160,373.11,3068.4
160,373.61,3062.2
160,374.11,3072.6
160,374.61,3094.8
160,375.11,3101.6
160,375.61,3108.7
160,376.11,3111.9
160,376.61,3133.3
160,377.11,3154.1
160,377.61,3178.2
160,378.11,3181.3
160,378.61,3177.5
160,379.1,3187.4
160,379.6,3185.6
160,380.1,3184.7
160,380.6,3182.8
160,381.1,3171.6
160,381.6,3156.5
160,382.1,3140.4
160,382.6,3129.6
160,383.1,3129.2
160,383.6,3145.4
160,384.1,3154.1
160,384.6,3142
160,385.1,3117
160,385.6,3100.7
160,386.09,3126.8
160,386.59,3128.4
160,387.09,3105.6
160,387.59,3107.1
160,388.09,3109.2
160,388.59,3111.9
160,389.09,3116
160,389.59,3120.5
160,390.09,3125
160,390.59,3129
160,391.09,3131.6
160,391.59,3132.5
160,392.09,3133
160,392.58,3134.2
160,393.08,3135.5
160,393.58,3133.3
160,394.08,3126
160,394.58,3113.5
160,395.08,3094.8
160,395.58,3079.6
160,396.08,3076
160,396.58,3092.9
160,397.08,3128.6
160,397.58,3143.2
160,398.08,3135.7
160,398.58,3126.6
160,399.08,3119.6
160,399.57,3112.4
160,400.07,3104.6
160,400.57,3085.1
160,401.07,3102.6
160,401.57,3121.3
160,402.07,3126.5
160,402.57,3146.6
160,403.07,3173.6
160,403.57,3186.3
160,404.07,3198.7
160,404.57,3202.7
160,405.07,3188.6
160,405.57,3178.6
160,406.06,3180.7
160,406.56,3192
160,407.06,3209.1
160,407.56,3208.4
160,408.06,3192.5
160,408.56,3181
160,409.06,3180.5
160,409.56,3185
160,410.06,3186.2
160,410.56,3196.8
160,411.06,3202.6
160,411.56,3198.9
160,412.06,3193.6
160,412.56,3195.6
160,413.05,3202.9
160,413.55,3213.2
160,414.05,3220.8
160,414.55,3224.7
160,415.05,3222.9
160,415.55,3218.2
160,416.05,3211.2
160,416.55,3204.6
160,417.05,3200.1
160,417.55,3201
160,418.05,3213.2
160,418.55,3220.1
160,419.05,3229.8
160,419.54,3230.7
160,420.04,3230.3
160,420.54,3228.5
160,421.04,3225.1
160,421.54,3229.4
160,422.04,3238.1
160,422.54,3236.6
160,423.04,3228.6
160,423.54,3215.2
160,424.04,3207.4
160,424.54,3200.3
160,425.04,3206.7
160,425.54,3231.8
160,426.03,3241.1
160,426.53,3229.1
160,427.03,3219.8
160,427.53,3223.8
160,428.03,3226
160,428.53,3221.3
160,429.03,3208.9
160,429.53,3198
160,430.03,3188.6
160,430.53,3183.2
160,431.03,3179.1
160,431.53,3179.1
160,432.03,3178.8
160,432.53,3174
160,433.02,3184.6
160,433.52,3194.2
160,434.02,3191.9
160,434.52,3186.6
160,435.02,3183.5
160,435.52,3177.3
160,436.02,3177.1
160,436.52,3187.4
160,437.02,3197.2
160,437.52,3218.8
160,438.02,3223.9
160,438.52,3220.1
160,439.02,3216.2
160,439.51,3211.8
160,440.01,3211.6
160,440.51,3213.2
160,441.01,3218.7
160,441.51,3223.3
160,442.01,3222.6
160,442.51,3213.6
160,443.01,3208.5
160,443.51,3204.1
160,444.01,3202.9
160,444.51,3205.4
160,445.01,3209.6
160,445.51,3213.8
160,446.01,3217.5
160,446.5,3219.5
160,447,3217.1
160,447.5,3212.1
160,448,3205.6
160,448.5,3200.8
160,449,3200.6
160,449.5,3201.3
160,450,3203.1
160,450.5,3204.8
160,451,3205.1
160,451.5,3200.5
160,452,3201.8
160,452.5,3202
160,452.99,3203.6
160,453.49,3204.9
160,453.99,3208.3
160,454.49,3210.2
160,454.99,3201.3
160,455.49,3209.6
160,455.99,3216.3
160,456.49,3221.8
160,456.99,3224.7
160,457.49,3225.7
160,457.99,3224.2
160,458.49,3221
160,458.99,3217.2
160,459.48,3212.7
160,459.98,3207.5
160,460.48,3201.8
160,460.98,3195.9
160,461.48,3189.7
160,461.98,3182.9
160,462.48,3176.2
160,462.98,3170.5
160,463.48,3164.1
160,463.98,3157.5
160,464.48,3151
160,464.98,3146.7
160,465.48,3144.7
160,465.98,3145.1
160,466.47,3151.5
160,466.97,3158.4
160,467.47,3175.9
160,467.97,3188.5
160,468.47,3193.4
160,468.97,3196.6
160,469.47,3200.8
160,469.97,3206.6
160,470.47,3201.4
160,470.97,3195.9
160,471.47,3190.1
160,471.97,3184.5
160,472.47,3179.1
160,472.96,3173.3
160,473.46,3167.4
160,473.96,3162.6
160,474.46,3155.8
160,474.96,3138.2
160,475.46,3143.8
160,475.96,3165.3
160,476.46,3181
160,476.96,3188.5
160,477.46,3185.8
160,477.96,3189.5
160,478.46,3199.1
160,478.96,3204.9
160,479.46,3186.9
160,479.95,3167
160,480.45,3156.2
160,480.95,3145.6
160,481.45,3135
160,481.95,3131.7
160,482.45,3141.5
160,482.95,3140.7
160,483.45,3142.5
160,483.95,3146.2
160,484.45,3147.7
160,484.95,3149.2
160,485.45,3151
160,485.95,3152.3
160,486.44,3154.3
160,486.94,3155.7
160,487.44,3157.5
160,487.94,3147.5
160,488.44,3161
160,488.94,3158.8
160,489.44,3147.6
160,489.94,3141.7
160,490.44,3145.1
160,490.94,3152
160,491.44,3161.3
160,491.94,3172.3
160,492.44,3188.6
160,492.93,3199.5
160,493.43,3197.3
160,493.93,3183.8
160,494.43,3161
160,494.93,3138.5
160,495.43,3123
160,495.93,3116.8
160,496.43,3107.8
160,496.93,3097.7
160,497.43,3088.2
160,497.93,3079.5
160,498.43,3069.3
160,498.93,3059.8
160,499.43,3048.9
160,499.92,3039.8
160,500.42,3037.1
160,500.92,3040
160,501.42,3044.9
160,501.92,3051.3
160,502.42,3058.9
160,502.92,3069.5
160,503.42,3081.4
160,503.92,3095.5
160,504.42,3108.5
160,504.92,3122.1
160,505.42,3135.9
160,505.92,3149.5
160,506.41,3162
160,506.91,3173.3
160,507.41,3184.7
160,507.91,3197.8
160,508.41,3211.4
160,508.91,3226.2
160,509.41,3241.8
160,509.91,3258.2
160,510.41,3273.9
160,510.91,3288.5
160,511.41,3303.2
160,511.91,3318.3
160,512.41,3332.9
160,512.91,3346.2
160,513.4,3356.7
160,513.9,3363.9
160,514.4,3367
160,514.9,3366.8
160,515.4,3364.6
160,515.9,3364
160,516.4,3363.6
160,516.9,3362.9
160,517.4,3362.9
160,517.9,3364.9
160,518.4,3367
160,518.9,3370.3
160,519.4,3373.9
160,519.89,3377.3
160,520.39,3380.1
160,520.89,3376.7
160,521.39,3369.8
160,521.89,3362.1
160,522.39,3358.7
160,522.89,3357.5
160,523.39,3361.2
160,523.89,3363.9
160,524.39,3365.7
160,524.89,3369.6
160,525.39,3372.4
160,525.89,3373.4
160,526.38,3373.4
160,526.88,3372.6
160,527.38,3370.1
160,527.88,3367.2
160,528.38,3363
160,528.88,3358.4
160,529.38,3352.5
160,529.88,3346.4
160,530.38,3342.1
160,530.88,3340.6
160,531.38,3340.2
160,531.88,3343.5
160,532.38,3351.3
160,532.88,3365.2
160,533.37,3390.4
160,533.87,3424
160,534.37,3452.2
160,534.87,3459
160,535.37,3462.8
160,535.87,3465.1
160,536.37,3464
160,536.87,3459.2
160,537.37,3454.7
160,537.87,3449.5
160,538.37,3443.9
160,538.87,3438.3
160,539.37,3433.9
160,539.86,3430.6
160,540.36,3429.8
160,540.86,3430.2
160,541.36,3430.7
160,541.86,3431.2
160,542.36,3428.9
160,542.86,3423.7
160,543.36,3428.2
160,543.86,3432.2
160,544.36,3437
160,544.86,3443.4
160,545.36,3442.1
160,545.86,3441.6
160,546.35,3443
160,546.85,3429.9
160,547.35,3404.7
160,547.85,3375.3
160,548.35,3349
160,548.85,3320.6
160,549.35,3280.8
160,549.85,3235.9
160,550.35,3187.7
160,550.85,3145.3
160,551.35,3107.6
160,551.85,3087.6
160,552.35,3076.5
160,552.84,3072.7
160,553.34,3080
160,553.84,3098.4
160,554.34,3122.5
160,554.84,3179.7
160,555.34,3209.6
160,555.84,3198.5
160,556.34,3159.8
160,556.84,3088.4
160,557.34,2999.2
160,557.84,2886.5
160,558.34,2778.8
160,558.84,2679.5
160,559.33,2605.9
160,559.83,2607.5
160,560.33,2637.4
160,560.83,2677.1
160,561.33,2726.5
160,561.83,2793.8
160,562.33,2869.3
160,562.83,2952.7
160,563.33,3044.9
160,563.83,3112.5
160,564.33,3142.4
160,564.83,3191.1
160,565.33,3233
160,565.83,3269.2
160,566.32,3297.1
160,566.82,3317.5
160,567.32,3335.4
160,567.82,3350.3
160,568.32,3362.9
160,568.82,3372.3
160,569.32,3378
160,569.82,3381.9
160,570.32,3384.2
160,570.82,3383.7
160,571.32,3381.5
160,571.82,3378.7
160,572.32,3373.8
160,572.81,3368.7
160,573.31,3363
160,573.81,3359
160,574.31,3355.5
160,574.81,3354.5
160,575.31,3353.4
160,575.81,3356.8
160,576.31,3358.2
160,576.81,3362
160,577.31,3355.8
160,577.81,3354.3
160,578.31,3345
160,578.81,3339.1
160,579.3,3334.3
160,579.8,3333.2
160,580.3,3339
160,580.8,3344.3
160,581.3,3347.7
160,581.8,3356.4
160,582.3,3365.7
160,582.8,3361
160,583.3,3357.8
160,583.8,3354.6
160,584.3,3348.9
160,584.8,3338.9
160,585.3,3324.4
160,585.79,3311.7
160,586.29,3301.4
160,586.79,3296.9
160,587.29,3293.5
160,587.79,3291.2
160,588.29,3289.3
160,588.79,3288.2
160,589.29,3287.5
160,589.79,3285.8
160,590.29,3285
160,590.79,3284
160,591.29,3280.6
160,591.79,3272.9
160,592.28,3254.1
160,592.78,3259.9
160,593.28,3275.3
160,593.78,3289.8
160,594.28,3292.4
160,594.78,3283.7
160,595.28,3273.9
160,595.78,3275.2
160,596.28,3281
160,596.78,3316.2
160,597.28,3346.9
160,597.78,3396.5
160,598.28,3425.7
160,598.77,3451.9
160,599.27,3425
160,599.77,3415
160,600.27,3428.9
160,600.77,3422.6
160,601.27,3435.5
160,601.77,3462.5
160,602.27,3476.1
160,602.77,3482.4
160,603.27,3487.6
160,603.77,3474.5
160,604.27,3464.8
160,604.77,3456.4
160,605.26,3449
160,605.76,3440.3
160,606.26,3455
160,606.76,3469.4
160,607.26,3470.7
160,607.76,3474.7
160,608.26,3484.3
160,608.76,3492.6
160,609.26,3499
160,609.76,3503.4
160,610.26,3510
160,610.76,3511.4
160,611.26,3507.2
160,611.75,3503.2
160,612.25,3500.9
160,612.75,3499.9
160,613.25,3499.5
160,613.75,3499.1
160,614.25,3499.5
160,614.75,3498.3
160,615.25,3495.8
160,615.75,3493.7
160,616.25,3493
160,616.75,3492.5
160,617.25,3493.6
160,617.75,3495.9
160,618.24,3500.5
160,618.74,3503.5
160,619.24,3504
160,619.74,3502.4
160,620.24,3500.5
160,620.74,3501.5
160,621.24,3502.2
160,621.74,3502.6
160,622.24,3504.2
160,622.74,3506.8
160,623.24,3509.1
160,623.74,3512.9
160,624.24,3521.5
160,624.73,3528.4
160,625.23,3526.3
160,625.73,3527.3
160,626.23,3520.6
160,626.73,3486.7
160,627.23,3479.1
160,627.73,3496.6
160,628.23,3517.6
160,628.73,3513.3
160,629.23,3483.4
160,629.73,3461.8
160,630.23,3453.6
160,630.73,3432.9
160,631.22,3412.1
160,631.72,3429.1
160,632.22,3444.8
160,632.72,3435.2
160,633.22,3405.2
160,633.72,3371.8
160,634.22,3363
160,634.72,3392.5
160,635.22,3405.6
160,635.72,3389.4
160,636.22,3330.8
160,636.72,3205.3
160,637.22,3033.8
160,637.71,2914.6
160,638.21,2838.9
160,638.71,2682.5
160,639.21,2433.2
160,639.71,2311.7
160,640.21,2268.3
160,640.71,2225.4
160,641.21,2202.6
160,641.71,2191.3
160,642.21,2177.3
160,642.71,2173.8
160,643.21,2195
160,643.71,2236.4
160,644.2,2292.4
160,644.7,2366.8
160,645.2,2459.1
160,645.7,2562.2
160,646.2,2660.7
160,646.7,2780.4
160,647.2,2910.4
160,647.7,3041.4
160,648.2,3166.9
160,648.7,3274.1
160,649.2,3356.7
160,649.7,3418.9
160,650.2,3465.6
160,650.69,3494.7
160,651.19,3505.7
160,651.69,3513.3
160,652.19,3517.9
160,652.69,3520.9
160,653.19,3517.5
160,653.69,3509.4
160,654.19,3500.1
160,654.69,3493
160,655.19,3490.1
160,655.69,3488.7
160,656.19,3489.3
160,656.69,3489.7
160,657.18,3490.5
160,657.68,3490.8
160,658.18,3490.7
160,658.68,3488.5
160,659.18,3485.2
160,659.68,3477.9
160,660.18,3467.9
160,660.68,3455
160,661.18,3439.8
160,661.68,3424.7
160,662.18,3407.3
160,662.68,3390.6
160,663.18,3369.4
160,663.67,3347.2
160,664.17,3323.5
160,664.67,3300.3
160,665.17,3280.1
160,665.67,3262.4
160,666.17,3246.3
160,666.67,3234.2
160,667.17,3228.8
160,667.67,3258.6
160,668.17,3288.7
160,668.67,3309.8
160,669.17,3307.7
160,669.67,3292.6
160,670.16,3277.3
160,670.66,3261.2
160,671.16,3243.5
160,671.66,3228.2
160,672.16,3214.5
160,672.66,3205.3
160,673.16,3200.9
160,673.66,3199.9
160,674.16,3198.8
160,674.66,3197.9
160,675.16,3198.4
160,675.66,3200.1
160,676.16,3204.8
160,676.65,3214.2
160,677.15,3224.2
160,677.65,3240.8
160,678.15,3263
160,678.65,3238.4
160,679.15,3207.2
160,679.65,3172.3
160,680.15,3164.8
160,680.65,3197.5
160,681.15,3195.3
160,681.65,3200.2
160,682.15,3211.5
160,682.65,3225.2
160,683.14,3241.1
160,683.64,3261.7
160,684.14,3283.2
160,684.64,3301.6
160,685.14,3313.6
160,685.64,3320.9
160,686.14,3324.2
160,686.64,3322.5
160,687.14,3313.4
160,687.64,3299.7
160,688.14,3284.1
160,688.64,3266.8
160,689.14,3249
160,689.63,3232.7
160,690.13,3219.4
160,690.63,3205.2
160,691.13,3188.2
160,691.63,3173.6
160,692.13,3163.1
160,692.63,3159.3
160,693.13,3165.2
160,693.63,3186.6
160,694.13,3219
160,694.63,3257
160,695.13,3292.1
160,695.63,3325.4
160,696.12,3329.1
160,696.62,3333.7
160,697.12,3363.8
160,697.62,3385.8
160,698.12,3391.7
160,698.62,3395.3
160,699.12,3397.2
160,699.62,3397.8
160,700.12,3395.7
160,700.62,3395.1
160,701.12,3396.7
160,701.62,3397.6
160,702.12,3397.8
160,702.61,3397.7
160,703.11,3400.4
160,703.61,3424.7
160,704.11,3426.6
160,704.61,3414.4
160,705.11,3409
160,705.61,3409.1
160,706.11,3409.2
160,706.61,3408.8
160,707.11,3413.7
160,707.61,3423.2
160,708.11,3429.5
160,708.61,3429.2
160,709.1,3427.4
160,709.6,3427.9
160,710.1,3430
160,710.6,3429.1
160,711.1,3428.2
160,711.6,3430
160,712.1,3429
160,712.6,3422.8
160,713.1,3419.9
160,713.6,3420.8
160,714.1,3422
160,714.6,3425.8
160,715.09,3430.2
160,715.59,3434.4
160,716.09,3436.3
160,716.59,3436.2
160,717.09,3434.2
160,717.59,3425.7
160,718.09,3412.2
160,718.59,3405.9
160,719.09,3398.9
160,719.59,3394.6
160,720.09,3391.8
160,720.59,3388.9
160,721.09,3391.7
160,721.58,3398.1
160,722.08,3401.8
160,722.58,3397.4
160,723.08,3392.5
160,723.58,3378.1
160,724.08,3371.7
160,724.58,3373.8
160,725.08,3373.2
160,725.58,3367.8
160,726.08,3371.2
160,726.58,3385.1
160,727.08,3403.5
160,727.58,3421.2
160,728.07,3427
160,728.57,3423.2
160,729.07,3426.4
160,729.57,3425
160,730.07,3425.3
160,730.57,3437.4
160,731.07,3453.7
160,731.57,3462.6
160,732.07,3459.6
160,732.57,3459.4
160,733.07,3471.8
160,733.57,3484.5
160,734.06,3490.9
160,734.56,3497.2
160,735.06,3508
160,735.56,3516.2
160,736.06,3522.4
160,736.56,3525.7
160,737.06,3525.1
160,737.56,3506.4
160,738.06,3447
160,738.56,3349.8
160,739.06,3306.9
160,739.56,3292.4
160,740.06,3226.8
160,740.55,3161.4
160,741.05,3089.8
160,741.55,3076.3
160,742.05,3112.9
160,742.55,3046.8
160,743.05,2950.1
160,743.55,2949.9
160,744.05,3033.5
160,744.55,3025
160,745.05,2944.4
160,745.55,2887.6
160,746.05,2965.3
160,746.55,3088.3
160,747.04,3132.8
160,747.54,3179.7
160,748.04,3258.3
160,748.54,3326.6
160,749.04,3384.1
160,749.54,3420.8
160,750.04,3436
160,750.54,3449.2
160,751.04,3456.5
160,751.54,3460.8
160,752.04,3458.5
160,752.54,3457.4
160,753.03,3457.1
160,753.53,3455.7
160,754.03,3458.8
160,754.53,3474.4
160,755.03,3493
160,755.53,3490.9
160,756.03,3487.4
160,756.53,3493.4
160,757.03,3494.9
160,757.53,3496.3
160,758.03,3502.6
160,758.53,3523.9
160,759.03,3541.7
160,759.52,3546.9
160,760.02,3543.2
160,760.52,3536.6
160,761.02,3530.7
160,761.52,3525.6
160,762.02,3520.8
160,762.52,3517.2
160,763.02,3515.5
160,763.52,3512
160,764.02,3511.5
160,764.52,3517.2
160,765.02,3524.1
160,765.52,3534.1
160,766.01,3545.1
160,766.51,3555.8
160,767.01,3565.4
160,767.51,3572.7
160,768.01,3578.8
160,768.51,3584.6
160,769.01,3590.6
160,769.51,3604.8
160,770.01,3603.5
160,770.51,3579
160,771.01,3566.2
160,771.51,3567.1
160,772.01,3566.1
160,772.5,3566
160,773,3568.1
160,773.5,3571.1
160,774,3576.6
160,774.5,3579.5
160,775,3587.1
160,775.5,3594.6
160,776,3599.6
160,776.5,3599.2
160,777,3600.5
160,777.5,3598.6
160,778,3591.1
160,778.49,3593.1
160,778.99,3596.7
160,779.49,3603.3
160,779.99,3608.2
160,780.49,3605.7
160,780.99,3599.6
160,781.49,3592.4
160,781.99,3582.2
160,782.49,3568.6
160,782.99,3547.2
160,783.49,3512.3
160,783.99,3445.6
160,784.49,3263.3
160,784.98,3154.6
160,785.48,3128.4
160,785.98,3130.5
160,786.48,3079.2
160,786.98,2987.1
160,787.48,2900.4
160,787.98,2888.2
160,788.48,2947.2
160,788.98,3007.3
160,789.48,3019.8
160,789.98,2985.3
160,790.48,2932.2
160,790.98,2868.2
160,791.47,2799.5
160,791.97,2725.1
160,792.47,2640.8
160,792.97,2562.9
160,793.47,2508.5
160,793.97,2508.6
160,794.47,2542.4
160,794.97,2589.6
160,795.47,2642.1
160,795.97,2686.8
160,796.47,2703
160,796.97,2709
160,797.46,2730.4
160,797.96,2775.8
160,798.46,2836
160,798.96,2904
160,799.46,2979.8
160,799.96,3061.2
160,800.46,3152.2
160,800.96,3245.3
160,801.46,3335
160,801.96,3414.2
160,802.46,3484.4
160,802.96,3549
160,803.46,3606.6
160,803.95,3657
160,804.45,3689.9
160,804.95,3710.2
160,805.45,3721.8
160,805.95,3730.7
160,806.45,3736.4
160,806.95,3739
160,807.45,3739.2
160,807.95,3736.4
160,808.45,3729.4
160,808.95,3721.4
160,809.45,3713.4
160,809.95,3704
160,810.44,3693.1
160,810.94,3682.1
160,811.44,3672.6
160,811.94,3666.3
160,812.44,3662.5
160,812.94,3638.5
160,813.44,3617.6
160,813.94,3607.7
160,814.44,3604.2
160,814.94,3603.2
160,815.44,3609.4
160,815.94,3617.9
160,816.43,3621.7
160,816.93,3624.4
160,817.43,3628.5
160,817.93,3623.9
160,818.43,3611.1
160,818.93,3593
160,819.43,3576.4
160,819.93,3560.6
160,820.43,3553.9
160,820.93,3572.1
160,821.43,3589.2
160,821.93,3607.4
160,822.43,3642.9
160,822.92,3672.2
160,823.42,3684.3
160,823.92,3673.1
160,824.42,3669.1
160,824.92,3676.4
160,825.42,3672.8
160,825.92,3663.3
160,826.42,3661.4
160,826.92,3619.3
160,827.42,3594.7
160,827.92,3587.6
160,828.42,3583.8
160,828.92,3578
160,829.41,3566.2
160,829.91,3553.1
160,830.41,3555.3
160,830.91,3557.4
160,831.41,3583.6
160,831.91,3620.9
160,832.41,3637.9
160,832.91,3660.8
160,833.41,3698.3
160,833.91,3702.1
160,834.41,3680.4
160,834.91,3683.3
160,835.41,3698.9
160,835.9,3689.4
160,836.4,3700.2
160,836.9,3720
160,837.4,3740.9
160,837.9,3760.9
160,838.4,3779.6
160,838.9,3794.8
160,839.4,3807.2
160,839.9,3816.4
